pair,mask_x,mask_y,before_tile,after_tile,after_rgba,native_biome,historical_tile,last_edit_phase,world_x_min,world_z_min,world_x_max_exclusive,world_z_max_exclusive,zone_id,zone_type,reason,status
T435-T654,1482,1386,T654,GAP,"0,0,0,0",mordorMountains,GAP,v2,86016,83968,86144,84096,t435-t654-contact,mountain,Narrow recorded mountain-contact separation; extent and intent require approval,PROPOSAL_ONLY
T435-T654,1482,1387,T654,GAP,"0,0,0,0",mordorMountains,GAP,final,86016,84096,86144,84224,t435-t654-contact,mountain,Narrow recorded mountain-contact separation; extent and intent require approval,PROPOSAL_ONLY
T400-T420,1898,1319,T420,GAP,"0,0,0,0",mordorMountains,GAP,v2,139264,75392,139392,75520,t400-t420-contact,mountain,Narrow recorded mountain-contact separation; extent and intent require approval,PROPOSAL_ONLY
T400-T420,1899,1319,T420,GAP,"0,0,0,0",mordorMountains,GAP,v2,139392,75392,139520,75520,t400-t420-contact,mountain,Narrow recorded mountain-contact separation; extent and intent require approval,PROPOSAL_ONLY
T400-T420,1900,1319,T420,GAP,"0,0,0,0",mordorMountains,GAP,v2,139520,75392,139648,75520,t400-t420-contact,mountain,Narrow recorded mountain-contact separation; extent and intent require approval,PROPOSAL_ONLY
T400-T420,1901,1319,T420,GAP,"0,0,0,0",mordorMountains,GAP,v2,139648,75392,139776,75520,t400-t420-contact,mountain,Narrow recorded mountain-contact separation; extent and intent require approval,PROPOSAL_ONLY
T400-T420,1902,1319,T420,GAP,"0,0,0,0",mordorMountains,GAP,v2,139776,75392,139904,75520,t400-t420-contact,mountain,Narrow recorded mountain-contact separation; extent and intent require approval,PROPOSAL_ONLY
T400-T420,1903,1319,T420,GAP,"0,0,0,0",mordorMountains,GAP,v2,139904,75392,140032,75520,t400-t420-contact,mountain,Narrow recorded mountain-contact separation; extent and intent require approval,PROPOSAL_ONLY
T400-T420,1904,1319,T420,GAP,"0,0,0,0",mordorMountains,GAP,v2,140032,75392,140160,75520,t400-t420-contact,mountain,Narrow recorded mountain-contact separation; extent and intent require approval,PROPOSAL_ONLY
T400-T420,1896,1320,T420,GAP,"0,0,0,0",mordorMountains,GAP,final,139008,75520,139136,75648,t400-t420-contact,mountain,Narrow recorded mountain-contact separation; extent and intent require approval,PROPOSAL_ONLY
T400-T420,1897,1320,T420,GAP,"0,0,0,0",mordorMountains,GAP,v2,139136,75520,139264,75648,t400-t420-contact,mountain,Narrow recorded mountain-contact separation; extent and intent require approval,PROPOSAL_ONLY
T400-T420,1898,1320,T420,GAP,"0,0,0,0",mordorMountains,GAP,v2,139264,75520,139392,75648,t400-t420-contact,mountain,Narrow recorded mountain-contact separation; extent and intent require approval,PROPOSAL_ONLY
T329-T355,1854,1136,T355,GAP,"0,0,0,0",mordorMountains,GAP,v2,133632,51968,133760,52096,t329-t355-contact,mountain,Narrow recorded mountain-contact separation; extent and intent require approval,PROPOSAL_ONLY
T329-T355,1855,1136,T355,GAP,"0,0,0,0",mordorMountains,GAP,v2,133760,51968,133888,52096,t329-t355-contact,mountain,Narrow recorded mountain-contact separation; extent and intent require approval,PROPOSAL_ONLY
T329-T355,1855,1137,T355,GAP,"0,0,0,0",mordorMountains,GAP,v2,133760,52096,133888,52224,t329-t355-contact,mountain,Narrow recorded mountain-contact separation; extent and intent require approval,PROPOSAL_ONLY
T329-T355,1856,1137,T355,GAP,"0,0,0,0",mordorMountains,GAP,v2,133888,52096,134016,52224,t329-t355-contact,mountain,Narrow recorded mountain-contact separation; extent and intent require approval,PROPOSAL_ONLY
T329-T355,1857,1137,T355,GAP,"0,0,0,0",mordorMountains,GAP,v2,134016,52096,134144,52224,t329-t355-contact,mountain,Narrow recorded mountain-contact separation; extent and intent require approval,PROPOSAL_ONLY
T329-T355,1857,1138,T355,GAP,"0,0,0,0",mordorMountains,GAP,v2,134016,52224,134144,52352,t329-t355-contact,mountain,Narrow recorded mountain-contact separation; extent and intent require approval,PROPOSAL_ONLY
T329-T355,1858,1138,T355,GAP,"0,0,0,0",mordorMountains,GAP,v2,134144,52224,134272,52352,t329-t355-contact,mountain,Narrow recorded mountain-contact separation; extent and intent require approval,PROPOSAL_ONLY
T329-T355,1859,1138,T355,GAP,"0,0,0,0",mordorMountains,GAP,v2,134272,52224,134400,52352,t329-t355-contact,mountain,Narrow recorded mountain-contact separation; extent and intent require approval,PROPOSAL_ONLY
T329-T355,1860,1138,T329,GAP,"0,0,0,0",mordorMountains,GAP,v2,134400,52224,134528,52352,t329-t355-contact,mountain,Narrow recorded mountain-contact separation; extent and intent require approval,PROPOSAL_ONLY
T329-T355,1861,1138,T329,GAP,"0,0,0,0",mordorMountains,GAP,v2,134528,52224,134656,52352,t329-t355-contact,mountain,Narrow recorded mountain-contact separation; extent and intent require approval,PROPOSAL_ONLY
T329-T355,1862,1138,T329,GAP,"0,0,0,0",mordorMountains,GAP,v2,134656,52224,134784,52352,t329-t355-contact,mountain,Narrow recorded mountain-contact separation; extent and intent require approval,PROPOSAL_ONLY
T329-T355,1863,1138,T329,GAP,"0,0,0,0",mordorMountains,GAP,v2,134784,52224,134912,52352,t329-t355-contact,mountain,Narrow recorded mountain-contact separation; extent and intent require approval,PROPOSAL_ONLY
T352-T356,1458,1158,T356,GAP,"0,0,0,0",mordorMountains,GAP,v2,82944,54784,83072,54912,t352-t356-contact,mountain,Narrow recorded mountain-contact separation; extent and intent require approval,PROPOSAL_ONLY
T352-T356,1458,1159,T356,GAP,"0,0,0,0",mordorMountains,GAP,v2,82944,54912,83072,55040,t352-t356-contact,mountain,Narrow recorded mountain-contact separation; extent and intent require approval,PROPOSAL_ONLY
T352-T356,1458,1160,T356,GAP,"0,0,0,0",mordorMountains,GAP,v2,82944,55040,83072,55168,t352-t356-contact,mountain,Narrow recorded mountain-contact separation; extent and intent require approval,PROPOSAL_ONLY
T352-T356,1458,1161,T352,GAP,"0,0,0,0",mordorMountains,GAP,v2,82944,55168,83072,55296,t352-t356-contact,mountain,Narrow recorded mountain-contact separation; extent and intent require approval,PROPOSAL_ONLY
T352-T356,1459,1163,T356,GAP,"0,0,0,0",mordorMountains,GAP,v2,83072,55424,83200,55552,t352-t356-contact,mountain,Narrow recorded mountain-contact separation; extent and intent require approval,PROPOSAL_ONLY
T352-T356,1459,1164,T352,GAP,"0,0,0,0",mordorMountains,GAP,v2,83072,55552,83200,55680,t352-t356-contact,mountain,Narrow recorded mountain-contact separation; extent and intent require approval,PROPOSAL_ONLY
T218-T220,1161,838,T218,GAP,"0,0,0,0",mistyMountains,GAP,final,44928,13824,45056,13952,t218-t220-contact,mountain,Narrow recorded mountain-contact separation; extent and intent require approval,PROPOSAL_ONLY
T218-T220,1160,839,T218,GAP,"0,0,0,0",mistyMountains,GAP,v2,44800,13952,44928,14080,t218-t220-contact,mountain,Narrow recorded mountain-contact separation; extent and intent require approval,PROPOSAL_ONLY
T218-T220,1161,839,T218,GAP,"0,0,0,0",mistyMountains,GAP,final,44928,13952,45056,14080,t218-t220-contact,mountain,Narrow recorded mountain-contact separation; extent and intent require approval,PROPOSAL_ONLY
T218-T220,1159,840,T218,GAP,"0,0,0,0",mistyMountains,GAP,v2,44672,14080,44800,14208,t218-t220-contact,mountain,Narrow recorded mountain-contact separation; extent and intent require approval,PROPOSAL_ONLY
T218-T220,1160,840,T218,GAP,"0,0,0,0",mistyMountains,GAP,v2,44800,14080,44928,14208,t218-t220-contact,mountain,Narrow recorded mountain-contact separation; extent and intent require approval,PROPOSAL_ONLY
T218-T220,1159,841,T218,GAP,"0,0,0,0",mistyMountains,GAP,v2,44672,14208,44800,14336,t218-t220-contact,mountain,Narrow recorded mountain-contact separation; extent and intent require approval,PROPOSAL_ONLY
T218-T220,1158,842,T218,GAP,"0,0,0,0",mistyMountains,GAP,v2,44544,14336,44672,14464,t218-t220-contact,mountain,Narrow recorded mountain-contact separation; extent and intent require approval,PROPOSAL_ONLY
T218-T220,1159,842,T218,GAP,"0,0,0,0",mistyMountains,GAP,v2,44672,14336,44800,14464,t218-t220-contact,mountain,Narrow recorded mountain-contact separation; extent and intent require approval,PROPOSAL_ONLY
T218-T220,1158,843,T218,GAP,"0,0,0,0",mistyMountains,GAP,v2,44544,14464,44672,14592,t218-t220-contact,mountain,Narrow recorded mountain-contact separation; extent and intent require approval,PROPOSAL_ONLY
T218-T220,1158,844,T218,GAP,"0,0,0,0",mistyMountains,GAP,v2,44544,14592,44672,14720,t218-t220-contact,mountain,Narrow recorded mountain-contact separation; extent and intent require approval,PROPOSAL_ONLY
T218-T220,1158,845,T218,GAP,"0,0,0,0",mistyMountains,GAP,v2,44544,14720,44672,14848,t218-t220-contact,mountain,Narrow recorded mountain-contact separation; extent and intent require approval,PROPOSAL_ONLY
T218-T220,1158,846,T218,GAP,"0,0,0,0",mistyMountains,GAP,v2,44544,14848,44672,14976,t218-t220-contact,mountain,Narrow recorded mountain-contact separation; extent and intent require approval,PROPOSAL_ONLY
T218-T220,1158,847,T218,GAP,"0,0,0,0",mistyMountains,GAP,v2,44544,14976,44672,15104,t218-t220-contact,mountain,Narrow recorded mountain-contact separation; extent and intent require approval,PROPOSAL_ONLY
T218-T220,1158,848,T218,GAP,"0,0,0,0",mistyMountains,GAP,final,44544,15104,44672,15232,t218-t220-contact,mountain,Narrow recorded mountain-contact separation; extent and intent require approval,PROPOSAL_ONLY
T218-T220,1158,849,T218,GAP,"0,0,0,0",mistyMountains,GAP,final,44544,15232,44672,15360,t218-t220-contact,mountain,Narrow recorded mountain-contact separation; extent and intent require approval,PROPOSAL_ONLY
