pair,zone_id,zone_type,reason,mask_y,x_start_inclusive,x_end_exclusive,status,required_mask_binding
T435-T654,t435-t654-contact,mountain,Narrow recorded mountain-contact separation; intended extent requires approval,1386,1482,1483,UNAPPROVED,Exact hash of the approved 45-cell edited mask; current active mask cannot load these zones
T435-T654,t435-t654-contact,mountain,Narrow recorded mountain-contact separation; intended extent requires approval,1387,1482,1483,UNAPPROVED,Exact hash of the approved 45-cell edited mask; current active mask cannot load these zones
T400-T420,t400-t420-contact,mountain,Narrow recorded mountain-contact separation; intended extent requires approval,1319,1898,1905,UNAPPROVED,Exact hash of the approved 45-cell edited mask; current active mask cannot load these zones
T400-T420,t400-t420-contact,mountain,Narrow recorded mountain-contact separation; intended extent requires approval,1320,1896,1899,UNAPPROVED,Exact hash of the approved 45-cell edited mask; current active mask cannot load these zones
T329-T355,t329-t355-contact,mountain,Narrow recorded mountain-contact separation; intended extent requires approval,1136,1854,1856,UNAPPROVED,Exact hash of the approved 45-cell edited mask; current active mask cannot load these zones
T329-T355,t329-t355-contact,mountain,Narrow recorded mountain-contact separation; intended extent requires approval,1137,1855,1858,UNAPPROVED,Exact hash of the approved 45-cell edited mask; current active mask cannot load these zones
T329-T355,t329-t355-contact,mountain,Narrow recorded mountain-contact separation; intended extent requires approval,1138,1857,1864,UNAPPROVED,Exact hash of the approved 45-cell edited mask; current active mask cannot load these zones
T352-T356,t352-t356-contact,mountain,Narrow recorded mountain-contact separation; intended extent requires approval,1158,1458,1459,UNAPPROVED,Exact hash of the approved 45-cell edited mask; current active mask cannot load these zones
T352-T356,t352-t356-contact,mountain,Narrow recorded mountain-contact separation; intended extent requires approval,1159,1458,1459,UNAPPROVED,Exact hash of the approved 45-cell edited mask; current active mask cannot load these zones
T352-T356,t352-t356-contact,mountain,Narrow recorded mountain-contact separation; intended extent requires approval,1160,1458,1459,UNAPPROVED,Exact hash of the approved 45-cell edited mask; current active mask cannot load these zones
T352-T356,t352-t356-contact,mountain,Narrow recorded mountain-contact separation; intended extent requires approval,1161,1458,1459,UNAPPROVED,Exact hash of the approved 45-cell edited mask; current active mask cannot load these zones
T352-T356,t352-t356-contact,mountain,Narrow recorded mountain-contact separation; intended extent requires approval,1163,1459,1460,UNAPPROVED,Exact hash of the approved 45-cell edited mask; current active mask cannot load these zones
T352-T356,t352-t356-contact,mountain,Narrow recorded mountain-contact separation; intended extent requires approval,1164,1459,1460,UNAPPROVED,Exact hash of the approved 45-cell edited mask; current active mask cannot load these zones
T218-T220,t218-t220-contact,mountain,Narrow recorded mountain-contact separation; intended extent requires approval,838,1161,1162,UNAPPROVED,Exact hash of the approved 45-cell edited mask; current active mask cannot load these zones
T218-T220,t218-t220-contact,mountain,Narrow recorded mountain-contact separation; intended extent requires approval,839,1160,1162,UNAPPROVED,Exact hash of the approved 45-cell edited mask; current active mask cannot load these zones
T218-T220,t218-t220-contact,mountain,Narrow recorded mountain-contact separation; intended extent requires approval,840,1159,1161,UNAPPROVED,Exact hash of the approved 45-cell edited mask; current active mask cannot load these zones
T218-T220,t218-t220-contact,mountain,Narrow recorded mountain-contact separation; intended extent requires approval,841,1159,1160,UNAPPROVED,Exact hash of the approved 45-cell edited mask; current active mask cannot load these zones
T218-T220,t218-t220-contact,mountain,Narrow recorded mountain-contact separation; intended extent requires approval,842,1158,1160,UNAPPROVED,Exact hash of the approved 45-cell edited mask; current active mask cannot load these zones
T218-T220,t218-t220-contact,mountain,Narrow recorded mountain-contact separation; intended extent requires approval,843,1158,1159,UNAPPROVED,Exact hash of the approved 45-cell edited mask; current active mask cannot load these zones
T218-T220,t218-t220-contact,mountain,Narrow recorded mountain-contact separation; intended extent requires approval,844,1158,1159,UNAPPROVED,Exact hash of the approved 45-cell edited mask; current active mask cannot load these zones
T218-T220,t218-t220-contact,mountain,Narrow recorded mountain-contact separation; intended extent requires approval,845,1158,1159,UNAPPROVED,Exact hash of the approved 45-cell edited mask; current active mask cannot load these zones
T218-T220,t218-t220-contact,mountain,Narrow recorded mountain-contact separation; intended extent requires approval,846,1158,1159,UNAPPROVED,Exact hash of the approved 45-cell edited mask; current active mask cannot load these zones
T218-T220,t218-t220-contact,mountain,Narrow recorded mountain-contact separation; intended extent requires approval,847,1158,1159,UNAPPROVED,Exact hash of the approved 45-cell edited mask; current active mask cannot load these zones
T218-T220,t218-t220-contact,mountain,Narrow recorded mountain-contact separation; intended extent requires approval,848,1158,1159,UNAPPROVED,Exact hash of the approved 45-cell edited mask; current active mask cannot load these zones
T218-T220,t218-t220-contact,mountain,Narrow recorded mountain-contact separation; intended extent requires approval,849,1158,1159,UNAPPROVED,Exact hash of the approved 45-cell edited mask; current active mask cannot load these zones
