681	461	T030	T033
918	475	T034	T037
879	477	T034	T037
880	477	T034	T037
881	477	T034	T037
882	477	T034	T037
883	477	T034	T037
884	477	T034	T037
885	477	T034	T037
886	477	T034	T037
887	477	T034	T037
888	477	T034	T037
889	477	T034	T037
890	477	T034	T037
891	477	T034	T037
892	477	T034	T037
921	477	T034	T037
871	479	T034	T037
872	479	T034	T037
873	479	T034	T037
874	479	T034	T037
933	479	T034	T037
654	480	T033	GAP
652	481	T033	GAP
654	481	T033	GAP
650	482	T033	GAP
651	482	T033	GAP
652	482	T033	GAP
653	482	T033	GAP
654	482	T033	GAP
651	483	T033	GAP
652	483	T033	GAP
653	483	T033	GAP
654	483	T033	GAP
667	483	T035	GAP
943	483	T037	T034
944	483	T037	T034
650	484	T033	GAP
651	484	T033	GAP
652	484	T033	GAP
653	484	T035	GAP
654	484	T035	GAP
948	484	T037	T034
957	484	T034	T040
958	484	T034	T040
641	485	T033	GAP
642	485	T033	GAP
643	485	T033	GAP
651	485	T033	GAP
652	485	T033	GAP
653	485	T035	GAP
654	485	T035	GAP
954	485	T034	T037
955	485	T034	T040
956	485	T034	T040
957	485	T034	T040
958	485	T034	T040
641	486	T033	GAP
642	486	T033	GAP
643	486	T033	GAP
644	486	T033	GAP
650	486	T033	GAP
651	486	T033	GAP
652	486	T035	GAP
653	486	T035	GAP
654	486	T035	GAP
642	487	T033	GAP
643	487	T033	GAP
644	487	T033	GAP
645	487	T033	GAP
650	487	T035	GAP
651	487	T035	GAP
652	487	T035	GAP
653	487	T035	GAP
716	487	T030	T036
956	487	T037	T040
643	488	T035	GAP
644	488	T035	GAP
645	488	T035	GAP
650	488	T035	GAP
651	488	T035	GAP
652	488	T035	GAP
653	488	T035	GAP
654	488	T035	GAP
644	489	T035	GAP
645	489	T035	GAP
650	489	T035	GAP
652	489	T035	GAP
653	489	T035	GAP
592	490	T041	T033
593	490	T041	T033
594	490	T041	T033
595	490	T041	T033
645	490	T035	GAP
650	490	T035	GAP
627	505	T035	GAP
627	506	T035	GAP
637	506	T050	GAP
638	506	T050	GAP
634	507	T050	GAP
635	507	T050	GAP
636	507	T050	GAP
637	507	T050	GAP
638	507	T050	GAP
628	508	T035	GAP
629	508	T035	GAP
633	508	T050	GAP
634	508	T050	GAP
635	508	T050	GAP
636	508	T050	GAP
628	509	T035	GAP
629	509	T035	GAP
630	509	T050	GAP
631	509	T050	GAP
632	509	T050	GAP
633	509	T050	GAP
628	510	T050	GAP
629	510	T050	GAP
630	510	T050	GAP
631	510	T050	GAP
632	510	T050	GAP
628	511	T050	GAP
629	511	T050	GAP
627	512	T050	GAP
628	512	T050	GAP
629	512	T050	GAP
894	512	T046	T037
895	512	T046	T037
896	512	T046	T037
627	513	T050	GAP
628	513	T050	GAP
629	513	T050	GAP
892	513	T037	T046
899	513	T046	T037
589	514	T042	GAP
628	514	T050	GAP
629	514	T050	GAP
887	514	T037	T046
888	514	T037	T046
889	514	T037	T046
890	514	T037	T046
902	514	T046	T037
882	515	T037	T046
883	515	T037	T046
911	515	T037	T046
803	516	T034	T043
878	516	T046	T037
746	517	T034	T043
788	517	T034	T043
789	517	T034	T043
790	517	T034	T043
807	517	T034	T043
808	517	T034	T043
809	517	T034	T043
877	517	T046	T037
593	518	T042	GAP
811	518	T034	T043
874	518	T037	T046
750	519	T034	T043
751	519	T034	T043
752	519	T034	T043
768	519	T034	T043
585	522	T042	GAP
586	522	T042	GAP
585	523	T042	GAP
586	523	T042	GAP
600	536	T042	GAP
599	537	T042	GAP
600	537	T042	GAP
601	537	T042	GAP
598	538	T042	GAP
599	538	T042	GAP
600	538	T042	GAP
2735	538	T105	T044
2736	538	T105	T044
2737	538	T105	T044
2750	538	T105	T044
2751	538	T105	T044
2752	538	T105	T044
2753	538	T105	T044
2754	538	T105	T044
2755	538	T105	T044
2756	538	T105	T044
2757	538	T105	T044
2758	538	T105	T044
597	539	T076	GAP
598	539	T042	GAP
599	539	T042	GAP
792	539	T052	T043
793	539	T052	T043
794	539	T052	T043
795	539	T052	T043
796	539	T052	T043
797	539	T052	T043
2761	539	T105	T044
596	540	T076	GAP
597	540	T076	GAP
598	540	T042	GAP
799	540	T052	T043
800	540	T052	T043
801	540	T052	T043
802	540	T052	T043
803	540	T052	T043
2764	540	T105	T044
819	541	T052	T043
820	541	T052	T043
821	541	T052	T043
822	541	T052	T043
823	541	T052	T043
2729	542	T044	T105
983	544	T051	T040
2728	545	T105	T044
2727	546	T105	T044
598	547	T042	GAP
987	547	T051	T040
988	547	T051	T040
2778	549	T105	T044
992	550	T051	T040
2784	550	T105	T044
602	551	T042	GAP
994	551	T051	T040
2789	553	T044	T105
2795	554	T105	T044
2796	554	T105	T044
2797	554	T105	T044
2798	554	T105	T044
2799	554	T105	T044
2800	554	T105	T044
2803	555	T105	T044
2804	555	T105	T044
2640	563	T094	T044
2641	563	T094	T044
2642	563	T094	T044
2643	563	T094	T044
2644	563	T094	T044
2645	563	T094	T044
2646	563	T094	T044
2647	563	T094	T044
2648	563	T094	T044
2649	563	T094	T044
2650	563	T094	T044
1483	564	T054	GAP
1484	564	T054	GAP
2637	564	T094	T044
2638	564	T094	T044
1484	565	T054	GAP
1485	565	T054	GAP
2631	565	T044	T094
2632	565	T044	T094
2633	565	T044	T094
2657	565	T044	T094
2658	565	T044	T094
1485	566	T054	GAP
1486	566	T054	GAP
2660	566	T094	T044
2669	566	T094	T044
2670	566	T094	T044
2671	566	T094	T044
1486	567	T054	GAP
1487	567	T054	GAP
1487	568	T062	GAP
1069	570	T081	T057
1070	570	T081	T057
1071	570	T081	T057
1072	570	T081	T057
1073	570	T081	T057
1074	570	T081	T057
1075	570	T081	T057
1076	570	T081	T057
1077	570	T081	T057
1078	570	T081	T057
770	571	T067	T090
1067	572	T081	T057
1040	574	T081	T057
1041	574	T081	T057
1063	574	T081	T057
1087	576	T063	T081
1511	576	T062	T066
2574	576	T094	T053
2575	576	T094	T053
1085	577	T063	T081
1086	577	T063	T081
1104	577	T063	T057
1346	577	T062	T074
1347	577	T062	T074
1348	577	T062	T074
1510	577	T062	T066
1519	577	T054	T066
1520	577	T054	T066
1521	577	T054	T066
2571	577	T094	T053
762	578	T067	T090
1106	578	T063	T057
1509	578	T062	T066
1523	578	T054	T066
1524	578	T054	T066
1525	578	T054	T066
1526	578	T054	T066
1527	578	T054	T066
1108	579	T063	T057
1328	579	T062	T074
1340	579	T062	T074
1341	579	T062	T074
1342	579	T062	T074
1358	579	T062	T074
1359	579	T062	T074
1360	579	T062	T074
1371	579	T062	T074
1372	579	T062	T074
1373	579	T062	T074
1374	579	T062	T074
1375	579	T062	T074
1376	579	T062	T074
1377	579	T062	T074
1378	579	T062	T074
1508	579	T062	T066
1629	579	T056	T069
1630	579	T056	T069
1631	579	T056	T069
1110	580	T063	T057
1324	581	T062	T074
1382	581	T062	T074
1383	581	T062	T074
1384	581	T062	T074
1385	581	T062	T074
1386	581	T062	T074
1393	581	T062	T074
1394	581	T062	T074
1395	581	T062	T074
1396	581	T062	T074
1397	581	T062	T074
1398	581	T062	T074
1399	581	T062	T074
1406	581	T062	T074
1407	581	T062	T074
1408	581	T062	T074
1409	581	T062	T074
1410	581	T062	T074
1411	581	T062	T074
1504	581	T062	T066
1505	581	T062	T066
1595	581	T056	T069
1596	581	T056	T069
1597	581	T056	T069
1598	581	T056	T069
1599	581	T056	T069
1610	581	T056	T069
1611	581	T056	T069
1111	582	T063	T057
1413	582	T062	T074
1503	582	T062	T066
2553	582	T094	T053
1414	583	T062	T074
1090	584	T063	T081
1091	584	T063	T081
1113	584	T063	T057
2539	584	T094	T053
2540	584	T094	T053
2541	584	T094	T053
2542	584	T094	T053
1114	585	T063	T057
1417	585	T062	T074
1498	585	T062	T066
2530	585	T094	T053
2531	585	T094	T053
2532	585	T094	T053
2533	585	T094	T053
1418	586	T062	T074
1496	586	T062	T066
2527	586	T094	T053
1087	588	T063	T081
767	589	T067	T090
1316	589	T072	T088
1487	589	T062	T066
1488	589	T062	T066
2505	589	T094	T053
2506	589	T094	T053
2507	589	T094	T053
2508	589	T094	T053
2509	589	T094	T053
2510	589	T094	T053
2511	589	T094	T053
2512	589	T094	T053
2513	589	T094	T053
2514	589	T094	T053
2515	589	T094	T053
2516	589	T094	T053
767	590	T067	T090
1030	590	T093	T081
1116	590	T063	GAP
1117	590	T063	GAP
1118	590	T063	GAP
1119	590	T063	GAP
1120	590	T063	GAP
1121	590	T063	GAP
1122	590	T057	GAP
1123	590	T057	GAP
1315	590	T072	T088
2492	590	T094	T053
768	591	T067	T090
1096	591	T081	T063
1115	591	T063	GAP
1116	591	T063	GAP
1117	591	T063	GAP
1312	591	T072	T088
1484	591	T066	T062
1034	592	T093	T081
1035	592	T093	T081
1114	592	T063	GAP
1115	592	T063	GAP
1116	592	T063	GAP
1311	592	T072	T088
1484	592	T066	T082
2473	592	T094	T053
2474	592	T094	T053
2475	592	T094	T053
2476	592	T094	T053
2477	592	T094	T053
2478	592	T094	T053
2479	592	T094	T053
2480	592	T094	T053
1114	593	T063	GAP
1115	593	T063	GAP
1310	593	T072	T088
2468	593	T094	T053
813	594	T080	T090
1038	594	T093	T081
1114	594	T063	GAP
2466	594	T094	T053
814	595	T080	T090
1114	595	T063	GAP
1306	595	T072	T088
1505	595	T066	T082
773	596	T067	T090
1114	596	T063	GAP
1518	596	T066	T082
774	597	T067	T090
1102	597	T063	T081
1103	597	T063	T081
1104	597	T063	T081
1105	597	T063	T081
1106	597	T063	T081
1107	597	T063	T081
1108	597	T063	T081
1109	597	T063	T081
1114	597	T063	GAP
1302	597	T072	T088
1523	597	T066	T082
1110	598	T063	T081
1111	598	T063	T081
1112	598	T063	T081
1113	598	T063	T081
1595	598	T069	T086
2447	598	T053	T094
2448	598	T053	T094
2449	598	T053	T094
2450	598	T053	T094
775	599	T067	T090
1045	599	T081	T093
1298	599	T072	T088
1530	599	T066	T082
1597	599	T086	T069
776	600	T067	T090
1532	600	T066	T082
1600	600	T086	T069
2432	600	T094	T053
2433	600	T094	T053
2434	600	T094	T053
2435	600	T094	T053
2436	600	T094	T053
777	601	T067	T090
814	601	T080	T090
1420	601	T062	T074
1535	601	T066	T082
1051	602	T093	T081
1540	602	T066	T082
2426	602	T094	T053
2427	602	T094	T053
813	603	T080	T090
1545	603	T066	T082
1546	603	T066	T082
1547	603	T066	T082
1548	603	T066	T082
1549	603	T066	T082
1550	603	T066	T082
1551	603	T066	T082
1606	603	T069	T086
2424	603	T053	T094
1419	604	T062	T074
1552	604	T066	T082
1557	605	T066	T082
1558	605	T066	T082
1559	605	T066	T082
1611	605	T069	T086
1612	605	T069	T086
1613	605	T069	T086
2418	606	T094	T053
1619	607	T069	T086
1620	607	T069	T086
1621	607	T069	T086
2414	608	T094	T053
2415	608	T094	T053
621	609	T070	GAP
778	609	T090	T067
985	609	T093	T078
1421	609	T062	T074
1852	609	T065	T103
1853	609	T065	T103
2414	609	T094	T053
621	610	T070	GAP
778	610	T090	T067
815	610	T090	T080
1422	610	T062	T074
1850	610	T065	T103
621	611	T070	GAP
778	611	T090	T067
815	611	T090	T080
984	611	T093	T078
1422	611	T062	T074
621	612	T070	GAP
778	612	T090	T067
983	612	T093	T078
621	613	T070	GAP
778	613	T090	T067
980	613	T093	T078
1059	613	T093	T081
1478	613	T092	T082
1844	613	T065	T103
621	614	T070	GAP
778	614	T090	T067
815	614	T080	T090
979	614	T093	T078
1424	614	T062	T074
1479	614	T092	T082
621	615	T070	GAP
778	615	T090	T067
815	615	T080	T090
979	615	T093	T078
2414	615	T094	T053
620	616	T089	GAP
778	616	T090	T067
979	616	T093	T078
619	617	T089	GAP
778	617	T090	T067
814	617	T080	T090
1425	617	T062	T074
1484	617	T092	T082
618	618	T089	GAP
624	618	T070	GAP
778	618	T090	T067
814	618	T080	T090
978	618	T093	T078
1426	618	T062	T074
1486	618	T092	T082
617	619	T089	GAP
814	619	T080	T090
1426	619	T062	T074
814	620	T080	T090
1063	620	T093	T081
1426	620	T062	T074
1832	620	T103	T065
2410	620	T094	T053
1063	621	T093	T081
1426	621	T062	T074
1494	621	T092	T082
1831	621	T103	T065
1063	622	T093	T081
1426	622	T062	T074
1495	622	T092	T082
1829	622	T103	T065
1830	622	T103	T065
815	623	T080	T090
975	623	T093	T078
1063	623	T093	T081
1826	623	T103	T065
620	624	T096	GAP
816	624	T080	T090
1064	624	T093	T081
1427	624	T074	T062
1586	624	T095	T086
619	625	T096	GAP
620	625	T096	GAP
816	625	T080	T090
1592	625	T095	T086
1717	625	T085	T097
1718	625	T085	T097
1719	625	T085	T097
1720	625	T085	T097
1721	625	T085	T097
816	626	T080	T090
1598	626	T095	T086
816	627	T080	T090
1701	628	T097	T085
632	630	T096	GAP
633	630	T096	GAP
634	630	T096	GAP
635	630	T096	GAP
636	630	T096	GAP
637	630	T101	GAP
638	630	T101	GAP
639	630	T101	GAP
778	630	T112	T090
1689	630	T097	T085
1690	630	T097	T085
1691	630	T097	T085
633	631	T096	GAP
634	631	T096	GAP
635	631	T096	GAP
636	631	T096	GAP
637	631	T101	GAP
638	631	T101	GAP
777	631	T112	T090
1623	631	T098	T086
1063	632	T081	T093
1683	632	T097	T085
1684	632	T097	T085
775	635	T112	T090
1907	635	T118	T065
775	636	T112	T090
1911	636	T118	T065
1946	636	T118	T065
775	637	T112	T090
1913	637	T118	T065
1914	637	T118	T065
775	638	T112	T090
1916	638	T118	T065
1917	638	T118	T065
1918	638	T118	T065
775	639	T112	T090
1923	639	T118	T065
1930	639	T065	T118
1931	639	T065	T118
1932	639	T065	T118
1933	639	T065	T118
1934	639	T065	T118
1935	639	T065	T118
2154	639	T060	T107
2155	639	T060	T107
2156	639	T060	T107
2157	639	T060	T107
2158	639	T060	T107
2159	639	T060	T107
2164	639	T107	T060
2165	639	T107	T060
2166	639	T107	T060
775	640	T112	T090
1078	640	T081	T093
1961	640	T118	T065
1314	641	T088	T106
1315	641	T088	T106
1316	641	T088	T106
1317	641	T088	T106
1318	641	T088	T106
1319	641	T088	T106
1084	642	T081	T093
1085	642	T081	T093
1086	642	T081	T093
1312	642	T088	T106
2175	642	T107	T060
2176	642	T107	T060
1304	643	T088	T106
1305	643	T088	T106
1306	643	T088	T106
1093	644	T093	T081
1094	644	T093	T081
773	645	T112	T090
1104	645	T081	T093
2181	645	T060	T107
1968	647	T118	T065
2187	647	T107	T060
1111	648	T093	T081
1112	648	T093	T081
2190	648	T107	T060
771	649	T112	T090
2192	649	T107	T060
771	650	T112	T090
1151	652	T123	T099
1152	652	T123	T099
1153	652	T123	T099
1154	652	T123	T099
1556	652	T117	T095
1557	652	T117	T095
1558	652	T117	T095
1559	652	T117	T095
1560	652	T117	T095
1561	652	T117	T095
1562	652	T117	T095
1563	652	T117	T095
1149	653	T123	T099
1157	653	T099	T123
2096	653	T124	T077
2097	653	T124	T077
2098	653	T124	T077
2099	653	T124	T077
2100	653	T124	T077
2101	653	T124	T077
636	654	T108	GAP
637	654	T108	GAP
1145	654	T123	T099
1159	654	T123	T099
1160	654	T123	T099
1161	654	T123	T099
1162	654	T123	T099
1163	654	T123	T099
1164	654	T123	T099
2196	654	T060	T107
636	655	T108	GAP
637	655	T108	GAP
2090	655	T124	T077
1137	656	T123	T099
1138	656	T123	T099
1139	656	T123	T099
1140	656	T123	T099
1141	656	T123	T099
1167	656	T099	T123
2088	656	T124	T077
770	657	T112	T090
1171	658	T123	T099
1172	658	T123	T099
1177	658	T130	T099
1178	658	T130	T099
1180	659	T130	T099
1181	660	T130	T099
1436	660	T111	T100
1183	662	T130	T099
1184	662	T130	T099
1425	662	T111	GAP
767	663	T112	T090
1425	663	T111	GAP
1426	663	T111	GAP
1425	664	T111	GAP
1426	664	T111	GAP
2083	664	T124	T077
1425	665	T111	GAP
1426	665	T111	GAP
2062	665	T124	T077
2063	665	T124	T077
2064	665	T124	T077
2072	665	T077	T124
2073	665	T077	T124
2074	665	T077	T124
2075	665	T077	T124
2076	665	T077	T124
2077	665	T077	T124
2078	665	T077	T124
2079	665	T077	T124
1425	666	T111	GAP
1426	666	T111	GAP
1454	666	T100	GAP
1425	667	T111	GAP
1426	667	T111	GAP
1455	667	T100	GAP
1181	668	T123	T130
1425	668	T111	GAP
765	669	T112	T090
1425	669	T111	GAP
1457	669	T120	GAP
765	670	T112	T090
765	671	T112	T090
2054	671	T124	T077
765	672	T112	T090
2054	672	T124	T077
764	673	T090	T112
2054	673	T124	T077
1422	674	T111	GAP
1426	674	T111	GAP
1434	674	T111	GAP
1185	675	T123	T130
1416	675	T128	GAP
1417	675	T128	GAP
1418	675	T128	GAP
1419	675	T111	GAP
1420	675	T111	GAP
1421	675	T111	GAP
1422	675	T111	GAP
1425	675	T111	GAP
1426	675	T111	GAP
1185	676	T123	T130
1424	676	T111	GAP
1425	676	T111	GAP
1426	676	T111	GAP
1185	677	T123	T130
1423	677	T111	GAP
1424	677	T111	GAP
1425	677	T111	GAP
1426	677	T111	GAP
762	678	T112	T090
1420	680	T128	GAP
1421	680	T128	GAP
1422	680	T111	GAP
1423	680	T111	GAP
1424	680	T111	GAP
1425	680	T111	GAP
1426	680	T111	GAP
2046	680	T124	T077
1423	681	T111	GAP
1425	681	T111	GAP
2004	681	T124	T077
2043	681	T124	T077
1424	682	T128	GAP
2038	682	T077	T124
1423	683	T128	GAP
2034	683	T124	T077
759	684	T112	T090
1487	685	T117	T113
2007	685	T124	T077
2030	685	T077	T124
1486	686	T117	T113
2009	687	T077	T124
2026	687	T077	T124
1484	688	T117	T113
2011	688	T124	T077
2012	688	T124	T077
2013	688	T124	T077
2016	689	T077	T124
2017	689	T077	T124
2018	689	T077	T124
2019	689	T077	T124
2020	689	T077	T124
2021	689	T077	T124
2022	689	T077	T124
1212	699	T133	GAP
1213	699	T133	GAP
1227	699	T127	GAP
1212	700	T133	GAP
1228	700	T133	GAP
1229	700	T133	GAP
1230	700	T133	GAP
1231	700	T133	GAP
1232	700	T133	GAP
1233	700	T133	GAP
1234	700	T133	GAP
1235	700	T174	GAP
1229	701	T133	GAP
1230	701	T133	GAP
1231	701	T133	GAP
1232	701	T133	GAP
1233	701	T133	GAP
1234	701	T133	GAP
1230	702	T133	GAP
1231	702	T133	GAP
1232	702	T133	GAP
1233	702	T133	GAP
1231	703	T133	GAP
923	708	T144	T116
924	708	T144	T116
927	708	T144	T116
928	708	T144	T116
929	708	T144	T116
930	708	T144	T116
931	708	T144	T116
932	708	T144	T116
933	708	T144	T116
934	708	T144	T116
935	708	T144	T116
1204	708	T141	GAP
1205	708	T133	GAP
1203	709	T141	GAP
1204	709	T141	GAP
1241	714	T174	GAP
947	722	T171	T149
947	723	T171	T149
947	724	T171	T149
947	729	T171	T149
948	731	T171	T149
949	734	T149	T171
956	742	T132	T171
761	747	T180	T176
762	750	T180	T176
762	751	T180	T176
890	751	T186	T183
956	751	T132	T171
762	752	T180	T176
763	754	T180	T176
764	756	T180	T176
888	756	T186	T183
764	757	T180	T176
765	758	T180	T176
960	758	T132	T187
975	759	T132	T187
976	759	T132	T187
977	759	T132	T187
978	759	T132	T187
979	759	T132	T187
1335	760	T197	T190
1335	761	T197	T190
1336	762	T197	T190
1337	764	T197	T190
1338	765	T197	T190
1339	769	T197	T190
1340	771	T197	T190
981	773	T200	T187
1341	773	T197	T190
979	774	T200	T187
1341	774	T197	T190
976	775	T200	T187
977	775	T200	T187
1341	775	T197	T190
972	776	T200	T187
973	776	T200	T187
974	776	T200	T187
975	776	T200	T187
1342	776	T197	T190
968	777	T200	T187
963	778	T200	T187
1343	783	T197	T190
1464	785	T193	T194
1465	787	T193	T194
1466	788	T193	T194
1467	789	T193	T194
1468	791	T193	T194
1469	794	T193	T194
864	805	T205	T196
1466	805	T211	T194
1157	806	T188	GAP
1158	806	T188	GAP
1464	806	T211	T194
1156	807	T188	GAP
1157	807	T188	GAP
1748	807	T198	T209
1749	807	T198	T209
1750	807	T198	T209
1751	807	T198	T209
1155	808	T188	GAP
1156	808	T188	GAP
1154	809	T188	GAP
1155	809	T188	GAP
1740	809	T198	T209
1741	809	T198	T209
1742	809	T198	T209
1154	810	T218	GAP
2061	810	T214	T224
2060	812	T224	T214
2060	813	T224	T214
1724	814	T198	T209
2059	815	T214	T224
1720	816	T198	T209
1716	817	T198	T209
2058	817	T214	T224
1842	818	T201	T215
2056	818	T214	T224
2057	818	T214	T224
1841	819	T201	T215
2051	819	T214	T224
2052	819	T214	T224
1840	820	T201	T215
1705	821	T198	T209
1706	821	T198	T209
2048	821	T214	T224
1902	822	T225	T213
1472	824	T242	T211
1472	825	T242	T211
2042	825	T214	T224
753	826	T205	GAP
754	826	T205	GAP
1472	826	T242	T211
2041	826	T214	T224
754	827	T205	GAP
755	827	T205	GAP
2039	827	T214	T224
755	828	T205	GAP
756	828	T205	GAP
756	829	T205	GAP
757	829	T205	GAP
1473	829	T242	T211
757	830	T230	GAP
1800	830	T201	T216
2028	830	T214	T224
2029	830	T214	T224
2030	830	T214	T224
1800	831	T201	T216
2027	831	T214	T224
2026	832	T214	T224
1475	833	T211	T242
2022	834	T214	T224
1158	835	T218	GAP
1476	835	T242	T211
1802	835	T201	T216
2020	835	T214	T224
1112	836	T217	T218
1158	836	T218	GAP
1159	836	T218	GAP
2019	836	T214	T224
1108	837	T217	T218
1109	837	T217	T218
1110	837	T217	T218
1159	837	T218	GAP
1160	837	T218	GAP
1187	837	T231	GAP
1477	837	T242	T211
2017	837	T214	T224
2018	837	T214	T224
1160	838	T218	GAP
1161	838	T218	GAP
1186	838	T231	GAP
1187	838	T231	GAP
1478	838	T242	T211
1804	838	T201	T216
1825	838	T201	T215
2016	838	T214	T224
1161	839	T218	GAP
1162	839	T220	GAP
1163	839	T220	GAP
1164	839	T220	GAP
1165	839	T220	GAP
1166	839	T220	GAP
1185	839	T231	GAP
1186	839	T231	GAP
1187	839	T231	GAP
1478	839	T242	T211
1805	839	T201	T216
2014	839	T214	T224
1184	840	T220	GAP
1185	840	T231	GAP
1186	840	T231	GAP
1686	840	T241	T226
2013	840	T214	T224
1099	841	T217	T218
1183	841	T220	GAP
1184	841	T220	GAP
1185	841	T231	GAP
1808	841	T201	T216
1690	842	T241	T226
2012	842	T214	T224
1692	843	T241	T226
1096	844	T217	T218
1181	844	T220	GAP
1183	844	T220	GAP
1184	844	T220	GAP
1185	844	T231	GAP
1186	844	T231	GAP
1187	844	T231	GAP
1693	844	T241	T226
1181	845	T220	GAP
1182	845	T220	GAP
1183	845	T220	GAP
1184	845	T220	GAP
1185	845	T231	GAP
1186	845	T231	GAP
1187	845	T231	GAP
1694	845	T241	T226
1819	845	T201	T216
1820	845	T201	T216
1821	845	T201	T216
1095	846	T217	T218
1181	846	T220	GAP
1182	846	T220	GAP
1183	846	T220	GAP
1184	846	T223	GAP
1185	846	T223	GAP
1186	846	T223	GAP
1187	846	T223	GAP
1695	846	T241	T226
2013	846	T214	T224
1181	847	T220	GAP
1182	847	T220	GAP
1183	847	T220	GAP
1184	847	T223	GAP
1185	847	T223	GAP
1186	847	T223	GAP
1187	847	T223	GAP
2013	847	T214	T224
1094	848	T217	T218
1157	848	T218	GAP
1158	848	T218	GAP
1159	848	T220	GAP
1161	848	T220	GAP
1183	848	T223	GAP
1184	848	T223	GAP
1185	848	T223	GAP
1698	848	T241	T226
1826	848	T215	T216
2012	848	T214	T224
1158	849	T218	GAP
1159	849	T220	GAP
1160	849	T220	GAP
1161	849	T220	GAP
1184	849	T223	GAP
1185	849	T223	GAP
2010	849	T214	T224
1159	850	T220	GAP
1160	850	T220	GAP
1161	850	T220	GAP
2009	850	T214	T224
1160	851	T220	GAP
1161	851	T220	GAP
1162	851	T220	GAP
1826	851	T215	T216
1161	852	T220	GAP
1162	852	T220	GAP
1826	852	T215	T216
1161	853	T220	GAP
1483	853	T242	T238
1826	853	T215	T216
1090	854	T217	T218
1161	854	T220	GAP
1164	854	T220	GAP
1165	854	T220	GAP
1166	854	T220	GAP
1826	854	T215	T216
1161	855	T232	GAP
1164	855	T220	GAP
1165	855	T232	GAP
1166	855	T233	GAP
1827	855	T215	T216
2009	855	T214	T224
1165	856	T232	GAP
1699	856	T241	T226
1828	856	T215	T216
1196	857	T223	GAP
1197	857	T231	GAP
1190	859	T223	GAP
1190	860	T233	GAP
1698	860	T241	T226
1018	861	T217	T240
1019	861	T217	T240
1020	861	T217	T240
1021	861	T217	T240
1022	861	T217	T240
1023	861	T217	T240
1033	861	T217	T240
1190	861	T233	GAP
1192	861	T223	GAP
1201	861	T231	GAP
1190	862	T233	GAP
1192	862	T233	GAP
1193	862	T233	GAP
1483	862	T242	T238
1190	863	T233	GAP
1193	863	T233	GAP
1194	863	T233	GAP
1199	863	T231	GAP
1482	863	T242	T238
709	864	T245	T230
1192	864	T233	GAP
1193	864	T233	GAP
1194	864	T233	GAP
1195	864	T233	GAP
1196	864	T233	GAP
1197	864	T231	GAP
1198	864	T231	GAP
1199	864	T231	GAP
1479	864	T242	T238
1041	865	T217	T240
1147	865	T232	GAP
1148	865	T232	GAP
1149	865	T232	GAP
1150	865	T232	GAP
1151	865	T232	GAP
1193	865	T233	GAP
1194	865	T233	GAP
1195	865	T233	GAP
1196	865	T233	GAP
1197	865	T231	GAP
1198	865	T231	GAP
1478	865	T242	T238
1042	866	T217	T240
1146	866	T239	GAP
1147	866	T232	GAP
1148	866	T232	GAP
1149	866	T232	GAP
1150	866	T232	GAP
1478	866	T242	T238
1042	867	T217	T240
1091	867	T217	T218
1145	867	T239	GAP
1146	867	T239	GAP
1147	867	T232	GAP
1148	867	T232	GAP
1149	867	T232	GAP
1150	867	T232	GAP
1151	867	T232	GAP
1477	867	T242	T238
1042	868	T217	T240
1091	868	T217	T218
1145	868	T239	GAP
1146	868	T239	GAP
1147	868	T232	GAP
1148	868	T232	GAP
1163	868	T232	GAP
1164	868	T232	GAP
1165	868	T232	GAP
1166	868	T232	GAP
1167	868	T232	GAP
1168	868	T232	GAP
1917	868	T225	T244
1146	869	T239	GAP
1147	869	T232	GAP
1917	869	T225	T244
1699	870	T241	T226
1917	870	T225	T244
1319	872	T250	T246
1916	872	T244	T225
2333	872	T236	T249
1044	873	T217	T240
1318	873	T250	T246
2331	873	T236	T249
1098	874	T217	T218
1317	874	T250	T246
2330	874	T236	T249
1316	875	T250	T246
1701	875	T241	T226
2326	875	T236	T249
714	876	T230	T245
1045	876	T217	T240
1472	876	T242	T238
2324	876	T236	T249
1101	877	T217	T218
1315	877	T250	T246
1472	877	T242	T238
2318	877	T236	T249
2319	877	T236	T249
2320	877	T236	T249
1046	878	T217	T240
1472	878	T242	T238
1703	878	T241	T226
715	879	T245	T230
1046	879	T217	T240
1314	879	T250	T246
2314	879	T236	T249
1313	880	T250	T246
2312	880	T236	T249
1312	881	T250	T246
2311	881	T236	T249
1311	882	T250	T246
2309	882	T236	T249
1310	883	T250	T246
2306	883	T236	T249
2307	883	T236	T249
2294	884	T236	T249
1309	886	T250	T246
2293	886	T236	T249
1308	887	T250	T246
1910	887	T244	T225
2293	887	T236	T249
1307	888	T250	T246
2292	889	T236	T249
720	890	T245	T230
721	890	T245	T230
1306	890	T250	T246
2291	890	T236	T249
1907	891	T244	T225
726	892	T245	T230
1305	892	T250	T246
729	893	T245	T230
730	893	T245	T230
731	893	T245	T230
732	893	T245	T230
1902	893	T225	T244
1041	894	T252	T240
1305	897	T250	T246
1306	899	T250	T246
1307	900	T250	T246
2286	900	T236	T249
1308	901	T250	T246
2286	901	T236	T249
1309	903	T250	T246
1191	904	T266	T253
1192	905	T266	T253
1194	906	T266	T253
1195	906	T266	T253
1198	907	T266	T253
2017	908	T263	T259
2289	908	T236	T249
2017	909	T263	T259
2018	910	T263	T259
2290	910	T236	T249
2018	911	T263	T259
2291	911	T236	T249
2018	912	T263	T259
2292	912	T236	T249
2293	912	T236	T249
2019	913	T263	T259
2020	914	T263	T259
2020	915	T263	T259
1210	916	T266	T253
2298	916	T236	T249
1212	917	T266	T253
2021	917	T263	T259
2299	917	T236	T249
2022	918	T263	T259
2300	918	T236	T249
1216	920	T266	T253
2305	920	T236	T249
1219	921	T266	T253
2308	921	T249	T236
1071	922	T252	T267
1072	922	T252	T267
1078	922	T267	T252
1079	922	T267	T252
1080	922	T267	T252
1081	922	T267	T252
1082	922	T267	T252
1221	922	T266	T253
1062	923	T252	T267
1063	923	T252	T267
1064	923	T252	T267
1065	923	T252	T267
1066	923	T252	T267
1067	923	T252	T267
1061	924	T252	T267
1096	924	T267	T252
1226	924	T266	T253
2025	924	T263	T259
1104	925	T252	T267
1230	925	T266	T253
1058	926	T252	T267
1232	926	T266	T253
2026	926	T263	T259
1057	927	T267	T252
1108	927	T252	T267
1236	927	T253	T266
1238	928	T266	T253
1239	928	T266	T253
1254	928	T266	T253
2027	928	T263	T259
1735	929	T255	T277
2028	929	T263	T259
2029	930	T263	T259
2295	930	T303	T276
1725	931	T255	T277
2030	931	T263	T259
2325	931	T303	T276
2326	931	T303	T276
2327	931	T303	T276
2031	932	T263	T259
2293	932	T276	T303
1358	933	T246	T270
2295	934	T303	T276
1362	935	T270	T246
1363	935	T270	T246
2295	935	T303	T276
2316	935	T303	T276
2317	935	T303	T276
2318	935	T303	T276
1366	936	T270	T246
1367	936	T270	T246
2032	936	T263	T259
1714	937	T243	T277
2293	937	T303	T276
2033	938	T263	T259
1750	939	T255	T277
2033	939	T263	T259
2034	940	T263	T259
1712	941	T277	T243
1980	941	T261	T290
1981	941	T261	T290
2035	942	T263	T259
1755	943	T255	T277
2036	943	T263	T259
1977	944	T261	T290
2037	945	T263	T259
2289	945	T303	T276
2038	946	T263	T259
1973	952	T261	T290
2041	952	T263	T259
1161	953	T266	T272
1162	953	T266	T272
1163	953	T266	T272
1164	953	T266	T272
1165	953	T266	T272
1166	953	T266	T272
1167	953	T266	T272
2289	953	T303	T276
2042	954	T263	T259
2289	954	T303	T276
1172	955	T266	T272
2043	955	T263	T259
2289	955	T303	T276
2044	956	T263	T259
2288	956	T303	T276
2044	957	T263	T259
2045	957	T263	T259
2046	958	T263	T259
1183	959	T266	T272
1184	959	T266	T272
1185	959	T266	T272
2047	959	T263	T259
1187	960	T266	T272
1188	960	T266	T272
1189	960	T266	T272
1190	960	T266	T272
2049	960	T263	T259
2050	961	T263	T259
2279	961	T303	T276
1202	962	T266	T272
2051	962	T263	T259
1205	963	T266	T272
1206	963	T266	T272
1207	963	T266	T272
2052	964	T263	T259
2276	965	T303	T276
2275	966	T303	T276
1381	967	T270	T285
1382	967	T270	T285
1383	967	T270	T285
1445	967	T265	T285
1446	967	T265	T285
1447	967	T265	T285
2053	967	T259	T263
2054	968	T259	T263
1967	969	T282	T290
2055	969	T263	T259
1371	970	T270	T285
1967	970	T282	T290
2056	970	T263	T259
1325	971	T281	T270
1965	972	T290	T282
2059	972	T263	T259
1996	974	T290	T278
1719	975	T288	T277
1961	975	T282	T290
1962	975	T282	T290
1994	975	T290	T278
1224	978	T286	T287
2062	978	T263	T259
2274	978	T303	T276
1225	979	T286	T287
1507	979	T288	T298
2062	979	T263	T259
1513	980	T288	T298
1957	980	T282	T290
2062	980	T263	T259
2275	980	T276	T303
1515	981	T288	T298
1516	981	T288	T298
1517	981	T288	T298
1721	981	T288	T277
1228	982	T286	T287
1518	982	T288	T298
1721	982	T288	T277
1229	983	T286	T287
1520	983	T288	T298
1721	983	T288	T277
2063	983	T263	T259
2276	983	T303	T276
1521	984	T288	T298
1721	984	T288	T277
2064	984	T263	T259
1721	985	T288	T277
2277	985	T303	T276
1522	986	T288	T298
1721	986	T288	T277
2065	986	T263	T259
2277	986	T303	T276
1523	987	T288	T298
1721	987	T288	T277
2277	987	T303	T276
1524	988	T288	T298
1525	988	T288	T298
2277	988	T303	T276
1526	989	T288	T298
2066	989	T263	T259
2277	989	T303	T276
1229	991	T286	T287
1955	992	T282	T290
2067	992	T263	T259
2276	992	T303	T276
1955	993	T282	T290
1985	993	T278	T290
1954	994	T282	T290
2068	994	T263	T259
1230	995	T286	T287
1771	995	T275	T277
2068	995	T263	T259
2273	995	T303	T276
1231	996	T286	T287
1951	997	T282	T290
1988	997	T278	T290
1987	999	T278	T290
2271	999	T303	T276
1231	1000	T286	T287
1950	1000	T282	T290
2271	1000	T303	T276
2271	1001	T303	T276
1230	1002	T286	T287
1538	1002	T288	T298
2271	1002	T303	T276
1230	1003	T286	T287
2046	1003	T308	T302
2047	1003	T308	T302
1230	1004	T286	T287
1983	1004	T278	T290
2049	1004	T308	T302
2050	1004	T308	T302
1982	1005	T278	T290
2052	1005	T308	T302
2059	1005	T308	T302
2060	1005	T308	T302
2061	1005	T308	T302
1735	1006	T319	T277
1736	1006	T319	T277
1737	1006	T319	T277
1738	1006	T319	T277
2037	1006	T308	T302
2055	1006	T308	T302
2056	1006	T308	T302
2057	1006	T308	T302
2058	1006	T308	T302
1540	1007	T288	T298
1733	1007	T319	T277
1743	1007	T277	T319
1949	1007	T282	T290
1084	1009	T299	GAP
1745	1009	T319	T277
2034	1009	T308	T302
1229	1010	T286	T287
2270	1010	T303	T276
2033	1011	T308	T302
2270	1011	T303	T276
1239	1012	T307	T286
1546	1012	T288	T298
1243	1013	T307	T286
1548	1013	T288	T298
2032	1013	T308	T302
2271	1013	T303	T276
1753	1014	T319	T277
2032	1014	T308	T302
2271	1014	T303	T276
1247	1015	T286	T307
1754	1015	T319	T277
2271	1015	T303	T276
1249	1016	T307	T286
1250	1016	T307	T286
1552	1016	T288	T298
1754	1016	T319	T277
2031	1016	T308	T302
2271	1016	T303	T276
1939	1017	T282	T290
1940	1017	T282	T290
1941	1017	T282	T290
1987	1017	T302	GAP
2031	1017	T308	T302
2271	1017	T303	T276
1786	1018	T296	T277
2031	1018	T308	T302
2272	1018	T303	T276
1553	1019	T288	T298
1987	1019	T302	GAP
2031	1019	T308	T302
1554	1020	T288	T298
1757	1020	T319	T277
1787	1020	T277	T296
2030	1020	T308	T302
1554	1021	T288	T298
2030	1021	T308	T302
1227	1022	T287	T307
1255	1022	T307	T286
1554	1022	T288	T298
1788	1022	T296	T277
2030	1022	T308	T302
1255	1023	T307	T286
1982	1023	T302	T290
2030	1023	T308	T302
1226	1025	T307	T287
1981	1026	T302	T290
2029	1027	T308	T302
2279	1028	T303	T276
1322	1029	T286	T328
2280	1029	T303	T276
2281	1030	T303	T276
1226	1031	T307	T287
2028	1031	T308	T302
1796	1032	T322	T296
2286	1032	T303	T276
2287	1032	T303	T276
2288	1032	T303	T276
1554	1033	T288	T298
1797	1033	T322	T296
1222	1034	T307	T287
1314	1034	T328	T286
1315	1034	T328	T286
1554	1034	T288	T298
1798	1034	T322	T296
1310	1035	T328	T286
1554	1035	T288	T298
1798	1035	T322	T296
2291	1035	T303	T276
1219	1036	T307	T287
1307	1036	T328	T286
1212	1037	T287	T307
1555	1037	T288	T298
2318	1037	T303	T276
2317	1038	T303	T276
2321	1038	T303	T276
1304	1039	T328	T286
2315	1039	T303	T276
1797	1040	T296	T322
2297	1040	T303	T276
2324	1040	T303	T276
1558	1041	T288	T298
2325	1041	T303	T276
2306	1042	T303	T276
1136	1043	T311	GAP
1135	1044	T311	GAP
1136	1044	T311	GAP
1800	1044	T322	T296
1134	1045	T311	GAP
1135	1045	T311	GAP
1880	1045	T312	T290
1134	1046	T311	GAP
1138	1046	T311	GAP
1801	1046	T322	T296
1878	1046	T312	T290
1877	1047	T312	T290
1916	1050	T312	T290
1917	1050	T312	T290
1918	1050	T312	T290
1807	1052	T296	T322
1908	1052	T312	T290
1909	1052	T312	T290
1913	1052	T312	T290
1927	1052	T312	T290
1809	1053	T296	T322
1810	1053	T296	T322
1874	1054	T312	T290
1875	1055	T312	T290
1904	1055	T312	T290
1903	1056	T312	T290
1816	1057	T296	T322
1817	1057	T296	T322
1819	1058	T322	T296
1901	1058	T312	T290
1822	1059	T322	T296
1883	1059	T312	T290
1884	1059	T312	T290
1885	1059	T312	T290
1886	1059	T312	T290
1887	1059	T312	T290
1823	1060	T322	T296
1888	1060	T312	T290
1889	1060	T312	T290
1890	1060	T312	T290
1827	1063	T322	T296
1828	1064	T322	T296
1829	1065	T322	T296
1830	1067	T322	T296
1117	1068	T323	T311
1118	1068	T323	T311
1119	1068	T323	T311
1113	1069	T311	T323
1831	1070	T322	T296
1831	1071	T322	T296
1032	1080	T306	T320
1031	1081	T306	T320
1029	1082	T306	T320
1027	1087	T306	T320
1629	1087	T288	T334
1413	1089	T326	T340
1619	1089	T288	T334
1643	1089	T288	T334
1415	1090	T340	T326
1416	1091	T340	T326
1647	1091	T288	T334
1417	1092	T340	T326
1654	1093	T288	T334
1419	1095	T340	T326
1420	1096	T340	T326
1421	1096	T340	T326
2335	1096	T344	T318
2336	1096	T344	T318
1021	1097	T306	T320
1422	1097	T340	T326
2332	1097	T344	T318
2328	1098	T344	T318
1428	1102	T340	T326
1430	1103	T340	T326
2345	1103	T318	T344
1433	1104	T340	T326
1526	1104	T334	T326
2347	1104	T344	T318
1526	1105	T334	T326
1526	1106	T334	T326
2352	1106	T344	T318
2353	1107	T344	T318
1437	1108	T340	T326
2353	1108	T344	T318
1437	1109	T340	T326
2353	1109	T344	T318
1437	1110	T340	T326
1528	1110	T334	T326
2353	1110	T344	T318
1437	1111	T340	T326
1438	1112	T340	T326
1529	1112	T334	T326
1530	1113	T334	T326
1531	1114	T334	T326
1439	1116	T340	T326
2366	1117	T344	T318
2367	1117	T344	T318
2359	1118	T344	T318
2365	1118	T344	T318
1532	1119	T334	T326
1699	1119	T319	T334
2369	1119	T344	T318
1533	1121	T334	T326
1703	1121	T319	T334
1340	1122	T339	GAP
1534	1122	T334	T326
2371	1122	T344	T318
2442	1122	T344	T318
2443	1122	T344	T318
2444	1122	T344	T318
2445	1122	T344	T318
2446	1122	T344	T318
1339	1123	T339	GAP
1338	1124	T343	GAP
1708	1124	T319	T334
2372	1124	T344	T318
2405	1124	T344	T318
2422	1124	T344	T318
2423	1124	T344	T318
2424	1124	T344	T318
2438	1124	T344	T318
2454	1124	T344	T318
1337	1125	T343	GAP
1534	1125	T334	T326
1710	1125	T319	T334
1711	1125	T319	T334
1712	1125	T319	T334
1713	1125	T319	T334
2403	1125	T344	T318
2457	1125	T318	T344
1360	1126	T339	GAP
1369	1126	T340	GAP
1441	1126	T326	T340
2402	1126	T344	T318
1361	1127	T339	GAP
1368	1127	T340	GAP
1369	1127	T340	GAP
1441	1127	T326	T340
1533	1127	T334	T326
1716	1127	T334	T319
2399	1127	T344	T318
2400	1127	T344	T318
1362	1128	T351	GAP
1369	1128	T340	GAP
1533	1128	T334	T326
2378	1128	T344	T318
2463	1128	T344	T318
1369	1129	T340	GAP
1533	1129	T334	T326
1718	1129	T319	T334
2382	1129	T318	T344
2383	1129	T318	T344
2390	1129	T344	T318
2464	1129	T344	T318
1364	1130	T351	GAP
1365	1130	T351	GAP
1366	1130	T340	GAP
1844	1130	T338	GAP
1845	1130	T338	GAP
1846	1130	T338	GAP
2465	1130	T344	T318
1722	1131	T319	T334
1845	1131	T338	GAP
1846	1131	T338	GAP
1847	1131	T338	GAP
1845	1132	T338	GAP
1846	1132	T338	GAP
1496	1133	T326	GAP
1527	1133	T334	T326
1724	1133	T319	T334
1845	1133	T338	GAP
1846	1133	T338	GAP
1847	1133	T338	GAP
1341	1134	T339	GAP
1491	1134	T326	GAP
1495	1134	T326	GAP
1496	1134	T326	GAP
1497	1134	T326	GAP
1498	1134	T326	GAP
1845	1134	T355	GAP
1846	1134	T338	GAP
1847	1134	T338	GAP
1490	1135	T346	GAP
1491	1135	T326	GAP
1494	1135	T326	GAP
1495	1135	T326	GAP
1496	1135	T326	GAP
1497	1135	T326	GAP
1845	1135	T355	GAP
1846	1135	T355	GAP
1847	1135	T338	GAP
1925	1135	T361	T331
1926	1135	T361	T331
1928	1135	T361	T331
1929	1135	T361	T331
1490	1136	T346	GAP
1491	1136	T346	GAP
1494	1136	T346	GAP
1495	1136	T346	GAP
1496	1136	T346	GAP
1845	1136	T355	GAP
1846	1136	T355	GAP
1847	1136	T355	GAP
1921	1136	T361	T331
1922	1136	T361	T331
1923	1136	T361	T331
1932	1136	T361	T331
1373	1137	T351	T340
1374	1137	T351	T340
1375	1137	T351	T340
1490	1137	T346	GAP
1491	1137	T346	GAP
1494	1137	T346	GAP
1495	1137	T346	GAP
1526	1137	T334	T326
1732	1137	T334	T319
1846	1137	T355	GAP
1847	1137	T355	GAP
1920	1137	T361	T331
1376	1138	T351	T340
1377	1138	T351	T340
1378	1138	T351	T340
1379	1138	T351	T340
1380	1138	T351	T340
1381	1138	T351	T340
1382	1138	T351	T340
1383	1138	T351	T340
1384	1138	T351	T340
1385	1138	T351	T340
1386	1138	T351	T340
1387	1138	T351	T340
1388	1138	T351	T340
1389	1138	T351	T340
1390	1138	T351	T340
1490	1138	T346	GAP
1491	1138	T346	GAP
1494	1138	T346	GAP
1847	1138	T355	GAP
1853	1138	T355	GAP
1916	1138	T361	T331
1917	1138	T361	T331
1918	1138	T361	T331
1919	1138	T361	T331
1491	1139	T346	GAP
1915	1139	T361	T331
1398	1140	T351	T340
1400	1141	T351	T340
1910	1141	T361	T331
1911	1141	T361	T331
1401	1142	T351	T340
1402	1142	T351	T340
1908	1142	T361	T331
1403	1143	T351	T340
1907	1143	T361	T331
2469	1143	T362	T373
1404	1144	T351	T340
1905	1144	T361	T331
1405	1145	T351	T340
1875	1145	T331	T355
1904	1145	T361	T331
1406	1146	T351	T340
1445	1146	T352	T326
1458	1146	T326	GAP
1902	1146	T361	T331
1903	1146	T361	T331
960	1147	T345	T360
961	1147	T345	T360
962	1147	T345	T360
967	1147	T345	T360
1407	1147	T351	T340
1448	1147	T326	T352
1449	1147	T326	T352
1901	1147	T361	T331
1170	1148	T347	GAP
1171	1148	T347	GAP
1341	1148	T353	T328
1408	1148	T351	T340
1899	1148	T361	T331
2468	1148	T362	T373
1170	1149	T347	GAP
1409	1149	T351	T340
1894	1149	T361	T331
1895	1149	T361	T331
1896	1149	T361	T331
1897	1149	T361	T331
2468	1149	T362	T373
1410	1150	T351	T340
1891	1150	T361	T331
1892	1150	T361	T331
1893	1150	T361	T331
1331	1151	T328	T353
1332	1151	T328	T353
1333	1151	T328	T353
1411	1151	T351	T340
1889	1151	T361	T331
1412	1152	T351	T340
1886	1152	T361	T331
1887	1152	T361	T331
1327	1153	T328	T353
2465	1153	T362	T373
2465	1154	T362	T373
1463	1155	T356	GAP
2465	1155	T362	T373
1462	1156	T356	GAP
1882	1156	T361	T355
1419	1157	T351	T340
1461	1157	T356	GAP
1421	1158	T351	T340
1318	1159	T328	T353
1319	1159	T328	T353
1500	1159	T357	T346
1823	1159	T355	T364
2464	1159	T362	T373
1317	1160	T328	T353
1426	1160	T351	T340
1427	1160	T351	T340
1498	1160	T357	T346
1499	1160	T357	T346
1500	1160	T357	T346
1883	1160	T361	T355
1497	1161	T357	T346
1498	1161	T357	T346
1499	1161	T357	T346
1503	1161	T357	GAP
1883	1161	T361	T355
1460	1162	T356	GAP
1461	1162	T356	GAP
1462	1162	T356	GAP
1463	1162	T356	GAP
1503	1162	T357	GAP
1504	1162	T357	GAP
1884	1162	T361	T355
1310	1163	T328	T353
1473	1163	T356	GAP
1504	1163	T357	GAP
1505	1163	T357	GAP
1831	1163	T355	T364
2462	1163	T362	T373
1472	1164	T356	GAP
1473	1164	T356	GAP
1474	1164	T356	GAP
1833	1164	T355	T364
2461	1164	T362	T373
1471	1165	T356	GAP
1472	1165	T356	GAP
1473	1165	T356	GAP
1886	1165	T361	T355
2458	1165	T362	T373
1471	1166	T356	GAP
1472	1166	T356	GAP
1886	1166	T361	T355
2456	1166	T362	T373
2454	1167	T362	T373
1436	1168	T358	T352
1887	1168	T361	T355
2453	1168	T362	T373
1428	1169	T351	T358
1438	1169	T358	T352
1887	1169	T361	T355
2450	1169	T362	T373
1427	1170	T351	T358
1439	1170	T358	T352
1482	1170	T357	GAP
1427	1171	T351	T358
1440	1171	T358	T352
2446	1171	T362	T373
1427	1172	T351	T358
1441	1172	T358	T352
1442	1172	T358	T352
2445	1172	T362	T373
1426	1173	T351	T358
2443	1173	T362	T373
1425	1174	T351	T358
1890	1174	T361	T355
1424	1175	T351	T358
1891	1175	T361	T355
1423	1176	T351	T358
1446	1176	T352	T358
1892	1176	T361	T355
1422	1177	T351	T358
1420	1178	T351	T358
1419	1179	T351	T358
1313	1181	T353	T359
1896	1181	T361	T355
1315	1182	T359	T353
1411	1182	T351	T358
1409	1183	T351	T358
1897	1183	T355	T361
1404	1185	T351	T358
1663	1186	T378	T363
1663	1187	T378	T363
1900	1188	T361	T355
1664	1189	T378	T363
1533	1190	T369	T357
1534	1190	T369	T357
1535	1190	T369	T357
1664	1190	T378	T363
2428	1191	T362	T373
1665	1192	T378	T363
1665	1193	T378	T363
2423	1193	T362	T373
2424	1193	T362	T373
2425	1193	T362	T373
1665	1194	T378	T363
1665	1195	T378	T363
1665	1196	T378	T363
1665	1197	T378	T363
1665	1198	T378	T363
1665	1199	T378	T363
1480	1200	T356	GAP
1481	1200	T356	GAP
1482	1200	T357	GAP
1483	1200	T357	GAP
1484	1200	T357	GAP
1485	1200	T357	GAP
1486	1200	T357	GAP
1487	1200	T357	GAP
1480	1201	T356	GAP
1481	1201	T356	GAP
1482	1201	T357	GAP
1483	1201	T357	GAP
1484	1201	T357	GAP
1485	1201	T357	GAP
1479	1202	T356	GAP
1480	1202	T356	GAP
1481	1202	T356	GAP
1482	1202	T356	GAP
1483	1202	T356	GAP
1484	1202	T357	GAP
1153	1205	T390	T377
1155	1206	T377	T390
1752	1210	T387	T364
1802	1210	T382	T364
1751	1211	T387	T364
1804	1211	T382	T364
1805	1213	T382	T364
1748	1214	T387	T364
1807	1215	T382	T364
1684	1216	T363	GAP
1685	1216	T363	GAP
1691	1216	T363	GAP
1692	1216	T364	GAP
1685	1217	T363	GAP
1686	1217	T363	GAP
1690	1217	T363	GAP
1691	1217	T363	GAP
1692	1217	T364	GAP
1693	1217	T364	GAP
1694	1217	T364	GAP
1695	1217	T364	GAP
1696	1217	T364	GAP
1686	1218	T363	GAP
1687	1218	T363	GAP
1690	1218	T363	GAP
1691	1218	T363	GAP
1692	1218	T364	GAP
1693	1218	T364	GAP
1694	1218	T364	GAP
1695	1218	T364	GAP
1696	1218	T364	GAP
1697	1218	T364	GAP
1389	1219	T376	T371
1687	1219	T363	GAP
1688	1219	T363	GAP
1690	1219	T363	GAP
1691	1219	T363	GAP
1692	1219	T364	GAP
1693	1219	T364	GAP
1694	1219	T364	GAP
1695	1219	T364	GAP
1696	1219	T364	GAP
1697	1219	T364	GAP
1727	1219	T364	T387
1728	1219	T364	T387
1388	1220	T376	T371
1681	1220	T363	GAP
1682	1220	T363	GAP
1683	1220	T363	GAP
1684	1220	T363	GAP
1685	1220	T364	GAP
1686	1220	T364	GAP
1687	1220	T364	GAP
1688	1220	T364	GAP
1690	1220	T364	GAP
1691	1220	T364	GAP
1692	1220	T364	GAP
1693	1220	T364	GAP
1694	1220	T364	GAP
1695	1220	T364	GAP
1725	1220	T387	T364
1690	1221	T364	GAP
1691	1221	T364	GAP
1692	1221	T364	GAP
1693	1221	T364	GAP
1694	1221	T364	GAP
1387	1222	T376	T371
1690	1222	T364	GAP
1691	1222	T364	GAP
1720	1222	T387	T364
1235	1223	T385	T383
1387	1223	T376	T371
1681	1223	T363	GAP
1682	1223	T363	GAP
1683	1223	T363	GAP
1684	1223	T363	GAP
1685	1223	T364	GAP
1686	1223	T364	GAP
1687	1223	T364	GAP
1688	1223	T364	GAP
1690	1223	T364	GAP
1691	1223	T364	GAP
1717	1223	T387	T364
1151	1224	T390	T377
1682	1224	T363	GAP
1683	1224	T363	GAP
1684	1224	T364	GAP
1685	1224	T364	GAP
1686	1224	T364	GAP
1687	1224	T364	GAP
1688	1224	T364	GAP
1151	1225	T390	T377
1683	1225	T364	GAP
1684	1225	T364	GAP
1685	1225	T364	GAP
1686	1225	T364	GAP
1687	1225	T364	GAP
1688	1225	T364	GAP
1152	1226	T390	T377
1704	1230	T387	T364
1153	1232	T390	T377
1674	1233	T364	GAP
1154	1234	T390	T377
1243	1234	T383	T385
1674	1234	T364	GAP
1674	1235	T364	GAP
1674	1236	T364	GAP
1696	1237	T387	T364
1631	1239	T378	T399
1845	1240	T382	T395
1169	1241	T377	T392
1170	1241	T377	T392
1173	1242	T377	T392
1846	1242	T382	T395
1626	1244	T378	T399
1847	1244	T382	T395
1625	1245	T378	T399
1848	1245	T382	T395
1850	1246	T382	T395
1649	1247	T399	GAP
1504	1248	T378	T391
1504	1249	T378	T391
1504	1250	T378	T391
2424	1250	T432	T373
1504	1251	T378	T391
2434	1254	T432	T373
1877	1256	T395	T400
2441	1256	T432	T373
1877	1257	T395	T400
1877	1258	T395	T400
2448	1258	T432	T373
1506	1259	T378	T391
2449	1259	T432	T373
1507	1262	T378	T391
2451	1262	T432	T373
1508	1263	T378	T391
1269	1266	T385	T404
2453	1266	T432	T373
1273	1267	T385	T404
1511	1267	T378	T391
1258	1268	T404	T385
1256	1269	T404	T385
1568	1269	T378	T423
1569	1269	T378	T423
1570	1269	T378	T423
1571	1269	T378	T423
1572	1269	T378	T423
1573	1269	T378	T423
1574	1269	T378	T423
1575	1269	T378	T423
2455	1269	T432	T373
1292	1271	T404	GAP
2456	1271	T432	T373
1292	1272	T404	GAP
1293	1272	T404	GAP
1294	1272	T404	GAP
1295	1272	T411	GAP
1296	1272	T411	GAP
1297	1272	T411	GAP
1293	1273	T404	GAP
1294	1273	T404	GAP
1295	1273	T411	GAP
1296	1273	T411	GAP
2463	1276	T432	T373
2463	1277	T432	T373
2463	1278	T432	T373
2463	1279	T432	T373
2472	1287	T432	T373
2482	1287	T432	T373
1916	1288	T400	T409
2492	1288	T432	T373
2498	1290	T432	T373
1878	1292	T400	T395
2517	1293	T373	T432
2518	1293	T373	T432
2524	1293	T432	T373
2525	1293	T432	T373
2526	1293	T432	T373
1877	1294	T400	T395
1915	1294	T409	T400
1850	1295	T414	T395
2541	1296	T432	T373
2542	1296	T432	T373
2543	1296	T432	T373
2544	1296	T432	T373
2545	1296	T432	T373
1845	1298	T414	T395
1874	1299	T400	T395
1840	1300	T414	T395
1249	1303	T418	T416
1914	1304	T400	T409
1251	1305	T418	T416
1582	1305	T417	T423
1583	1305	T417	T423
1584	1305	T417	T423
1585	1305	T417	T423
1586	1305	T417	T423
1587	1305	T417	T423
1588	1305	T417	T423
1589	1305	T417	T423
1590	1305	T417	T423
1591	1305	T417	T423
1914	1305	T400	T409
1252	1306	T418	T416
1578	1306	T417	T423
1579	1306	T417	T423
1580	1306	T417	T423
1872	1308	T400	T395
1871	1310	T400	T395
1871	1311	T400	T395
2560	1311	T432	GAP
866	1312	T360	GAP
867	1312	T360	GAP
1871	1312	T400	T395
1908	1312	T400	T409
2560	1312	T432	GAP
2948	1312	T393	T426
2949	1312	T393	T426
866	1313	T360	GAP
867	1313	T360	GAP
1561	1313	T417	T423
2560	1313	T432	GAP
2937	1313	T393	T426
2938	1313	T393	T426
2939	1313	T393	T426
2940	1313	T393	T426
2941	1313	T393	T426
2942	1313	T393	T426
2943	1313	T393	T426
2944	1313	T393	T426
2945	1313	T393	T426
2946	1313	T393	T426
2966	1313	T393	T426
866	1314	T360	GAP
867	1314	T360	GAP
1251	1314	T418	T416
2556	1314	T432	GAP
2560	1314	T432	GAP
2968	1314	T393	T426
866	1315	T360	GAP
867	1315	T360	GAP
1551	1315	T417	T423
1552	1315	T417	T423
2557	1315	T432	GAP
2560	1315	T432	GAP
866	1316	T360	GAP
867	1316	T360	GAP
1250	1316	T418	T416
1547	1316	T417	T423
1548	1316	T417	T423
1549	1316	T417	T423
1892	1316	T400	GAP
1893	1316	T400	GAP
2558	1316	T401	GAP
866	1317	T360	GAP
867	1317	T360	GAP
1893	1317	T400	GAP
1894	1317	T400	GAP
2559	1317	T401	GAP
2932	1317	T393	T426
866	1318	T360	GAP
867	1318	T419	GAP
868	1318	T419	GAP
869	1318	T419	GAP
870	1318	T419	GAP
871	1318	T419	GAP
872	1318	T419	GAP
873	1318	T419	GAP
1894	1318	T400	GAP
1895	1318	T400	GAP
867	1319	T419	GAP
1248	1319	T418	T416
1541	1319	T417	T423
1895	1319	T400	GAP
1896	1319	T400	GAP
1540	1320	T417	T423
1896	1320	T420	GAP
884	1321	T397	T419
1539	1321	T417	T423
2974	1321	T393	T426
884	1322	T397	T419
884	1323	T397	T419
1537	1324	T423	T417
2927	1324	T393	T426
1537	1325	T423	T417
2926	1325	T426	T393
2923	1327	T393	T426
2924	1327	T393	T426
2925	1327	T393	T426
2917	1331	T393	T426
2911	1335	T393	T426
1800	1338	T414	T427
2982	1338	T393	T426
1798	1339	T414	T427
2908	1339	T393	T426
2982	1339	T393	T426
1794	1341	T414	T427
2886	1341	T393	T426
2887	1341	T393	T426
2896	1341	T393	T426
2897	1341	T393	T426
2905	1341	T426	T393
1228	1342	T418	T416
1532	1342	T417	T423
2877	1343	T393	T426
2878	1343	T393	T426
2982	1343	T393	T426
1198	1344	T422	T416
1531	1344	T423	T417
2875	1344	T426	T393
1531	1345	T423	T417
2985	1345	T393	T426
2986	1345	T393	T426
1220	1346	T418	T416
1221	1346	T418	T416
1785	1347	T427	T414
2871	1347	T393	T426
2872	1347	T393	T426
2873	1347	T393	T426
1373	1348	T412	T421
1216	1350	T418	T416
1530	1350	T417	T423
2992	1350	T393	T426
1216	1351	T418	T416
1530	1351	T417	T423
1781	1351	T414	T427
2868	1351	T393	T426
1529	1354	T423	T417
2865	1354	T393	T426
1369	1355	T412	T421
2862	1355	T393	T426
2863	1355	T393	T426
1774	1356	T414	T427
2861	1356	T393	T426
2850	1357	T393	T426
2851	1357	T393	T426
2997	1357	T393	T426
2852	1358	T393	T426
2998	1358	T393	T426
1770	1359	T427	T414
1365	1361	T412	T421
1532	1368	T417	T423
1532	1369	T417	T423
1762	1369	T414	T427
1760	1370	T414	T427
3005	1371	T426	T393
1534	1373	T423	T417
2789	1380	T401	T440
2788	1381	T401	T440
2786	1382	T440	T401
1733	1384	T427	T414
1734	1384	T427	T414
1735	1384	T427	T414
1736	1384	T427	T414
1737	1384	T427	T414
1738	1384	T427	T414
2778	1384	T440	T401
2779	1384	T440	T401
3006	1384	T393	T426
1548	1385	T654	T430
1730	1385	T414	T427
1341	1386	T441	T431
1481	1387	T435	GAP
1482	1387	T654	GAP
1338	1388	T441	T431
1481	1388	T435	GAP
1554	1388	T430	T654
3000	1388	T393	T426
3001	1388	T393	T426
1336	1389	T441	T431
1335	1390	T441	T431
1564	1390	T654	T430
1331	1392	T441	T431
1568	1392	T654	T430
2763	1392	T401	GAP
2763	1393	T401	GAP
2764	1393	T401	GAP
1327	1394	T441	T431
1571	1394	T654	T430
2764	1394	T401	GAP
2765	1394	T401	GAP
1575	1396	T654	T430
1577	1397	T430	T654
1579	1398	T654	T430
1586	1399	T654	T430
1635	1402	T654	T430
1604	1403	T654	T430
1627	1403	T430	T654
1628	1403	T430	T654
1629	1403	T430	T654
1630	1403	T430	T654
1608	1404	T654	T430
1609	1404	T654	T430
1610	1404	T654	T430
1314	1405	T441	T431
1615	1405	T430	T654
1616	1405	T430	T654
1617	1405	T430	T654
1618	1405	T430	T654
1619	1405	T430	T654
1620	1405	T430	T654
1621	1405	T430	T654
1622	1405	T430	T654
2620	1406	T401	T442
2621	1406	T401	T442
2629	1406	T442	T401
2635	1406	T442	T401
2636	1406	T442	T401
1312	1408	T441	T431
2643	1408	T442	T401
1311	1409	T441	T431
1310	1410	T441	T431
2594	1410	T442	T401
2595	1410	T442	T401
2663	1411	T401	T442
2664	1411	T401	T442
2665	1411	T401	T442
2666	1411	T401	T442
2667	1411	T401	T442
2668	1411	T401	T442
2669	1411	T401	T442
2670	1411	T401	T442
2671	1411	T401	T442
2672	1411	T401	T442
2673	1411	T401	T442
2674	1411	T401	T442
2675	1411	T401	T442
2676	1411	T401	T442
2677	1411	T401	T442
2678	1411	T401	T442
2679	1411	T401	T442
2680	1411	T401	T442
2681	1411	T401	T442
2682	1411	T401	T442
2683	1411	T401	T442
2684	1411	T401	T442
2685	1411	T401	T442
2562	1412	T442	T401
2563	1412	T442	T401
2564	1412	T442	T401
2565	1412	T442	T401
2566	1412	T442	T401
2567	1412	T442	T401
2568	1412	T442	T401
2569	1412	T442	T401
2584	1412	T401	T442
2687	1412	T401	T442
2544	1413	T401	T442
2545	1413	T401	T442
2573	1413	T401	T442
2574	1413	T401	T442
2575	1413	T401	T442
2576	1413	T401	T442
2577	1413	T401	T442
2578	1413	T401	T442
2579	1413	T401	T442
2580	1413	T401	T442
2581	1413	T401	T442
2689	1413	T401	T442
2690	1413	T401	T442
2691	1413	T401	T442
2692	1413	T401	T442
2693	1413	T401	T442
2694	1413	T401	T442
2695	1413	T401	T442
2696	1413	T401	T442
2697	1413	T401	T442
1298	1419	T441	T431
1294	1420	T441	T431
1295	1420	T441	T431
1296	1420	T441	T431
1596	1421	T654	GAP
1576	1422	T654	GAP
1577	1422	T654	GAP
1579	1422	T654	GAP
1580	1422	T654	GAP
1575	1423	T654	GAP
1576	1423	T654	GAP
1580	1423	T654	GAP
1581	1423	T654	GAP
1574	1424	T654	GAP
1575	1424	T654	GAP
1581	1424	T654	GAP
1582	1424	T654	GAP
1573	1425	T654	GAP
1574	1425	T654	GAP
1582	1425	T654	GAP
1583	1425	T654	GAP
1592	1425	T654	GAP
1555	1426	T444	GAP
1573	1426	T444	GAP
1583	1426	T444	GAP
1552	1429	T444	GAP
2481	1444	T442	T432
2473	1445	T432	T442
2464	1447	T432	T442
2463	1448	T432	T442
2457	1453	T432	T442
2453	1455	T432	T442
2449	1458	T442	T432
2390	1459	T432	T442
2391	1459	T432	T442
2392	1459	T432	T442
2393	1459	T432	T442
2400	1459	T432	T442
2445	1459	T432	T442
2446	1459	T432	T442
2447	1459	T432	T442
2389	1460	T432	T442
2436	1460	T432	T442
2437	1460	T432	T442
2420	1461	T432	T442
2421	1461	T432	T442
2422	1461	T432	T442
2423	1461	T432	T442
2424	1461	T432	T442
2425	1461	T432	T442
2980	1461	T461	T438
2979	1462	T461	T438
2414	1463	T432	T442
2415	1463	T432	T442
2416	1463	T432	T442
2393	1467	T442	T432
2974	1467	T438	T461
2395	1469	T432	T442
2396	1470	T432	T442
2397	1471	T432	T442
2960	1472	T461	T438
2951	1474	T461	T438
2952	1474	T461	T438
2953	1474	T461	T438
2954	1474	T461	T438
2955	1474	T461	T438
2956	1474	T461	T438
2957	1474	T461	T438
2399	1475	T432	T442
2946	1476	T461	T438
2403	1478	T432	T442
2943	1478	T461	T438
2405	1480	T432	T442
2936	1480	T461	T438
2937	1480	T461	T438
2938	1480	T461	T438
2405	1481	T432	T442
2410	1486	T432	T442
2411	1487	T432	T442
2415	1491	T432	T442
2415	1492	T432	T442
2417	1496	T432	T442
2417	1497	T432	T442
2417	1498	T432	T442
2417	1499	T432	T442
2417	1500	T432	T442
2417	1501	T432	T442
2417	1502	T432	T442
2417	1503	T432	T442
2417	1504	T432	T442
2417	1505	T432	T442
2417	1506	T432	T442
2417	1507	T432	T442
2417	1508	T432	T442
2415	1513	T432	T442
2415	1514	T432	T442
2895	1515	T461	T449
2889	1516	T461	T449
2890	1516	T461	T449
2896	1516	T461	T449
2657	1517	T451	GAP
2413	1520	T432	T442
2406	1527	T432	T442
2675	1529	T476	T451
2678	1530	T476	T451
2679	1530	T476	T451
2680	1530	T476	T451
2683	1531	T476	T451
2886	1531	T449	T461
2401	1532	T442	T432
2684	1532	T476	T451
2886	1532	T449	T461
2687	1535	T476	T451
2692	1542	T451	T476
2391	1545	T432	T442
2887	1545	T461	T449
2384	1547	T432	T442
2884	1550	T461	T449
2699	1551	T476	T451
2884	1551	T461	T449
2699	1552	T476	T451
2884	1552	T461	T449
2699	1553	T476	T451
2884	1553	T461	T449
2699	1554	T476	T451
2884	1554	T461	T449
2699	1555	T476	T451
2695	1561	T476	T451
2701	1569	T476	T451
1653	1571	T448	T463
1654	1571	T448	T463
1657	1571	T448	T463
1652	1572	T448	T463
1653	1572	T448	T463
1651	1573	T448	T463
1650	1574	T448	T463
1656	1574	T448	T463
2880	1574	T461	T449
1656	1575	T448	T463
2880	1575	T461	T449
1656	1576	T448	T463
2880	1576	T461	T449
1656	1577	T448	T463
2880	1577	T461	T449
2880	1578	T461	T449
1647	1580	T448	T463
1581	1581	T466	T454
1572	1583	T466	T454
1634	1583	T448	T463
1642	1583	T448	T463
1643	1583	T448	T463
1571	1584	T466	T454
1632	1584	T448	T463
1570	1585	T466	T454
1628	1585	T448	T463
1629	1585	T448	T463
1568	1586	T466	T454
1569	1586	T466	T454
1625	1588	T448	T463
1624	1589	T448	T463
1623	1590	T448	T463
1599	1591	T448	T463
1621	1591	T448	T463
1622	1591	T448	T463
1519	1592	T466	T455
1597	1592	T448	T463
1619	1592	T448	T463
1593	1593	T448	T463
1594	1593	T448	T463
1595	1593	T448	T463
1596	1593	T448	T463
1513	1594	T466	T455
1514	1594	T466	T455
1589	1595	T448	T463
1508	1596	T466	T455
1509	1596	T466	T455
1500	1597	T466	T455
1574	1603	T463	T466
1571	1612	T466	T463
1570	1614	T466	T463
1569	1615	T466	T463
1581	1615	T466	T463
1582	1615	T466	T463
1580	1616	T466	T463
1583	1616	T466	T463
1583	1617	T466	T463
1583	1618	T466	T463
1577	1619	T466	T463
1572	1620	T466	T463
1584	1620	T466	T463
1584	1621	T466	T463
1581	1624	T466	T463
2878	1624	T461	T465
1577	1625	T466	T463
1578	1625	T466	T463
1579	1625	T466	T463
1580	1625	T466	T463
2878	1625	T461	T465
2878	1626	T461	T465
1574	1627	T466	T463
1572	1632	T466	T463
2731	1632	T476	T465
2739	1635	T465	T476
2740	1635	T465	T476
2742	1636	T476	T465
2743	1636	T476	T465
2757	1638	T465	T476
2758	1638	T465	T476
2759	1638	T465	T476
2766	1639	T476	T465
2773	1640	T476	T465
2774	1642	T476	T465
2782	1642	T476	T465
2783	1642	T476	T465
2784	1642	T476	T465
2874	1642	T461	T465
2872	1644	T465	T461
2789	1645	T476	T465
2792	1646	T476	T465
2870	1646	T461	T465
2869	1647	T461	T465
2867	1649	T461	T465
2795	1650	T476	T465
2795	1651	T476	T465
2795	1652	T476	T465
2795	1653	T476	T465
2814	1662	T476	T465
2815	1662	T476	T465
1256	1684	T469	T470
1265	1686	T469	T470
2360	1719	T468	GAP
2361	1719	T468	GAP
2362	1719	T468	GAP
2363	1719	T471	GAP
2364	1719	T471	GAP
2365	1719	T471	GAP
2366	1719	T471	GAP
2367	1719	T471	GAP
1154	1731	T475	T473
1155	1731	T475	T473
1154	1732	T475	T473
1661	1813	T481	T480
1612	1815	T481	T482
1614	1816	T482	T481
1615	1816	T482	T481
1616	1816	T482	T481
1617	1816	T482	T481
1624	1817	T482	T481
1632	1818	T481	T482
1633	1820	T481	T482
1635	1822	T481	T482
1636	1823	T482	T481
1602	1825	T482	T484
1612	1825	T484	T482
1671	1825	T480	T486
1615	1826	T484	T482
1630	1826	T482	T481
1631	1826	T482	T481
1596	1829	T484	T482
1678	1829	T486	T480
1679	1830	T486	T480
1583	1838	T482	T484
1584	1840	T484	T482
1585	1840	T484	T482
1586	1840	T484	T482
1587	1840	T484	T482
1588	1840	T484	T482
1603	1843	T482	T484
1595	1848	T484	T482
1585	1851	T484	T482
1583	1852	T484	T482
1558	1857	T482	T492
1562	1859	T482	T492
1567	1861	T482	T492
1568	1861	T482	T492
1553	1869	T492	T489
1563	1873	T492	T489
1564	1873	T492	T489
1570	1876	T489	T492
1573	1877	T492	T489
1574	1877	T492	T489
942	1885	T488	GAP
943	1885	T488	GAP
944	1885	T488	GAP
1585	1885	T489	T492
943	1886	T488	GAP
944	1886	T488	GAP
945	1886	T488	GAP
944	1887	T488	GAP
945	1887	T488	GAP
946	1887	T488	GAP
1586	1887	T492	T489
945	1888	T487	GAP
946	1888	T487	GAP
946	1889	T487	GAP
1588	1889	T492	T489
1588	1890	T492	T489
1588	1891	T492	T489
1589	1894	T492	T489
1590	1897	T492	T489
1590	1898	T492	T489
1591	1900	T492	T489
1592	1902	T492	T489
1596	1913	T492	T489
1597	1914	T492	T489
1616	1931	T489	T492
1620	1936	T492	T489
1621	1938	T492	T489
1623	1939	T492	T489
1628	1946	T492	T489
1629	1946	T492	T489
1628	1947	T492	T489
1099	1972	T498	T491
1100	1972	T498	T491
1101	1972	T498	T491
1102	1973	T498	T491
1039	1975	T496	T498
1040	1975	T496	T498
1041	1975	T496	T498
1045	1978	T496	T498
1018	1979	T496	T498
1045	1979	T496	T498
1015	1980	T498	T496
1045	1980	T496	T498
1047	1981	T496	T498
1046	1982	T496	T498
1047	1982	T496	T498
1111	1982	T491	T498
1112	1983	T491	T498
1116	1985	T498	T491
1120	1987	T491	T498
1121	1987	T491	T498
1123	1988	T498	T491
1131	1988	T498	T491
1132	1988	T498	T491
1133	1988	T498	T491
1134	1988	T498	T491
1005	1989	T496	T498
1125	1989	T491	T498
1126	1989	T491	T498
1127	1989	T491	T498
1128	1989	T491	T498
1129	1989	T491	T498
1004	1990	T496	T498
1155	1990	T503	T512
1004	1991	T496	T498
1157	1995	T503	T512
1158	1997	T503	T512
1160	1999	T503	T512
1193	1999	T512	T500
1162	2002	T512	T503
1004	2003	T507	T498
1163	2004	T512	T503
1164	2005	T512	T503
1007	2007	T507	T498
1131	2007	T511	T498
1132	2007	T511	T498
1133	2007	T511	T498
1165	2007	T512	T503
1008	2008	T507	T498
1136	2008	T511	T498
1166	2008	T512	T503
1114	2009	T498	T511
1119	2009	T511	T498
1137	2009	T511	T498
1196	2009	T500	T512
1011	2010	T498	T507
1109	2010	T511	T498
1110	2010	T511	T498
1111	2010	T511	T498
1112	2010	T511	T498
1138	2010	T511	T498
1144	2010	T498	T511
1197	2010	T500	T512
1012	2011	T498	T507
1013	2011	T498	T507
1028	2011	T507	T498
1029	2011	T507	T498
1030	2011	T507	T498
1031	2011	T507	T498
1032	2011	T507	T498
1033	2011	T507	T498
1034	2011	T507	T498
1035	2011	T507	T498
1036	2011	T507	T498
1037	2011	T507	T498
1038	2011	T507	T498
1039	2011	T507	T498
1040	2011	T507	T498
1044	2011	T507	T498
1097	2011	T511	T498
1098	2011	T511	T498
1099	2011	T511	T498
1100	2011	T511	T498
1141	2011	T498	T511
1142	2011	T498	T511
1143	2011	T498	T511
1198	2011	T500	T512
1014	2012	T498	T507
1026	2012	T507	T498
1027	2012	T507	T498
1167	2012	T503	T512
1168	2012	T503	T512
1016	2013	T498	T507
1023	2013	T507	T498
1162	2015	T512	T503
1201	2016	T512	T500
1155	2022	T512	T511
1207	2022	T500	T512
1209	2023	T500	T512
1211	2024	T500	T512
1213	2025	T500	T512
1154	2028	T512	T511
1155	2028	T512	T511
1156	2028	T512	T511
1157	2028	T512	T511
1161	2029	T511	T512
1220	2030	T512	T500
1223	2031	T500	T512
1167	2032	T511	T512
1225	2032	T512	T500
1226	2032	T512	T500
1170	2033	T511	T512
1228	2033	T512	T500
1171	2034	T511	T512
1173	2035	T512	T511
1174	2036	T512	T511
1175	2037	T511	T512
1244	2039	T510	T512
1245	2039	T510	T512
1177	2041	T511	T512
1180	2044	T511	T512
1256	2046	T510	T512
1256	2047	T510	T512
1256	2048	T510	T512
1185	2049	T511	T512
1186	2050	T511	T512
1260	2054	T510	T512
1193	2056	T511	T512
1194	2056	T511	T512
1195	2056	T511	T512
1202	2057	T511	T512
1263	2057	T510	T512
1204	2058	T511	T512
1211	2059	T512	T511
1213	2061	T511	T512
1213	2062	T511	T512
1213	2063	T511	T512
1214	2065	T512	T511
1214	2066	T512	T511
1214	2067	T512	T511
1275	2069	T512	T510
1217	2071	T511	T512
1218	2073	T511	T512
1277	2073	T512	T510
1219	2074	T511	T512
1220	2075	T511	T512
1280	2077	T510	T512
1283	2078	T510	T512
1291	2081	T510	T512
1224	2086	T511	T512
1221	2089	T512	T511
1220	2095	T511	T512
1301	2095	T510	T512
1302	2098	T510	T512
1303	2099	T510	T512
1304	2099	T510	T512
1305	2100	T510	T512
1307	2101	T510	T512
1309	2102	T510	T512
1311	2103	T510	T512
1315	2106	T512	T510
1317	2109	T512	T510
1317	2110	T512	T510
1317	2111	T512	T510
1317	2112	T512	T510
1318	2114	T510	T512
1318	2115	T510	T512
1318	2116	T510	T512
1318	2117	T510	T512
1318	2118	T510	T512
1249	2126	T523	T512
1250	2126	T523	T512
1251	2126	T523	T512
1252	2126	T523	T512
1253	2126	T523	T512
1253	2127	T523	T512
1255	2129	T512	T523
1257	2130	T523	T512
1258	2130	T523	T512
1259	2130	T523	T512
1262	2131	T512	T523
1263	2131	T512	T523
1266	2132	T523	T512
1318	2132	T510	T512
1268	2133	T523	T512
1318	2133	T510	T512
1318	2134	T510	T512
1318	2135	T510	T512
1269	2136	T523	T512
1268	2137	T523	T512
1319	2137	T510	T512
1266	2138	T523	T512
1320	2138	T510	T512
1265	2139	T523	T512
1265	2142	T523	T512
1323	2143	T510	T512
1269	2147	T523	T512
1270	2148	T523	T512
1361	2149	T512	T510
1356	2150	T512	T510
1363	2150	T512	T510
1331	2151	T510	T512
1356	2151	T512	T510
1355	2153	T510	T512
1278	2156	T523	T512
1280	2157	T523	T512
1354	2157	T510	T512
1353	2158	T510	T512
1340	2159	T510	T512
1341	2159	T510	T512
1342	2159	T510	T512
1343	2159	T510	T512
1353	2159	T510	T512
1281	2160	T523	T512
1345	2160	T510	T512
1346	2160	T510	T512
1347	2160	T510	T512
1348	2160	T510	T512
1349	2160	T510	T512
1350	2160	T510	T512
1351	2160	T510	T512
1377	2160	T514	T512
1281	2161	T523	T512
1379	2161	T514	T512
1380	2161	T514	T512
1381	2161	T514	T512
1382	2161	T514	T512
1388	2161	T514	T512
1280	2162	T523	T512
1278	2163	T523	T512
1272	2166	T523	T512
1389	2166	T514	T512
1417	2166	T518	T514
1418	2166	T518	T514
1419	2166	T518	T514
1415	2167	T518	T514
1421	2167	T514	T518
1422	2167	T514	T518
1423	2167	T514	T518
1271	2168	T523	T512
1386	2168	T514	T512
1426	2169	T514	T518
1427	2169	T514	T518
1430	2170	T514	T518
1434	2171	T514	T518
1478	2174	T518	T514
1479	2174	T518	T514
1480	2174	T518	T514
1481	2174	T518	T514
1446	2175	T514	T518
1807	2175	T515	T524
1447	2176	T514	T518
1377	2177	T512	T514
1449	2177	T514	T518
1376	2178	T512	T514
1451	2178	T514	T518
1476	2178	T514	T518
1806	2178	T515	T524
1453	2179	T514	T518
1476	2179	T514	T518
1281	2180	T523	T512
1282	2181	T523	T512
1458	2181	T514	T518
1475	2181	T514	T518
1283	2182	T523	T512
1460	2182	T514	T518
1509	2182	T518	T514
1474	2183	T514	T518
1805	2183	T515	T524
1284	2184	T512	T523
1463	2184	T514	T518
1464	2184	T514	T518
1490	2184	T518	T514
1286	2185	T512	T523
1287	2185	T512	T523
1804	2185	T515	T524
1494	2188	T514	T518
1507	2190	T514	T518
1798	2190	T515	T524
1498	2192	T514	T518
1499	2192	T514	T518
1794	2193	T515	T524
1792	2195	T515	T524
1791	2196	T515	T524
1424	2197	T534	T518
1791	2197	T515	T524
1427	2198	T534	T518
1790	2198	T515	T524
1427	2199	T534	T518
1469	2199	T518	T534
1470	2199	T518	T534
1790	2199	T515	T524
1789	2200	T515	T524
1426	2201	T534	T518
1457	2201	T534	T518
1788	2201	T515	T524
1425	2202	T534	T518
1452	2202	T534	T518
1453	2202	T534	T518
1787	2202	T515	T524
1424	2204	T534	T518
1450	2204	T534	T518
1780	2204	T515	T524
1781	2204	T515	T524
1782	2204	T515	T524
1449	2205	T534	T518
1778	2205	T524	T515
1449	2206	T534	T518
1449	2207	T534	T518
1449	2208	T534	T518
1434	2209	T534	T518
1435	2209	T534	T518
1436	2209	T534	T518
1437	2209	T534	T518
1438	2209	T534	T518
1439	2209	T534	T518
1449	2209	T534	T518
971	2210	T525	T536
1433	2210	T534	T518
1440	2210	T534	T518
1449	2210	T534	T518
1432	2211	T534	T518
1441	2211	T534	T518
1449	2211	T534	T518
975	2212	T525	T536
1422	2212	T518	T534
1432	2212	T534	T518
1442	2212	T534	T518
1422	2213	T518	T534
1443	2213	T534	T518
1422	2214	T518	T534
979	2215	T536	T525
1422	2215	T518	T534
1445	2215	T518	T534
1446	2215	T518	T534
1447	2215	T518	T534
1423	2216	T534	T518
1431	2216	T534	T518
983	2218	T525	T536
1430	2218	T534	T518
983	2219	T525	T536
1427	2219	T518	T534
1428	2219	T518	T534
1429	2219	T518	T534
984	2221	T525	T536
1317	2224	T523	T533
1344	2224	T534	T533
988	2225	T536	T525
1317	2225	T523	T533
989	2226	T536	T525
1317	2226	T523	T533
1345	2226	T534	T533
1316	2227	T523	T533
1346	2227	T534	T533
992	2228	T525	T536
993	2228	T525	T536
1315	2228	T523	T533
1347	2228	T534	T533
1314	2229	T523	T533
1313	2231	T523	T533
999	2233	T536	T525
1310	2233	T523	T533
1309	2234	T523	T533
1308	2235	T523	T533
1307	2237	T523	T533
1359	2238	T533	T534
1361	2239	T534	T533
1007	2240	T536	T525
1007	2241	T536	T525
1367	2247	T533	T534
1709	2247	T516	T524
1704	2248	T516	T524
1705	2248	T516	T524
1706	2248	T516	T524
1702	2249	T516	T524
1017	2250	T525	T536
1682	2252	T524	T516
1698	2252	T516	T524
1018	2253	T525	T536
1684	2253	T516	T524
1685	2253	T516	T524
1696	2253	T516	T524
1018	2254	T525	T536
1672	2254	T537	T535
1686	2254	T516	T524
1687	2254	T516	T524
1688	2254	T516	T524
1689	2254	T516	T524
1690	2254	T516	T524
1693	2254	T524	T516
1018	2255	T525	T536
1672	2255	T537	T535
1343	2256	T534	T533
1344	2256	T534	T533
1345	2256	T534	T533
1672	2256	T537	T535
1345	2257	T534	T533
1346	2258	T534	T533
1346	2259	T534	T533
1346	2260	T534	T533
1673	2260	T537	T535
1674	2261	T537	T535
1335	2264	T533	T534
1357	2264	T534	T533
1365	2264	T533	T534
1361	2265	T533	T534
1362	2265	T533	T534
1363	2265	T533	T534
1364	2265	T533	T534
1349	2266	T533	T534
1680	2266	T537	T535
1682	2267	T537	T535
1332	2268	T534	T533
1683	2268	T537	T535
1332	2269	T534	T533
1684	2269	T537	T535
1332	2270	T534	T533
1333	2271	T534	T533
1689	2271	T537	T535
1690	2271	T537	T535
1691	2271	T537	T535
1692	2271	T537	T535
1693	2271	T537	T535
1694	2271	T537	T535
1695	2271	T537	T535
1334	2272	T534	T533
1697	2272	T535	T537
1706	2275	T537	T535
1708	2276	T535	T537
1337	2277	T533	T534
1709	2277	T535	T537
861	2278	T517	T538
862	2279	T517	T538
868	2283	T517	T538
1338	2283	T534	T533
1338	2284	T534	T533
1338	2285	T534	T533
1338	2286	T534	T533
876	2287	T517	T538
1338	2287	T534	T533
878	2288	T517	T538
1338	2288	T534	T533
1709	2288	T535	T537
1709	2289	T535	T537
882	2290	T538	T517
1308	2292	T533	T540
1339	2292	T534	T533
1520	2292	T541	T535
1521	2292	T541	T535
1522	2292	T541	T535
1708	2292	T537	T535
980	2293	T525	T538
981	2293	T525	T538
1308	2293	T533	T540
1524	2293	T535	T541
1525	2293	T535	T541
945	2294	T525	T538
946	2294	T525	T538
947	2294	T525	T538
1308	2294	T533	T540
1527	2294	T541	T535
1707	2294	T535	T537
967	2295	T525	T538
968	2295	T525	T538
969	2295	T525	T538
970	2295	T525	T538
971	2295	T525	T538
972	2295	T525	T538
973	2295	T525	T538
974	2295	T525	T538
975	2295	T525	T538
1308	2295	T533	T540
1340	2295	T534	T533
942	2296	T525	T538
1308	2296	T533	T540
1308	2297	T533	T540
1533	2297	T535	T541
937	2298	T525	T538
938	2298	T525	T538
1308	2298	T533	T540
887	2299	T517	T538
932	2299	T525	T538
933	2299	T525	T538
934	2299	T525	T538
1311	2299	T540	T533
1464	2299	T534	T541
887	2300	T517	T538
904	2300	T517	T538
929	2300	T525	T538
930	2300	T525	T538
1318	2300	T540	T533
887	2301	T517	T538
900	2301	T517	T538
925	2301	T525	T538
926	2301	T525	T538
927	2301	T525	T538
1468	2301	T534	T541
1469	2301	T534	T541
1470	2301	T534	T541
887	2302	T517	T538
887	2303	T517	T538
888	2303	T517	T538
889	2303	T517	T538
890	2303	T517	T538
891	2303	T517	T538
1320	2306	T540	T533
1320	2307	T540	T533
1320	2308	T540	T533
1320	2309	T540	T533
1319	2310	T540	T533
1317	2311	T540	T533
1318	2311	T540	T533
1547	2313	T535	T541
1312	2315	T540	T533
1313	2315	T540	T533
1311	2316	T540	T533
1412	2320	T534	T540
1411	2321	T534	T540
1410	2322	T534	T540
1407	2323	T540	T534
1566	2324	T541	T535
1315	2325	T540	T533
1571	2326	T541	T535
1578	2327	T535	T541
1579	2327	T535	T541
1580	2327	T535	T541
1671	2336	T535	T544
1669	2337	T535	T544
890	2338	T538	T547
1660	2339	T535	T544
1661	2339	T535	T544
901	2340	T547	T538
902	2341	T547	T538
904	2343	T538	T547
1648	2343	T535	T544
905	2344	T538	T547
906	2345	T538	T547
907	2345	T538	T547
1637	2345	T535	T544
1638	2345	T535	T544
908	2346	T538	T547
909	2346	T538	T547
1624	2347	T535	T544
1625	2347	T535	T544
1626	2347	T535	T544
1627	2347	T535	T544
1628	2347	T535	T544
1629	2347	T535	T544
1630	2347	T535	T544
1088	2352	T536	T547
1089	2353	T536	T547
1090	2353	T536	T547
1091	2353	T536	T547
1092	2353	T536	T547
1093	2353	T536	T547
928	2355	T547	T538
1025	2355	T547	T538
929	2356	T547	T538
1095	2356	T536	T547
893	2357	T542	T547
930	2357	T547	T538
893	2358	T542	T547
894	2358	T542	T547
893	2359	T542	T547
894	2359	T542	T547
895	2359	T542	T547
896	2360	T542	T547
892	2361	T542	GAP
932	2361	T538	T547
892	2362	T542	GAP
1017	2362	T547	T538
1018	2362	T547	T538
1096	2362	T536	T547
898	2363	T542	T547
1014	2363	T547	T538
1097	2363	T536	T547
1098	2363	T536	T547
898	2364	T542	T547
1011	2364	T538	T547
1099	2364	T536	T547
898	2365	T542	T547
899	2365	T542	T547
1101	2365	T536	T547
1102	2365	T536	T547
1103	2365	T536	T547
1104	2365	T536	T547
1105	2365	T536	T547
1106	2365	T536	T547
1107	2365	T536	T547
1108	2365	T536	T547
1109	2365	T536	T547
897	2366	T542	T547
898	2366	T542	T547
899	2366	T542	T547
1002	2366	T538	T547
1110	2366	T536	T547
1000	2367	T538	T547
1113	2367	T547	T536
999	2368	T538	T547
1115	2368	T536	T547
997	2369	T538	T547
1116	2369	T536	T547
1116	2370	T536	T547
1117	2370	T536	T547
1120	2371	T536	T547
1121	2371	T536	T547
1122	2371	T536	T547
994	2372	T547	T538
1124	2372	T536	T547
1125	2373	T536	T547
1126	2374	T536	T547
938	2375	T538	T547
1851	2375	T537	T548
1852	2375	T537	T548
1857	2375	T537	T548
988	2376	T538	T547
957	2377	T547	T538
958	2377	T547	T538
959	2377	T547	T538
960	2377	T547	T538
961	2377	T547	T538
962	2377	T547	T538
963	2377	T547	T538
964	2377	T547	T538
941	2378	T547	T538
942	2378	T547	T538
943	2378	T547	T538
944	2378	T547	T538
945	2378	T547	T538
946	2378	T547	T538
956	2378	T538	T547
978	2378	T547	T538
976	2379	T538	T547
949	2380	T538	T547
950	2380	T538	T547
951	2380	T538	T547
952	2380	T538	T547
953	2380	T538	T547
954	2380	T538	T547
975	2380	T538	T547
1127	2381	T536	T547
1844	2381	T537	T548
1845	2381	T537	T548
1129	2383	T536	T547
1867	2384	T537	T548
1133	2385	T536	T547
1135	2386	T536	T547
1839	2387	T537	T548
1869	2387	T548	T537
1785	2388	T537	T548
1838	2388	T537	T548
1777	2389	T537	T548
1870	2389	T537	T548
1776	2390	T537	T548
1870	2390	T537	T548
1775	2391	T537	T548
1834	2391	T537	T548
1835	2391	T537	T548
1833	2392	T537	T548
1796	2393	T537	T548
1795	2394	T537	T548
1832	2394	T548	T537
1138	2395	T536	T547
1794	2395	T537	T548
1804	2395	T537	T548
1831	2396	T537	T548
1769	2397	T537	T548
1767	2398	T537	T548
1768	2398	T537	T548
1830	2398	T537	T548
1762	2399	T537	T548
1763	2399	T537	T548
1764	2399	T537	T548
1812	2399	T537	T548
1827	2399	T537	T548
1761	2400	T537	T548
1819	2403	T537	T548
1820	2403	T537	T548
1750	2405	T537	T548
1737	2406	T537	T548
1868	2415	T549	T551
1868	2416	T549	T551
1868	2417	T549	T551
1870	2421	T551	T549
1871	2424	T551	T549
1872	2426	T549	T551
1872	2427	T549	T551
1869	2438	T549	T551
1671	2447	T557	T554
1672	2447	T557	T554
1673	2447	T557	T554
1865	2447	T551	T549
1232	2448	T552	T553
1666	2448	T554	T557
1675	2448	T554	T557
1676	2448	T554	T557
1680	2449	T557	T554
1233	2452	T553	T552
1684	2452	T557	T554
1233	2453	T553	T552
1863	2453	T551	T549
1234	2455	T552	T553
1663	2455	T557	T554
1234	2456	T552	T553
1691	2457	T557	T554
1692	2457	T557	T554
1236	2459	T552	T553
1694	2459	T557	T554
1236	2460	T552	T553
1236	2461	T552	T553
1658	2461	T554	T557
1695	2461	T557	T554
1851	2461	T551	T549
1849	2462	T549	T551
1237	2464	T552	T553
1657	2464	T554	T557
1237	2465	T552	T553
1701	2465	T557	T554
1702	2465	T557	T554
1703	2465	T557	T554
1704	2465	T557	T554
1705	2465	T557	T554
1237	2471	T552	T553
1236	2473	T552	T553
1648	2473	T557	T554
1235	2474	T552	T553
1235	2475	T552	T553
1643	2475	T554	T557
1235	2476	T552	T553
1637	2477	T557	T554
1841	2478	T551	T549
1633	2479	T554	T557
1628	2482	T557	T554
1839	2482	T551	T549
1235	2483	T552	T553
1627	2483	T557	T554
1838	2483	T549	T551
1836	2488	T549	T551
1836	2489	T549	T551
1835	2492	T551	T549
1234	2493	T552	T553
1835	2493	T551	T549
1234	2494	T552	T553
1234	2495	T552	T553
1234	2496	T552	T553
1234	2497	T552	T553
1234	2498	T552	T553
1634	2498	T557	T554
1635	2498	T557	T554
1636	2498	T557	T554
1234	2499	T552	T553
1638	2500	T557	T554
1638	2501	T557	T554
1638	2502	T557	T554
1637	2504	T557	T554
1838	2504	T551	T549
1235	2505	T552	T553
1637	2505	T557	T554
1839	2505	T551	T549
1637	2506	T557	T554
1637	2507	T557	T554
1637	2508	T557	T554
1637	2509	T557	T554
1235	2510	T552	T553
1636	2510	T557	T554
1842	2510	T549	T551
1234	2512	T553	T552
1233	2513	T553	T552
1232	2514	T553	T552
1231	2515	T553	T552
1630	2516	T557	T554
1229	2519	T553	T552
1229	2520	T553	T552
1229	2521	T553	T552
1630	2521	T554	T557
1631	2522	T554	T557
1550	2523	T550	GAP
1551	2523	T550	GAP
1633	2523	T554	T557
1634	2523	T554	T557
1635	2523	T554	T557
1228	2524	T553	T552
1551	2524	T550	GAP
1552	2524	T550	GAP
1637	2524	T557	T554
1638	2524	T557	T554
1639	2524	T557	T554
1228	2525	T553	T552
1552	2525	T550	GAP
1553	2525	T550	GAP
1639	2525	T557	T554
1228	2526	T553	T552
1553	2526	T550	GAP
1554	2526	T550	GAP
1639	2526	T557	T554
1554	2527	T556	GAP
1639	2527	T557	T554
1848	2527	T551	T549
1639	2528	T557	T554
1639	2529	T557	T554
1222	2532	T552	T553
1218	2533	T553	T552
1209	2534	T552	T553
1210	2534	T552	T553
1211	2534	T552	T553
1212	2534	T552	T553
1208	2535	T552	T553
1641	2536	T557	T554
1641	2537	T557	T554
1641	2538	T557	T554
1641	2539	T557	T554
1641	2540	T557	T554
1206	2541	T553	T552
1641	2541	T557	T554
1641	2542	T557	T554
1641	2543	T557	T554
1641	2544	T557	T554
1207	2547	T553	T552
1844	2547	T564	T573
1207	2548	T553	T552
1845	2548	T564	T573
1207	2549	T553	T552
1207	2550	T553	T552
1207	2551	T553	T552
1846	2551	T564	T573
1207	2552	T553	T552
1650	2552	T554	T557
1651	2552	T554	T557
1652	2552	T554	T557
1653	2552	T554	T557
1654	2552	T554	T557
1655	2552	T554	T557
1847	2553	T564	T573
1203	2554	T552	T553
1204	2554	T552	T553
1205	2554	T552	T553
1196	2555	T552	T553
1848	2555	T564	T573
1849	2556	T564	T573
1142	2557	T552	T553
1117	2558	T552	T553
1128	2558	T552	T553
1129	2558	T552	T553
1139	2558	T552	T553
1153	2558	T553	T552
1154	2558	T553	T552
1155	2558	T553	T552
1156	2558	T553	T552
1157	2558	T553	T552
1166	2558	T552	T553
1193	2558	T552	T553
1190	2559	T553	T552
1169	2560	T552	T553
1109	2561	T552	T553
1112	2561	T553	T552
1113	2561	T553	T552
1171	2561	T553	T552
1172	2561	T553	T552
1177	2561	T552	T553
1850	2561	T564	T573
1849	2570	T564	T573
1100	2572	T563	GAP
1101	2572	T552	GAP
1102	2572	T552	GAP
1103	2572	T552	GAP
1850	2572	T564	T573
1099	2573	T563	GAP
1100	2573	T563	GAP
1101	2573	T552	GAP
1102	2573	T552	GAP
1098	2574	T563	GAP
1099	2574	T563	GAP
1100	2574	T563	GAP
1101	2574	T552	GAP
1102	2574	T552	GAP
1838	2575	T573	T569
1852	2575	T564	T573
1838	2576	T573	T569
1838	2577	T573	T569
1838	2578	T573	T569
1838	2579	T573	T569
1838	2580	T573	T569
1856	2581	T564	T573
1856	2582	T564	T573
1856	2583	T564	T573
1856	2584	T564	T573
1010	2586	T562	GAP
1011	2586	T562	GAP
1012	2586	T562	GAP
1013	2586	T562	GAP
1014	2586	T562	GAP
1015	2586	T562	GAP
1016	2586	T562	GAP
1011	2587	T562	GAP
1857	2587	T564	T573
1857	2588	T564	T573
1112	2590	T552	T563
1858	2591	T564	T573
1858	2592	T564	T573
1113	2594	T563	T552
1859	2594	T564	T573
1860	2595	T564	T573
1861	2596	T564	T573
1842	2598	T573	T569
1116	2599	T552	T563
1117	2600	T552	T563
1119	2601	T552	T563
1846	2603	T569	T573
1509	2604	T566	T565
1510	2604	T566	T565
1511	2604	T566	T565
1847	2605	T569	T573
1141	2606	T563	T552
1142	2606	T563	T552
1143	2606	T563	T552
1144	2606	T563	T552
1145	2606	T563	T552
1146	2606	T563	T552
1133	2607	T552	T563
1134	2607	T552	T563
1135	2607	T552	T563
1136	2607	T552	T563
1150	2607	T552	T563
1151	2607	T552	T563
1152	2607	T552	T563
1153	2607	T552	T563
1154	2607	T552	T563
1155	2607	T552	T563
1848	2607	T573	T569
1849	2609	T573	T569
1849	2610	T573	T569
1520	2611	T565	T566
1850	2613	T573	T569
1866	2615	T564	T573
1867	2616	T564	T573
1869	2618	T564	T573
1869	2619	T564	T573
1532	2621	T566	T565
1871	2623	T564	T573
1534	2624	T566	T565
1872	2624	T564	T573
1872	2625	T564	T573
1145	2626	T568	T563
1108	2628	T568	T563
1109	2628	T568	T563
1142	2628	T568	T563
1097	2629	T568	T563
1141	2629	T568	T563
1096	2630	T568	T563
1855	2630	T573	T569
1878	2630	T564	T573
1117	2631	T563	T568
1879	2631	T564	T573
1119	2632	T568	T563
1120	2632	T568	T563
1138	2632	T568	T563
1541	2632	T565	T566
1880	2632	T564	T573
1124	2633	T568	T563
1125	2633	T568	T563
1135	2633	T568	T563
1136	2633	T568	T563
1544	2633	T565	T566
1858	2633	T569	T573
1859	2634	T569	T573
1552	2635	T565	T566
1867	2638	T569	T573
1870	2642	T573	T569
1885	2642	T564	T573
1871	2645	T573	T569
1884	2645	T564	T573
1114	2647	T568	GAP
1115	2647	T568	GAP
1114	2648	T577	GAP
1115	2648	T577	GAP
1116	2648	T577	GAP
1115	2649	T577	GAP
1125	2653	T568	GAP
1319	2653	T580	T568
1312	2655	T568	T580
1861	2656	T573	T569
1862	2656	T573	T569
1871	2656	T569	T573
1860	2657	T573	T569
1859	2658	T573	T569
1859	2659	T573	T569
1859	2660	T573	T569
1859	2669	T573	T569
1729	2671	T575	T569
1858	2672	T573	T569
1035	2673	T581	T574
1730	2673	T575	T569
1812	2673	T573	T569
1813	2673	T573	T569
1858	2673	T573	T569
1858	2674	T573	T569
1858	2675	T573	T569
1041	2677	T574	T581
1805	2677	T573	T569
1817	2677	T573	T569
1044	2678	T574	T581
1804	2678	T573	T569
1045	2679	T574	T581
1047	2680	T574	T581
1049	2682	T581	T574
1802	2682	T573	T569
1049	2683	T581	T574
1049	2684	T581	T574
1801	2684	T569	T573
1743	2686	T575	T569
1854	2686	T573	T569
1070	2687	T574	T578
1743	2687	T575	T569
1852	2687	T573	T569
1079	2688	T578	T574
1080	2688	T578	T574
1851	2688	T573	T569
1782	2689	T573	T569
1850	2689	T573	T569
1046	2690	T581	T574
1083	2690	T578	T574
1782	2690	T573	T569
1826	2690	T569	T573
1095	2691	T577	T578
1636	2691	T589	T575
1782	2691	T573	T569
1637	2692	T589	T575
1782	2692	T573	T569
1828	2692	T573	T569
1849	2692	T569	T573
1638	2693	T589	T575
1782	2693	T573	T569
1831	2693	T569	T573
1066	2694	T574	T578
1639	2694	T589	T575
1834	2694	T569	T573
1835	2694	T569	T573
1042	2695	T574	T581
1640	2695	T589	T575
1838	2695	T573	T569
1839	2695	T573	T569
1642	2696	T589	T575
1103	2697	T577	T578
1193	2697	T568	T579
1104	2698	T577	T578
1785	2698	T573	T569
1786	2699	T573	T569
1197	2700	T568	T579
1249	2700	T568	T579
1109	2701	T577	T578
1066	2703	T574	T578
1206	2703	T568	T579
1247	2703	T568	T579
1208	2704	T568	T579
1750	2704	T575	T569
1040	2706	T574	T581
1065	2706	T574	T578
1218	2706	T568	T579
1122	2707	T577	T578
1231	2709	T568	T579
1232	2709	T568	T579
1233	2709	T568	T579
1234	2709	T568	T579
1235	2709	T568	T579
1236	2709	T568	T579
1237	2709	T568	T579
1238	2709	T568	T579
1239	2709	T568	T579
1652	2710	T575	T589
1757	2712	T575	T569
1586	2713	T576	T583
1653	2713	T575	T589
1757	2713	T575	T569
1653	2714	T575	T589
1757	2714	T575	T569
1036	2715	T574	T581
1065	2715	T574	T578
1127	2715	T578	T577
1588	2715	T583	T576
1654	2715	T575	T589
1757	2715	T575	T569
1036	2716	T574	T581
1065	2716	T574	T578
1757	2716	T575	T569
1036	2717	T574	T581
1065	2717	T574	T578
1589	2717	T583	T576
1757	2717	T575	T569
1036	2718	T574	T581
1065	2718	T574	T578
1128	2718	T577	T578
1757	2718	T575	T569
1786	2718	T569	T573
1036	2719	T574	T581
1065	2719	T574	T578
1128	2719	T577	T578
1757	2719	T575	T569
1065	2720	T574	T578
1757	2720	T575	T569
1065	2721	T574	T578
1657	2721	T589	T575
1757	2721	T575	T569
1065	2722	T574	T578
1129	2722	T577	T578
1065	2723	T574	T578
1129	2723	T577	T578
1759	2724	T569	T575
1659	2725	T589	T575
1064	2726	T574	T578
1659	2726	T589	T575
1062	2727	T574	T578
1659	2727	T589	T575
1762	2727	T569	T575
1629	2728	T583	T589
1659	2728	T589	T575
1630	2730	T589	T583
1660	2730	T589	T575
1774	2730	T575	T569
1775	2730	T575	T569
1593	2731	T583	T576
1660	2731	T589	T575
1594	2733	T583	T576
1595	2735	T583	T576
1630	2736	T589	T583
1629	2739	T583	T589
1663	2740	T575	T589
1664	2742	T575	T589
1838	2744	T589	T573
1839	2744	T589	T573
1840	2744	T589	T573
1841	2744	T589	T573
1842	2744	T589	T573
1628	2745	T589	T583
1831	2745	T573	T589
1832	2745	T573	T589
1833	2745	T573	T589
1834	2745	T573	T589
1835	2745	T573	T589
1824	2746	T573	T589
1627	2747	T583	T589
1626	2750	T583	T589
1753	2752	T589	T575
1774	2753	T575	T589
1775	2753	T575	T589
1776	2753	T575	T589
1777	2753	T575	T589
1778	2753	T575	T589
1779	2753	T575	T589
1780	2753	T575	T589
1781	2753	T575	T589
1782	2753	T575	T589
1783	2753	T575	T589
1748	2754	T575	T589
1745	2755	T575	T589
1736	2758	T589	T575
1725	2759	T575	T589
1119	2761	T578	T590
1118	2762	T578	T590
1719	2763	T575	T589
1115	2764	T590	T578
1626	2764	T583	T589
1717	2764	T575	T589
1253	2765	T579	GAP
1254	2765	T579	GAP
1255	2765	T579	GAP
1685	2765	T589	T575
1627	2766	T583	T589
1627	2767	T583	T589
1693	2767	T575	T589
1694	2767	T575	T589
1710	2767	T575	T589
1696	2768	T575	T589
1697	2768	T575	T589
1698	2768	T575	T589
1699	2768	T575	T589
1700	2768	T575	T589
1701	2768	T575	T589
1702	2768	T575	T589
1703	2768	T575	T589
1704	2768	T575	T589
1705	2768	T575	T589
1706	2768	T575	T589
1707	2768	T575	T589
1628	2771	T583	T589
1628	2772	T583	T589
1107	2773	T590	T578
1628	2773	T583	T589
1007	2774	T581	T586
1096	2774	T590	T578
1097	2774	T590	T578
1098	2774	T590	T578
1099	2774	T590	T578
1100	2774	T590	T578
1101	2774	T590	T578
1628	2774	T583	T589
1089	2776	T578	T590
1090	2776	T578	T590
1091	2776	T578	T590
1006	2779	T581	T586
1626	2782	T589	T583
1626	2783	T589	T583
975	2784	T586	T581
976	2784	T586	T581
977	2784	T586	T581
978	2784	T586	T581
979	2784	T586	T581
980	2784	T586	T581
981	2784	T586	T581
982	2784	T586	T581
983	2784	T586	T581
984	2784	T586	T581
985	2784	T586	T581
986	2784	T586	T581
987	2784	T586	T581
988	2784	T586	T581
989	2784	T586	T581
994	2785	T586	T581
1625	2785	T583	T589
971	2786	T581	T586
970	2788	T581	T586
1624	2788	T589	T583
968	2790	T581	T586
1622	2791	T583	T589
1139	2793	T585	T590
1620	2793	T583	T589
1619	2794	T583	T589
1618	2795	T583	T589
1138	2796	T585	T590
1617	2796	T583	T589
954	2800	T586	T581
954	2801	T586	T581
1614	2801	T589	T583
954	2802	T586	T581
954	2803	T586	T581
954	2804	T586	T581
1612	2804	T583	T589
954	2805	T586	T581
954	2806	T586	T581
1465	2807	T582	GAP
1466	2807	T582	GAP
1467	2807	T582	GAP
1468	2807	T582	GAP
1469	2807	T584	GAP
1466	2808	T582	GAP
1467	2808	T582	GAP
1468	2808	T584	GAP
1469	2808	T584	GAP
1467	2809	T584	GAP
1468	2809	T584	GAP
1469	2809	T584	GAP
1468	2810	T584	GAP
1469	2810	T584	GAP
1536	2810	T584	GAP
1610	2810	T583	T589
1128	2811	T590	T585
1450	2811	T582	GAP
1468	2811	T588	GAP
1469	2811	T588	GAP
1535	2811	T584	GAP
1610	2811	T583	T589
1449	2812	T582	GAP
1468	2812	T588	GAP
1469	2812	T588	GAP
1534	2812	T584	GAP
1423	2813	T582	GAP
1424	2813	T582	GAP
1437	2813	T582	GAP
1438	2813	T582	GAP
1439	2813	T582	GAP
1467	2813	T588	GAP
1468	2813	T588	GAP
1469	2813	T588	GAP
1518	2813	T584	GAP
1424	2814	T582	GAP
1425	2814	T582	GAP
1438	2814	T582	GAP
1439	2814	T582	GAP
1440	2814	T582	GAP
1468	2814	T588	GAP
1469	2814	T588	GAP
1517	2814	T584	GAP
1518	2814	T584	GAP
1519	2814	T584	GAP
1532	2814	T584	GAP
1608	2814	T589	T583
1415	2815	T582	GAP
1416	2815	T582	GAP
1417	2815	T582	GAP
1425	2815	T582	GAP
1426	2815	T582	GAP
1439	2815	T582	GAP
1440	2815	T582	GAP
1441	2815	T582	GAP
1446	2815	T582	GAP
1465	2815	T588	GAP
1518	2815	T584	GAP
1519	2815	T584	GAP
1520	2815	T584	GAP
1607	2815	T589	T583
1414	2816	T582	GAP
1415	2816	T582	GAP
1416	2816	T582	GAP
1426	2816	T582	GAP
1427	2816	T582	GAP
1436	2816	T582	GAP
1437	2816	T582	GAP
1438	2816	T582	GAP
1439	2816	T591	GAP
1440	2816	T591	GAP
1441	2816	T591	GAP
1446	2816	T591	GAP
1519	2816	T584	GAP
1520	2816	T584	GAP
1521	2816	T584	GAP
1606	2816	T589	T583
1413	2817	T582	GAP
1414	2817	T582	GAP
1415	2817	T582	GAP
1427	2817	T591	GAP
1436	2817	T582	GAP
1437	2817	T582	GAP
1438	2817	T582	GAP
1439	2817	T591	GAP
1440	2817	T591	GAP
1441	2817	T591	GAP
1520	2817	T588	GAP
1521	2817	T588	GAP
1554	2817	T583	GAP
1605	2817	T589	T583
949	2818	T586	T581
1413	2818	T591	GAP
1414	2818	T591	GAP
1436	2818	T591	GAP
1437	2818	T591	GAP
1438	2818	T591	GAP
1508	2818	T584	GAP
1509	2818	T584	GAP
1521	2818	T588	GAP
1554	2818	T583	GAP
1604	2818	T589	T583
1413	2819	T591	GAP
1437	2819	T591	GAP
1438	2819	T591	GAP
1439	2819	T591	GAP
1508	2819	T588	GAP
1554	2819	T583	GAP
1604	2819	T589	T583
1438	2820	T591	GAP
1439	2820	T591	GAP
1440	2820	T591	GAP
1450	2820	T591	GAP
1554	2820	T583	GAP
945	2821	T586	T581
1439	2821	T591	GAP
1440	2821	T591	GAP
1554	2821	T583	GAP
1555	2821	T583	GAP
1556	2821	T583	GAP
1554	2822	T583	GAP
1555	2822	T583	GAP
944	2823	T586	T581
1553	2823	T588	GAP
1554	2823	T583	GAP
1552	2824	T588	GAP
1553	2824	T588	GAP
1602	2824	T589	T583
1552	2825	T588	GAP
1602	2825	T589	T583
1602	2826	T589	T583
942	2831	T586	T581
1453	2832	T591	GAP
1454	2832	T591	GAP
1453	2833	T591	GAP
1452	2834	T591	GAP
1451	2835	T591	GAP
1092	2855	T590	T592
923	2874	T594	T581
923	2875	T594	T581
923	2876	T594	T581
1604	2876	T589	T593
923	2877	T594	T581
923	2878	T594	T581
1606	2878	T589	T593
1609	2881	T589	T593
1613	2883	T589	T593
1615	2884	T589	T593
1617	2885	T593	T589
921	2886	T594	T581
1618	2886	T593	T589
920	2888	T594	T581
1619	2888	T589	T593
920	2889	T594	T581
920	2890	T594	T581
920	2891	T594	T581
920	2892	T594	T581
1622	2892	T589	T593
920	2893	T594	T581
920	2894	T594	T581
1625	2894	T589	T593
920	2895	T594	T581
920	2896	T594	T581
920	2897	T594	T581
1054	2897	T590	T595
1048	2899	T590	T595
1049	2899	T590	T595
917	2901	T594	T581
1045	2901	T590	T595
916	2903	T594	T581
916	2904	T594	T581
916	2905	T594	T581
916	2906	T594	T581
916	2907	T594	T581
1043	2910	T590	T595
1044	2911	T590	T595
1045	2912	T590	T595
1046	2913	T590	T595
914	2914	T594	T581
1047	2914	T590	T595
1048	2916	T595	T590
879	2918	T594	T581
880	2918	T594	T581
909	2918	T594	T581
910	2918	T594	T581
1049	2918	T590	T595
1049	2919	T590	T595
1049	2920	T590	T595
1049	2921	T590	T595
1049	2922	T590	T595
1049	2923	T590	T595
860	2924	T594	T581
861	2924	T594	T581
862	2924	T594	T581
902	2924	T581	T594
1049	2924	T590	T595
863	2925	T594	T581
868	2925	T581	T594
869	2925	T581	T594
870	2925	T581	T594
848	2926	T594	T581
849	2926	T594	T581
850	2926	T594	T581
851	2926	T594	T581
852	2926	T594	T581
853	2926	T594	T581
854	2926	T594	T581
855	2926	T594	T581
901	2926	T581	T594
847	2927	T594	T581
847	2928	T594	T581
1046	2931	T590	T595
1045	2932	T590	T595
1044	2933	T590	T595
1043	2934	T590	T595
1041	2936	T595	T590
838	2939	T581	T594
1035	2941	T590	T595
1714	2941	T604	T589
1722	2941	T589	T604
1724	2942	T604	T589
1702	2943	T589	T604
1692	2944	T589	T604
1728	2944	T604	T589
1749	2945	T604	T589
1750	2945	T604	T589
1751	2945	T604	T589
1752	2945	T604	T589
1753	2945	T604	T589
1688	2946	T589	T604
1746	2946	T604	T589
1747	2946	T604	T589
1735	2947	T589	T604
1736	2947	T589	T604
1762	2947	T589	T604
1763	2948	T589	T604
1610	2950	T593	T589
1685	2950	T589	T604
1766	2951	T589	T604
1609	2952	T593	T589
1030	2953	T590	T595
1031	2953	T590	T595
1032	2953	T590	T595
1439	2953	T596	T597
1771	2953	T589	T604
1029	2954	T590	T595
1606	2955	T593	T589
1682	2955	T589	T604
1777	2955	T604	T589
1681	2956	T589	T604
1779	2956	T604	T589
1680	2957	T589	T604
1780	2957	T604	T589
1679	2958	T589	T604
1441	2959	T596	T597
1603	2959	T589	T593
1679	2959	T589	T604
1603	2960	T589	T593
1016	2961	T590	T595
1017	2961	T590	T595
1603	2961	T589	T593
1783	2961	T589	T604
1603	2962	T589	T593
1677	2962	T589	T604
1784	2962	T589	T604
1785	2963	T589	T604
1786	2964	T589	T604
1603	2965	T593	T589
1789	2966	T604	T589
1445	2967	T596	T597
1675	2969	T589	T604
1448	2972	T596	T597
1600	2975	T593	T589
1600	2976	T593	T589
1600	2977	T593	T589
1669	2977	T589	T604
1767	2977	T600	T604
1600	2978	T593	T589
1763	2978	T604	T600
1764	2978	T604	T600
1600	2979	T593	T589
1752	2979	T604	T600
1600	2980	T593	T589
1749	2981	T604	T600
1601	2982	T593	T589
1661	2982	T604	T589
1748	2982	T604	T600
1658	2983	T604	T589
1747	2983	T604	T600
1746	2985	T604	T600
1745	2986	T604	T600
1744	2987	T604	T600
1745	2987	T604	T600
1604	2988	T593	T589
1651	2988	T604	T589
1743	2988	T604	T600
1743	2989	T604	T600
1605	2990	T593	T589
1742	2990	T604	T600
1741	2991	T604	T600
1644	2992	T604	T589
1741	2992	T604	T600
1741	2993	T604	T600
1738	2994	T604	T600
1739	2994	T604	T600
1740	2994	T604	T600
1736	2995	T604	T600
1734	2996	T604	T600
1731	2997	T604	T600
1636	3000	T604	T589
1634	3001	T604	T589
1617	3002	T589	T604
1632	3002	T604	T589
1618	3003	T589	T604
1619	3003	T589	T604
1620	3003	T589	T604
1631	3003	T604	T589
1622	3004	T589	T604
1623	3004	T589	T604
1624	3004	T589	T604
1625	3004	T589	T604
1626	3004	T589	T604
1627	3004	T589	T604
1628	3004	T589	T604
1724	3004	T604	T600
1722	3005	T604	T600
1723	3005	T604	T600
1721	3006	T604	T600
1719	3007	T604	T600
1711	3008	T600	T604
1707	3010	T600	T604
1703	3011	T604	T600
1694	3013	T604	T600
1695	3013	T604	T600
1472	3017	T602	T597
1690	3019	T604	T600
1689	3020	T604	T600
1688	3021	T604	T600
1689	3021	T604	T600
1687	3022	T604	T600
980	3024	T605	T599
1474	3024	T602	T597
980	3025	T605	T599
1474	3025	T602	T597
980	3026	T605	T599
980	3027	T605	T599
980	3028	T605	T599
979	3029	T605	T599
1475	3030	T602	T597
1682	3030	T604	T600
1681	3031	T604	T600
974	3032	T599	T605
1476	3032	T597	T602
1681	3032	T604	T600
1681	3033	T604	T600
1680	3034	T604	T600
1679	3035	T604	T600
1678	3036	T604	T600
1674	3037	T604	T600
1675	3037	T604	T600
1676	3037	T604	T600
1677	3037	T604	T600
1486	3041	T602	T597
1666	3045	T604	T600
963	3047	T605	T599
1289	3048	T598	GAP
1290	3048	T598	GAP
1290	3049	T598	GAP
1291	3049	T598	GAP
1291	3050	T598	GAP
1292	3050	T598	GAP
1492	3050	T597	T602
1663	3050	T604	T600
956	3051	T605	T599
1292	3051	T598	GAP
1293	3051	T598	GAP
1293	3052	T596	GAP
1494	3052	T602	T597
948	3053	T605	T599
949	3053	T605	T599
1293	3053	T596	GAP
946	3054	T599	T605
1293	3054	T596	GAP
1293	3055	T596	GAP
1293	3056	T596	GAP
1498	3056	T597	T602
1659	3056	T604	T600
1657	3057	T604	T600
1658	3057	T604	T600
1500	3059	T597	T602
1501	3061	T597	T602
1653	3061	T604	T600
1653	3062	T604	T600
1652	3063	T604	T600
1652	3069	T604	T600
1652	3074	T604	T600
1511	3075	T604	T607
1652	3075	T604	T600
1512	3076	T604	T607
1652	3076	T604	T600
1512	3077	T604	T607
1512	3078	T604	T607
1512	3079	T604	T607
1512	3080	T604	T607
1512	3081	T604	T607
1514	3083	T604	T607
1515	3084	T604	T607
896	3089	T605	T608
895	3090	T605	T608
1651	3090	T604	T600
895	3091	T605	T608
895	3092	T605	T608
895	3093	T605	T608
1652	3093	T604	T600
894	3095	T605	T608
894	3096	T605	T608
892	3097	T605	T608
893	3097	T605	T608
1520	3097	T607	T604
891	3098	T605	T608
883	3103	T605	T608
1522	3103	T604	T607
881	3105	T605	T608
880	3106	T605	T608
1651	3110	T604	T600
875	3114	T605	T608
1653	3115	T604	T600
1653	3116	T604	T600
1657	3124	T604	T618
1656	3126	T604	T618
1656	3127	T604	T618
868	3128	T605	T615
1655	3128	T604	T618
868	3129	T605	T615
875	3129	T615	T608
867	3130	T605	T615
1654	3130	T604	T618
1652	3131	T604	T618
1653	3131	T604	T618
866	3132	T605	T615
877	3132	T615	T608
1650	3132	T604	T618
1651	3132	T604	T618
865	3133	T605	T615
877	3133	T615	T608
865	3134	T605	T615
878	3134	T615	T608
1646	3134	T618	T604
864	3135	T605	T615
1645	3135	T618	T604
863	3136	T605	T615
1644	3136	T618	T604
862	3137	T615	T605
1255	3137	T612	GAP
1644	3137	T618	T604
861	3138	T615	T605
879	3138	T615	T608
1255	3138	T612	GAP
1256	3138	T612	GAP
1255	3139	T612	GAP
1256	3139	T612	GAP
1257	3139	T612	GAP
1643	3139	T618	T604
1256	3140	T612	GAP
1257	3140	T612	GAP
1258	3140	T610	GAP
1257	3141	T612	GAP
1258	3141	T610	GAP
1259	3141	T610	GAP
854	3145	T615	T605
1641	3145	T604	T618
885	3147	T608	T615
1640	3148	T618	T604
852	3150	T605	T615
851	3153	T605	T615
849	3155	T605	T615
1627	3155	T618	T604
1625	3156	T618	T604
846	3157	T605	T615
1622	3157	T604	T618
845	3158	T605	T615
1617	3158	T604	T618
843	3159	T605	T615
842	3160	T605	T615
1610	3160	T604	T618
840	3161	T605	T615
1609	3161	T604	T618
838	3162	T605	T615
839	3162	T605	T615
836	3163	T605	T615
1586	3163	T604	T613
1586	3164	T604	T613
833	3165	T615	T605
834	3165	T615	T605
1586	3165	T604	T613
832	3166	T615	T605
831	3167	T605	T615
1605	3167	T604	T618
1604	3168	T604	T618
830	3169	T605	T615
1601	3171	T604	T618
828	3172	T605	T615
1600	3172	T604	T618
827	3173	T605	T615
1599	3173	T604	T618
1598	3174	T604	T618
1597	3175	T604	T618
883	3179	T615	T616
873	3180	T615	T616
885	3180	T616	T615
889	3181	T615	T616
890	3181	T615	T616
891	3181	T615	T616
892	3181	T615	T616
893	3181	T615	T616
894	3181	T615	T616
895	3181	T615	T616
1592	3181	T613	T618
874	3186	T615	T616
875	3187	T615	T616
875	3188	T615	T616
875	3189	T615	T616
877	3192	T615	T616
877	3193	T615	T616
879	3197	T615	T616
1281	3197	T610	GAP
1282	3197	T610	GAP
1283	3197	T610	GAP
1284	3197	T610	GAP
1285	3197	T610	GAP
1286	3197	T610	GAP
1287	3197	T610	GAP
1288	3197	T610	GAP
1583	3197	T613	T618
1280	3198	T612	GAP
880	3199	T615	T616
1279	3199	T612	GAP
880	3200	T615	T616
1278	3200	T612	GAP
1582	3200	T613	T618
1277	3201	T612	GAP
881	3202	T615	T616
1581	3202	T613	T618
881	3203	T615	T616
1582	3214	T613	T618
880	3218	T615	T616
881	3220	T615	T616
881	3221	T615	T616
882	3223	T615	T616
882	3224	T615	T616
882	3225	T615	T616
882	3226	T615	T616
1580	3226	T618	T613
1578	3232	T613	T618
1570	3239	T618	T613
877	3241	T615	T616
877	3242	T615	T616
879	3245	T615	T616
880	3247	T615	T616
881	3248	T615	T616
881	3249	T615	T616
882	3251	T615	T616
883	3254	T615	T616
883	3255	T615	T616
883	3256	T615	T616
883	3257	T615	T616
880	3262	T616	T615
880	3263	T616	T615
880	3264	T616	T615
880	3265	T616	T615
880	3266	T616	T615
880	3267	T616	T615
880	3268	T616	T615
881	3271	T615	T616
881	3272	T615	T616
881	3273	T615	T616
881	3274	T615	T616
881	3275	T615	T616
881	3276	T615	T616
883	3279	T615	T616
1548	3287	T618	T620
1550	3290	T618	T620
1549	3295	T618	T620
1549	3296	T618	T620
1550	3297	T618	T620
1550	3298	T618	T620
1550	3301	T618	T620
1550	3302	T618	T620
1550	3303	T618	T620
1550	3311	T618	T620
1550	3312	T618	T620
1550	3313	T618	T620
1550	3314	T618	T620
1550	3315	T618	T620
1550	3316	T618	T620
1550	3317	T618	T620
1550	3318	T618	T620
1512	3339	T633	T620
1534	3340	T633	T620
1535	3340	T633	T620
1532	3341	T633	T620
1529	3342	T633	T620
1520	3343	T620	T633
1521	3343	T620	T633
1522	3343	T620	T633
1523	3343	T620	T633
1524	3343	T620	T633
1525	3343	T620	T633
1482	3368	T626	T633
1476	3375	T633	T626
1473	3376	T633	T626
1471	3377	T633	T626
1468	3378	T633	T626
1469	3378	T633	T626
1470	3378	T633	T626
1466	3379	T633	T626
1464	3383	T633	T626
1464	3384	T633	T626
855	3385	T634	T631
1464	3385	T633	T626
1464	3386	T633	T626
853	3387	T634	T631
1464	3387	T633	T626
1464	3388	T633	T626
1464	3389	T633	T626
1464	3390	T633	T626
1464	3396	T626	T633
842	3397	T631	T634
1462	3400	T633	T626
1459	3407	T633	T626
1459	3408	T633	T626
1459	3409	T633	T626
837	3410	T634	T631
1459	3410	T633	T626
833	3413	T634	T631
834	3413	T634	T631
1461	3413	T633	T626
832	3414	T634	T631
1462	3415	T633	T626
828	3418	T634	T631
1464	3421	T633	T626
1464	3422	T633	T626
1464	3423	T633	T626
827	3444	T634	T631
828	3445	T634	T631
829	3446	T634	T631
829	3447	T634	T631
830	3448	T634	T631
1430	3461	T633	T629
832	3463	T634	T631
1428	3463	T629	T633
835	3465	T634	T631
1419	3466	T633	T629
1416	3468	T633	T629
836	3469	T634	T631
1415	3469	T633	T629
836	3470	T634	T631
1377	3470	T633	T629
1378	3470	T633	T629
1379	3470	T633	T629
1380	3470	T633	T629
1381	3470	T633	T629
1382	3470	T633	T629
1383	3470	T633	T629
1384	3470	T633	T629
1385	3470	T633	T629
1414	3470	T633	T629
1388	3471	T629	T633
1413	3471	T633	T629
1412	3472	T633	T629
1411	3473	T633	T629
799	3474	T634	T642
1401	3474	T633	T629
1409	3474	T633	T629
797	3477	T634	T642
796	3478	T634	T642
833	3482	T634	T631
833	3483	T634	T631
809	3490	T642	T634
1420	3490	T633	T637
832	3491	T634	T631
1419	3491	T633	T637
787	3492	T634	T642
831	3493	T634	T631
1418	3493	T633	T637
830	3495	T634	T631
1414	3495	T633	T637
808	3496	T634	T642
808	3497	T634	T642
1406	3497	T633	T637
1407	3497	T633	T637
1408	3497	T633	T637
1424	3497	T633	T637
787	3498	T634	T642
1403	3498	T633	T637
787	3499	T634	T642
787	3500	T634	T642
787	3501	T634	T642
810	3501	T634	T642
1339	3501	T633	T635
1396	3501	T633	T637
1397	3501	T633	T637
787	3502	T634	T642
787	3503	T634	T642
787	3504	T634	T642
827	3504	T634	T631
787	3505	T634	T642
1334	3505	T633	T635
1391	3506	T633	T637
1333	3507	T633	T635
1333	3508	T633	T635
811	3509	T642	T634
1333	3509	T633	T635
787	3510	T634	T642
811	3510	T642	T634
1333	3510	T633	T635
811	3511	T642	T634
1383	3511	T633	T637
1384	3511	T633	T637
1416	3511	T633	T637
811	3512	T642	T634
1417	3512	T633	T637
811	3513	T642	T634
1334	3513	T633	T635
811	3514	T642	T634
1379	3514	T633	T637
811	3515	T642	T634
811	3516	T642	T634
811	3517	T642	T634
1376	3517	T637	T633
829	3519	T634	T631
830	3520	T634	T631
1373	3521	T633	T637
1334	3522	T633	T635
1408	3524	T633	T637
1402	3527	T633	T637
833	3528	T634	T631
1331	3528	T635	T633
1373	3528	T633	T637
1402	3528	T633	T637
1402	3529	T633	T637
1402	3530	T633	T637
816	3531	T634	T642
817	3531	T634	T642
818	3531	T634	T642
1375	3531	T637	T633
1402	3531	T633	T637
1328	3534	T633	T635
1328	3535	T633	T635
1379	3537	T637	T633
844	3538	T634	T631
845	3538	T634	T631
846	3538	T634	T631
847	3538	T634	T631
848	3538	T634	T631
849	3538	T634	T631
850	3538	T634	T631
851	3538	T634	T631
852	3538	T634	T631
1379	3538	T637	T633
1400	3539	T633	T637
1381	3541	T633	T637
831	3542	T634	T642
857	3542	T634	T631
1381	3542	T633	T637
858	3543	T634	T631
832	3544	T634	T642
832	3545	T634	T642
860	3545	T634	T631
1399	3545	T633	T637
833	3546	T634	T642
1399	3546	T633	T637
864	3547	T634	T631
1399	3547	T633	T637
866	3548	T634	T631
867	3548	T634	T631
868	3548	T634	T631
869	3548	T634	T631
870	3548	T634	T631
871	3548	T634	T631
872	3548	T634	T631
873	3548	T634	T631
874	3548	T634	T631
875	3548	T634	T631
876	3548	T634	T631
877	3548	T634	T631
878	3548	T634	T631
879	3548	T634	T631
880	3548	T634	T631
881	3548	T634	T631
882	3548	T634	T631
839	3549	T634	T642
840	3549	T634	T642
885	3549	T631	T634
886	3549	T631	T634
888	3550	T634	T631
892	3550	T634	T631
893	3550	T634	T631
1378	3551	T633	T637
809	3555	T634	T642
854	3556	T642	T634
810	3557	T642	T634
854	3557	T642	T634
810	3558	T642	T634
810	3560	T634	T642
857	3563	T634	T642
1395	3563	T633	T637
859	3564	T634	T642
860	3564	T634	T642
861	3564	T634	T642
1394	3564	T633	T637
812	3565	T634	T642
1387	3570	T633	T637
1311	3578	T648	T635
1306	3583	T635	T648
1303	3584	T648	T635
1304	3584	T648	T635
1286	3585	T648	T635
1287	3585	T648	T635
923	3586	T647	T639
1280	3586	T648	T635
1281	3586	T648	T635
1282	3586	T648	T635
1283	3586	T648	T635
1284	3586	T648	T635
1285	3586	T648	T635
931	3590	T647	T639
932	3590	T647	T639
933	3590	T647	T639
934	3590	T647	T639
935	3590	T647	T639
936	3590	T647	T639
937	3590	T647	T639
938	3590	T647	T639
939	3590	T647	T639
940	3590	T647	T639
955	3598	T647	T639
956	3598	T647	T639
957	3598	T647	T639
958	3598	T647	T639
959	3598	T647	T639
963	3600	T647	T639
1224	3602	T648	T645
1225	3602	T648	T645
1226	3602	T648	T645
1227	3602	T648	T645
1221	3603	T648	T645
1219	3604	T648	T645
1214	3608	T648	T645
1214	3609	T648	T645
1201	3614	T648	T645
1202	3614	T648	T645
1203	3614	T648	T645
1204	3614	T648	T645
1205	3614	T648	T645
1206	3614	T648	T645
1207	3614	T648	T645
1208	3614	T648	T645
1188	3618	T648	T645
1189	3618	T648	T645
997	3648	T647	T646
999	3650	T647	T646
1012	3659	T647	T646
1013	3660	T647	T646
1015	3662	T647	T646
1105	3672	T649	T646
1106	3672	T649	T646
1107	3672	T649	T646
1108	3672	T649	T646
1109	3672	T649	T646
1110	3672	T649	T646
1111	3672	T649	T646
1094	3673	T649	T646
1092	3674	T649	T646
1093	3674	T649	T646
1074	3678	T649	T646
1072	3679	T649	T646
