proposal,pair,mask_x,mask_y,current_tile,historical_tile,last_edit_phase,world_x_min,world_z_min,world_x_max_exclusive,world_z_max_exclusive,proposed_tile,proposed_zone_id,proposed_type,proposed_reason,status
T435-T654-A,T435-T654,1481,1386,T435,GAP,v2,85888,83968,86016,84096,GAP,t435-t654-barrier,mountain,Proposed separation of recorded mountain contact; awaiting explicit approval,UNAPPROVED_ALTERNATIVE
T435-T654-A,T435-T654,1481,1387,T435,GAP,final,85888,84096,86016,84224,GAP,t435-t654-barrier,mountain,Proposed separation of recorded mountain contact; awaiting explicit approval,UNAPPROVED_ALTERNATIVE
T435-T654-A,T435-T654,1481,1388,T435,GAP,final,85888,84224,86016,84352,GAP,t435-t654-barrier,mountain,Proposed separation of recorded mountain contact; awaiting explicit approval,UNAPPROVED_ALTERNATIVE
T435-T654-B,T435-T654,1482,1386,T654,GAP,v2,86016,83968,86144,84096,GAP,t435-t654-barrier,mountain,Proposed separation of recorded mountain contact; awaiting explicit approval,UNAPPROVED_ALTERNATIVE
T435-T654-B,T435-T654,1482,1387,T654,GAP,final,86016,84096,86144,84224,GAP,t435-t654-barrier,mountain,Proposed separation of recorded mountain contact; awaiting explicit approval,UNAPPROVED_ALTERNATIVE
T400-T420-A,T400-T420,1897,1318,T400,GAP,v2,139136,75264,139264,75392,GAP,t400-t420-barrier,mountain,Proposed separation of recorded mountain contact; awaiting explicit approval,UNAPPROVED_ALTERNATIVE
T400-T420-A,T400-T420,1898,1318,T400,GAP,v2,139264,75264,139392,75392,GAP,t400-t420-barrier,mountain,Proposed separation of recorded mountain contact; awaiting explicit approval,UNAPPROVED_ALTERNATIVE
T400-T420-A,T400-T420,1899,1318,T400,GAP,v2,139392,75264,139520,75392,GAP,t400-t420-barrier,mountain,Proposed separation of recorded mountain contact; awaiting explicit approval,UNAPPROVED_ALTERNATIVE
T400-T420-A,T400-T420,1900,1318,T400,GAP,v2,139520,75264,139648,75392,GAP,t400-t420-barrier,mountain,Proposed separation of recorded mountain contact; awaiting explicit approval,UNAPPROVED_ALTERNATIVE
T400-T420-A,T400-T420,1901,1318,T400,GAP,v2,139648,75264,139776,75392,GAP,t400-t420-barrier,mountain,Proposed separation of recorded mountain contact; awaiting explicit approval,UNAPPROVED_ALTERNATIVE
T400-T420-A,T400-T420,1902,1318,T400,GAP,v2,139776,75264,139904,75392,GAP,t400-t420-barrier,mountain,Proposed separation of recorded mountain contact; awaiting explicit approval,UNAPPROVED_ALTERNATIVE
T400-T420-A,T400-T420,1903,1318,T400,GAP,v2,139904,75264,140032,75392,GAP,t400-t420-barrier,mountain,Proposed separation of recorded mountain contact; awaiting explicit approval,UNAPPROVED_ALTERNATIVE
T400-T420-A,T400-T420,1904,1318,T400,GAP,v2,140032,75264,140160,75392,GAP,t400-t420-barrier,mountain,Proposed separation of recorded mountain contact; awaiting explicit approval,UNAPPROVED_ALTERNATIVE
T400-T420-A,T400-T420,1895,1319,T400,GAP,final,138880,75392,139008,75520,GAP,t400-t420-barrier,mountain,Proposed separation of recorded mountain contact; awaiting explicit approval,UNAPPROVED_ALTERNATIVE
T400-T420-A,T400-T420,1896,1319,T400,GAP,final,139008,75392,139136,75520,GAP,t400-t420-barrier,mountain,Proposed separation of recorded mountain contact; awaiting explicit approval,UNAPPROVED_ALTERNATIVE
T400-T420-A,T400-T420,1897,1319,T400,GAP,v2,139136,75392,139264,75520,GAP,t400-t420-barrier,mountain,Proposed separation of recorded mountain contact; awaiting explicit approval,UNAPPROVED_ALTERNATIVE
T400-T420-B,T400-T420,1898,1319,T420,GAP,v2,139264,75392,139392,75520,GAP,t400-t420-barrier,mountain,Proposed separation of recorded mountain contact; awaiting explicit approval,UNAPPROVED_ALTERNATIVE
T400-T420-B,T400-T420,1899,1319,T420,GAP,v2,139392,75392,139520,75520,GAP,t400-t420-barrier,mountain,Proposed separation of recorded mountain contact; awaiting explicit approval,UNAPPROVED_ALTERNATIVE
T400-T420-B,T400-T420,1900,1319,T420,GAP,v2,139520,75392,139648,75520,GAP,t400-t420-barrier,mountain,Proposed separation of recorded mountain contact; awaiting explicit approval,UNAPPROVED_ALTERNATIVE
T400-T420-B,T400-T420,1901,1319,T420,GAP,v2,139648,75392,139776,75520,GAP,t400-t420-barrier,mountain,Proposed separation of recorded mountain contact; awaiting explicit approval,UNAPPROVED_ALTERNATIVE
T400-T420-B,T400-T420,1902,1319,T420,GAP,v2,139776,75392,139904,75520,GAP,t400-t420-barrier,mountain,Proposed separation of recorded mountain contact; awaiting explicit approval,UNAPPROVED_ALTERNATIVE
T400-T420-B,T400-T420,1903,1319,T420,GAP,v2,139904,75392,140032,75520,GAP,t400-t420-barrier,mountain,Proposed separation of recorded mountain contact; awaiting explicit approval,UNAPPROVED_ALTERNATIVE
T400-T420-B,T400-T420,1904,1319,T420,GAP,v2,140032,75392,140160,75520,GAP,t400-t420-barrier,mountain,Proposed separation of recorded mountain contact; awaiting explicit approval,UNAPPROVED_ALTERNATIVE
T400-T420-B,T400-T420,1896,1320,T420,GAP,final,139008,75520,139136,75648,GAP,t400-t420-barrier,mountain,Proposed separation of recorded mountain contact; awaiting explicit approval,UNAPPROVED_ALTERNATIVE
T400-T420-B,T400-T420,1897,1320,T420,GAP,v2,139136,75520,139264,75648,GAP,t400-t420-barrier,mountain,Proposed separation of recorded mountain contact; awaiting explicit approval,UNAPPROVED_ALTERNATIVE
T400-T420-B,T400-T420,1898,1320,T420,GAP,v2,139264,75520,139392,75648,GAP,t400-t420-barrier,mountain,Proposed separation of recorded mountain contact; awaiting explicit approval,UNAPPROVED_ALTERNATIVE
T329-T355-A,T329-T355,1854,1135,T329,GAP,v2,133632,51840,133760,51968,GAP,t329-t355-barrier,mountain,Proposed separation of recorded mountain contact; awaiting explicit approval,UNAPPROVED_ALTERNATIVE
T329-T355-A,T329-T355,1855,1135,T329,GAP,v2,133760,51840,133888,51968,GAP,t329-t355-barrier,mountain,Proposed separation of recorded mountain contact; awaiting explicit approval,UNAPPROVED_ALTERNATIVE
T329-T355-A,T329-T355,1856,1135,T329,GAP,v2,133888,51840,134016,51968,GAP,t329-t355-barrier,mountain,Proposed separation of recorded mountain contact; awaiting explicit approval,UNAPPROVED_ALTERNATIVE
T329-T355-A,T329-T355,1856,1136,T329,GAP,v2,133888,51968,134016,52096,GAP,t329-t355-barrier,mountain,Proposed separation of recorded mountain contact; awaiting explicit approval,UNAPPROVED_ALTERNATIVE
T329-T355-A,T329-T355,1857,1136,T329,GAP,v2,134016,51968,134144,52096,GAP,t329-t355-barrier,mountain,Proposed separation of recorded mountain contact; awaiting explicit approval,UNAPPROVED_ALTERNATIVE
T329-T355-A,T329-T355,1858,1136,T329,GAP,v2,134144,51968,134272,52096,GAP,t329-t355-barrier,mountain,Proposed separation of recorded mountain contact; awaiting explicit approval,UNAPPROVED_ALTERNATIVE
T329-T355-A,T329-T355,1858,1137,T329,GAP,v2,134144,52096,134272,52224,GAP,t329-t355-barrier,mountain,Proposed separation of recorded mountain contact; awaiting explicit approval,UNAPPROVED_ALTERNATIVE
T329-T355-A,T329-T355,1859,1137,T329,GAP,v2,134272,52096,134400,52224,GAP,t329-t355-barrier,mountain,Proposed separation of recorded mountain contact; awaiting explicit approval,UNAPPROVED_ALTERNATIVE
T329-T355-A,T329-T355,1860,1137,T329,GAP,v2,134400,52096,134528,52224,GAP,t329-t355-barrier,mountain,Proposed separation of recorded mountain contact; awaiting explicit approval,UNAPPROVED_ALTERNATIVE
T329-T355-A,T329-T355,1860,1138,T329,GAP,v2,134400,52224,134528,52352,GAP,t329-t355-barrier,mountain,Proposed separation of recorded mountain contact; awaiting explicit approval,UNAPPROVED_ALTERNATIVE
T329-T355-A,T329-T355,1861,1138,T329,GAP,v2,134528,52224,134656,52352,GAP,t329-t355-barrier,mountain,Proposed separation of recorded mountain contact; awaiting explicit approval,UNAPPROVED_ALTERNATIVE
T329-T355-A,T329-T355,1862,1138,T329,GAP,v2,134656,52224,134784,52352,GAP,t329-t355-barrier,mountain,Proposed separation of recorded mountain contact; awaiting explicit approval,UNAPPROVED_ALTERNATIVE
T329-T355-A,T329-T355,1863,1138,T329,GAP,v2,134784,52224,134912,52352,GAP,t329-t355-barrier,mountain,Proposed separation of recorded mountain contact; awaiting explicit approval,UNAPPROVED_ALTERNATIVE
T329-T355-B,T329-T355,1854,1136,T355,GAP,v2,133632,51968,133760,52096,GAP,t329-t355-barrier,mountain,Proposed separation of recorded mountain contact; awaiting explicit approval,UNAPPROVED_ALTERNATIVE
T329-T355-B,T329-T355,1855,1136,T355,GAP,v2,133760,51968,133888,52096,GAP,t329-t355-barrier,mountain,Proposed separation of recorded mountain contact; awaiting explicit approval,UNAPPROVED_ALTERNATIVE
T329-T355-B,T329-T355,1855,1137,T355,GAP,v2,133760,52096,133888,52224,GAP,t329-t355-barrier,mountain,Proposed separation of recorded mountain contact; awaiting explicit approval,UNAPPROVED_ALTERNATIVE
T329-T355-B,T329-T355,1856,1137,T355,GAP,v2,133888,52096,134016,52224,GAP,t329-t355-barrier,mountain,Proposed separation of recorded mountain contact; awaiting explicit approval,UNAPPROVED_ALTERNATIVE
T329-T355-B,T329-T355,1857,1137,T355,GAP,v2,134016,52096,134144,52224,GAP,t329-t355-barrier,mountain,Proposed separation of recorded mountain contact; awaiting explicit approval,UNAPPROVED_ALTERNATIVE
T329-T355-B,T329-T355,1857,1138,T355,GAP,v2,134016,52224,134144,52352,GAP,t329-t355-barrier,mountain,Proposed separation of recorded mountain contact; awaiting explicit approval,UNAPPROVED_ALTERNATIVE
T329-T355-B,T329-T355,1858,1138,T355,GAP,v2,134144,52224,134272,52352,GAP,t329-t355-barrier,mountain,Proposed separation of recorded mountain contact; awaiting explicit approval,UNAPPROVED_ALTERNATIVE
T329-T355-B,T329-T355,1859,1138,T355,GAP,v2,134272,52224,134400,52352,GAP,t329-t355-barrier,mountain,Proposed separation of recorded mountain contact; awaiting explicit approval,UNAPPROVED_ALTERNATIVE
T329-T355-B,T329-T355,1859,1139,T355,GAP,v2,134272,52352,134400,52480,GAP,t329-t355-barrier,mountain,Proposed separation of recorded mountain contact; awaiting explicit approval,UNAPPROVED_ALTERNATIVE
T329-T355-B,T329-T355,1860,1139,T355,GAP,v2,134400,52352,134528,52480,GAP,t329-t355-barrier,mountain,Proposed separation of recorded mountain contact; awaiting explicit approval,UNAPPROVED_ALTERNATIVE
T329-T355-B,T329-T355,1861,1139,T355,GAP,v2,134528,52352,134656,52480,GAP,t329-t355-barrier,mountain,Proposed separation of recorded mountain contact; awaiting explicit approval,UNAPPROVED_ALTERNATIVE
T329-T355-B,T329-T355,1862,1139,T355,GAP,v2,134656,52352,134784,52480,GAP,t329-t355-barrier,mountain,Proposed separation of recorded mountain contact; awaiting explicit approval,UNAPPROVED_ALTERNATIVE
T329-T355-B,T329-T355,1863,1139,T355,GAP,v2,134784,52352,134912,52480,GAP,t329-t355-barrier,mountain,Proposed separation of recorded mountain contact; awaiting explicit approval,UNAPPROVED_ALTERNATIVE
T329-T355-B,T329-T355,1864,1139,T355,GAP,v2,134912,52352,135040,52480,GAP,t329-t355-barrier,mountain,Proposed separation of recorded mountain contact; awaiting explicit approval,UNAPPROVED_ALTERNATIVE
T352-T356-A,T352-T356,1457,1158,T352,GAP,v2,82816,54784,82944,54912,GAP,t352-t356-barrier,mountain,Proposed separation of recorded mountain contact; awaiting explicit approval,UNAPPROVED_ALTERNATIVE
T352-T356-A,T352-T356,1457,1159,T352,GAP,v2,82816,54912,82944,55040,GAP,t352-t356-barrier,mountain,Proposed separation of recorded mountain contact; awaiting explicit approval,UNAPPROVED_ALTERNATIVE
T352-T356-A,T352-T356,1457,1160,T352,GAP,v2,82816,55040,82944,55168,GAP,t352-t356-barrier,mountain,Proposed separation of recorded mountain contact; awaiting explicit approval,UNAPPROVED_ALTERNATIVE
T352-T356-A,T352-T356,1457,1161,T352,GAP,v2,82816,55168,82944,55296,GAP,t352-t356-barrier,mountain,Proposed separation of recorded mountain contact; awaiting explicit approval,UNAPPROVED_ALTERNATIVE
T352-T356-A,T352-T356,1458,1161,T352,GAP,v2,82944,55168,83072,55296,GAP,t352-t356-barrier,mountain,Proposed separation of recorded mountain contact; awaiting explicit approval,UNAPPROVED_ALTERNATIVE
T352-T356-A,T352-T356,1458,1163,T352,GAP,v2,82944,55424,83072,55552,GAP,t352-t356-barrier,mountain,Proposed separation of recorded mountain contact; awaiting explicit approval,UNAPPROVED_ALTERNATIVE
T352-T356-A,T352-T356,1458,1164,T352,GAP,v2,82944,55552,83072,55680,GAP,t352-t356-barrier,mountain,Proposed separation of recorded mountain contact; awaiting explicit approval,UNAPPROVED_ALTERNATIVE
T352-T356-A,T352-T356,1459,1164,T352,GAP,v2,83072,55552,83200,55680,GAP,t352-t356-barrier,mountain,Proposed separation of recorded mountain contact; awaiting explicit approval,UNAPPROVED_ALTERNATIVE
T352-T356-B,T352-T356,1458,1158,T356,GAP,v2,82944,54784,83072,54912,GAP,t352-t356-barrier,mountain,Proposed separation of recorded mountain contact; awaiting explicit approval,UNAPPROVED_ALTERNATIVE
T352-T356-B,T352-T356,1458,1159,T356,GAP,v2,82944,54912,83072,55040,GAP,t352-t356-barrier,mountain,Proposed separation of recorded mountain contact; awaiting explicit approval,UNAPPROVED_ALTERNATIVE
T352-T356-B,T352-T356,1458,1160,T356,GAP,v2,82944,55040,83072,55168,GAP,t352-t356-barrier,mountain,Proposed separation of recorded mountain contact; awaiting explicit approval,UNAPPROVED_ALTERNATIVE
T352-T356-B,T352-T356,1459,1160,T356,GAP,v2,83072,55040,83200,55168,GAP,t352-t356-barrier,mountain,Proposed separation of recorded mountain contact; awaiting explicit approval,UNAPPROVED_ALTERNATIVE
T352-T356-B,T352-T356,1459,1161,T356,GAP,v2,83072,55168,83200,55296,GAP,t352-t356-barrier,mountain,Proposed separation of recorded mountain contact; awaiting explicit approval,UNAPPROVED_ALTERNATIVE
T352-T356-B,T352-T356,1459,1163,T356,GAP,v2,83072,55424,83200,55552,GAP,t352-t356-barrier,mountain,Proposed separation of recorded mountain contact; awaiting explicit approval,UNAPPROVED_ALTERNATIVE
T352-T356-B,T352-T356,1460,1163,T356,GAP,v2,83200,55424,83328,55552,GAP,t352-t356-barrier,mountain,Proposed separation of recorded mountain contact; awaiting explicit approval,UNAPPROVED_ALTERNATIVE
T352-T356-B,T352-T356,1460,1164,T356,GAP,v2,83200,55552,83328,55680,GAP,t352-t356-barrier,mountain,Proposed separation of recorded mountain contact; awaiting explicit approval,UNAPPROVED_ALTERNATIVE
T218-T220-A,T218-T220,1161,838,T218,GAP,final,44928,13824,45056,13952,GAP,t218-t220-barrier,mountain,Proposed separation of recorded mountain contact; awaiting explicit approval,UNAPPROVED_ALTERNATIVE
T218-T220-A,T218-T220,1160,839,T218,GAP,v2,44800,13952,44928,14080,GAP,t218-t220-barrier,mountain,Proposed separation of recorded mountain contact; awaiting explicit approval,UNAPPROVED_ALTERNATIVE
T218-T220-A,T218-T220,1161,839,T218,GAP,final,44928,13952,45056,14080,GAP,t218-t220-barrier,mountain,Proposed separation of recorded mountain contact; awaiting explicit approval,UNAPPROVED_ALTERNATIVE
T218-T220-A,T218-T220,1159,840,T218,GAP,v2,44672,14080,44800,14208,GAP,t218-t220-barrier,mountain,Proposed separation of recorded mountain contact; awaiting explicit approval,UNAPPROVED_ALTERNATIVE
T218-T220-A,T218-T220,1160,840,T218,GAP,v2,44800,14080,44928,14208,GAP,t218-t220-barrier,mountain,Proposed separation of recorded mountain contact; awaiting explicit approval,UNAPPROVED_ALTERNATIVE
T218-T220-A,T218-T220,1159,841,T218,GAP,v2,44672,14208,44800,14336,GAP,t218-t220-barrier,mountain,Proposed separation of recorded mountain contact; awaiting explicit approval,UNAPPROVED_ALTERNATIVE
T218-T220-A,T218-T220,1158,842,T218,GAP,v2,44544,14336,44672,14464,GAP,t218-t220-barrier,mountain,Proposed separation of recorded mountain contact; awaiting explicit approval,UNAPPROVED_ALTERNATIVE
T218-T220-A,T218-T220,1159,842,T218,GAP,v2,44672,14336,44800,14464,GAP,t218-t220-barrier,mountain,Proposed separation of recorded mountain contact; awaiting explicit approval,UNAPPROVED_ALTERNATIVE
T218-T220-A,T218-T220,1158,843,T218,GAP,v2,44544,14464,44672,14592,GAP,t218-t220-barrier,mountain,Proposed separation of recorded mountain contact; awaiting explicit approval,UNAPPROVED_ALTERNATIVE
T218-T220-A,T218-T220,1158,844,T218,GAP,v2,44544,14592,44672,14720,GAP,t218-t220-barrier,mountain,Proposed separation of recorded mountain contact; awaiting explicit approval,UNAPPROVED_ALTERNATIVE
T218-T220-A,T218-T220,1158,845,T218,GAP,v2,44544,14720,44672,14848,GAP,t218-t220-barrier,mountain,Proposed separation of recorded mountain contact; awaiting explicit approval,UNAPPROVED_ALTERNATIVE
T218-T220-A,T218-T220,1158,846,T218,GAP,v2,44544,14848,44672,14976,GAP,t218-t220-barrier,mountain,Proposed separation of recorded mountain contact; awaiting explicit approval,UNAPPROVED_ALTERNATIVE
T218-T220-A,T218-T220,1158,847,T218,GAP,v2,44544,14976,44672,15104,GAP,t218-t220-barrier,mountain,Proposed separation of recorded mountain contact; awaiting explicit approval,UNAPPROVED_ALTERNATIVE
T218-T220-A,T218-T220,1158,848,T218,GAP,final,44544,15104,44672,15232,GAP,t218-t220-barrier,mountain,Proposed separation of recorded mountain contact; awaiting explicit approval,UNAPPROVED_ALTERNATIVE
T218-T220-A,T218-T220,1158,849,T218,GAP,final,44544,15232,44672,15360,GAP,t218-t220-barrier,mountain,Proposed separation of recorded mountain contact; awaiting explicit approval,UNAPPROVED_ALTERNATIVE
T218-T220-B,T218-T220,1162,839,T220,GAP,final,45056,13952,45184,14080,GAP,t218-t220-barrier,mountain,Proposed separation of recorded mountain contact; awaiting explicit approval,UNAPPROVED_ALTERNATIVE
T218-T220-B,T218-T220,1161,840,T220,GAP,v2,44928,14080,45056,14208,GAP,t218-t220-barrier,mountain,Proposed separation of recorded mountain contact; awaiting explicit approval,UNAPPROVED_ALTERNATIVE
T218-T220-B,T218-T220,1162,840,T220,GAP,v2,45056,14080,45184,14208,GAP,t218-t220-barrier,mountain,Proposed separation of recorded mountain contact; awaiting explicit approval,UNAPPROVED_ALTERNATIVE
T218-T220-B,T218-T220,1160,841,T220,GAP,v2,44800,14208,44928,14336,GAP,t218-t220-barrier,mountain,Proposed separation of recorded mountain contact; awaiting explicit approval,UNAPPROVED_ALTERNATIVE
T218-T220-B,T218-T220,1161,841,T220,GAP,v2,44928,14208,45056,14336,GAP,t218-t220-barrier,mountain,Proposed separation of recorded mountain contact; awaiting explicit approval,UNAPPROVED_ALTERNATIVE
T218-T220-B,T218-T220,1160,842,T220,GAP,v2,44800,14336,44928,14464,GAP,t218-t220-barrier,mountain,Proposed separation of recorded mountain contact; awaiting explicit approval,UNAPPROVED_ALTERNATIVE
T218-T220-B,T218-T220,1159,843,T220,GAP,v2,44672,14464,44800,14592,GAP,t218-t220-barrier,mountain,Proposed separation of recorded mountain contact; awaiting explicit approval,UNAPPROVED_ALTERNATIVE
T218-T220-B,T218-T220,1160,843,T220,GAP,v2,44800,14464,44928,14592,GAP,t218-t220-barrier,mountain,Proposed separation of recorded mountain contact; awaiting explicit approval,UNAPPROVED_ALTERNATIVE
T218-T220-B,T218-T220,1159,844,T220,GAP,v2,44672,14592,44800,14720,GAP,t218-t220-barrier,mountain,Proposed separation of recorded mountain contact; awaiting explicit approval,UNAPPROVED_ALTERNATIVE
T218-T220-B,T218-T220,1159,845,T220,GAP,v2,44672,14720,44800,14848,GAP,t218-t220-barrier,mountain,Proposed separation of recorded mountain contact; awaiting explicit approval,UNAPPROVED_ALTERNATIVE
T218-T220-B,T218-T220,1159,846,T220,GAP,v2,44672,14848,44800,14976,GAP,t218-t220-barrier,mountain,Proposed separation of recorded mountain contact; awaiting explicit approval,UNAPPROVED_ALTERNATIVE
T218-T220-B,T218-T220,1159,847,T220,GAP,v2,44672,14976,44800,15104,GAP,t218-t220-barrier,mountain,Proposed separation of recorded mountain contact; awaiting explicit approval,UNAPPROVED_ALTERNATIVE
T218-T220-B,T218-T220,1159,848,T220,GAP,final,44672,15104,44800,15232,GAP,t218-t220-barrier,mountain,Proposed separation of recorded mountain contact; awaiting explicit approval,UNAPPROVED_ALTERNATIVE
T218-T220-B,T218-T220,1159,849,T220,GAP,final,44672,15232,44800,15360,GAP,t218-t220-barrier,mountain,Proposed separation of recorded mountain contact; awaiting explicit approval,UNAPPROVED_ALTERNATIVE
T218-T220-B,T218-T220,1159,850,T220,GAP,final,44672,15360,44800,15488,GAP,t218-t220-barrier,mountain,Proposed separation of recorded mountain contact; awaiting explicit approval,UNAPPROVED_ALTERNATIVE
