proposal,pair,alternative,remove_from_tile,exact_cells,mask_bbox_inclusive,proposed_assignment,proposed_exclusion_type,approved,effect,limitations
T435-T654-A,T435-T654,A,T435,3,"1481,1386,1481,1388",GAP,mountain,False,Removes every recorded direct/diagonal contact for this pair only,"Not a wider barrier design; adjacent topology, references and approved width require review"
T435-T654-B,T435-T654,B,T654,2,"1482,1386,1482,1387",GAP,mountain,False,Removes every recorded direct/diagonal contact for this pair only,"Not a wider barrier design; adjacent topology, references and approved width require review"
T400-T420-A,T400-T420,A,T400,11,"1895,1318,1904,1319",GAP,mountain,False,Removes every recorded direct/diagonal contact for this pair only,"Not a wider barrier design; adjacent topology, references and approved width require review"
T400-T420-B,T400-T420,B,T420,10,"1896,1319,1904,1320",GAP,mountain,False,Removes every recorded direct/diagonal contact for this pair only,"Not a wider barrier design; adjacent topology, references and approved width require review"
T329-T355-A,T329-T355,A,T329,13,"1854,1135,1863,1138",GAP,mountain,False,Removes every recorded direct/diagonal contact for this pair only,"Not a wider barrier design; adjacent topology, references and approved width require review"
T329-T355-B,T329-T355,B,T355,14,"1854,1136,1864,1139",GAP,mountain,False,Removes every recorded direct/diagonal contact for this pair only,"Not a wider barrier design; adjacent topology, references and approved width require review"
T352-T356-A,T352-T356,A,T352,8,"1457,1158,1459,1164",GAP,mountain,False,Removes every recorded direct/diagonal contact for this pair only,"Not a wider barrier design; adjacent topology, references and approved width require review"
T352-T356-B,T352-T356,B,T356,8,"1458,1158,1460,1164",GAP,mountain,False,Removes every recorded direct/diagonal contact for this pair only,"Not a wider barrier design; adjacent topology, references and approved width require review"
T218-T220-A,T218-T220,A,T218,15,"1158,838,1161,849",GAP,mountain,False,Removes every recorded direct/diagonal contact for this pair only,"Not a wider barrier design; adjacent topology, references and approved width require review"
T218-T220-B,T218-T220,B,T220,15,"1159,839,1162,850",GAP,mountain,False,Removes every recorded direct/diagonal contact for this pair only,"Not a wider barrier design; adjacent topology, references and approved width require review"
