region,mask_x_min,mask_y_min,mask_x_max_exclusive,mask_y_max_exclusive,world_x_min,world_z_min,world_x_max_exclusive,world_z_max_exclusive,exact_review_cells,groups,proposed_disposition,decision_required,atlas_crop
400-400,400,400,800,800,-52480,-42240,-1280,8960,1267,"{""uncertain_v2"": 1209, ""withheld_gap"": 58}",Preserve current assignments and unknown gaps; no geographic reason inferred,Exact approved assignment or exclusion type/reason for each changed cell,../../tile-geography-review-20261002/atlas/400-400.png
400-800,400,800,800,1200,-52480,8960,-1280,60160,280,"{""uncertain_v2"": 279, ""withheld_gap"": 1}",Preserve current assignments and unknown gaps; no geographic reason inferred,Exact approved assignment or exclusion type/reason for each changed cell,../../tile-geography-review-20261002/atlas/400-800.png
400-2000,400,2000,800,2400,-52480,162560,-1280,213760,5,"{""uncertain_v2"": 5}",Preserve current assignments and unknown gaps; no geographic reason inferred,Exact approved assignment or exclusion type/reason for each changed cell,../../tile-geography-review-20261002/atlas/400-2000.png
400-3200,400,3200,800,3600,-52480,316160,-1280,367360,63,"{""uncertain_v2"": 63}",Preserve current assignments and unknown gaps; no geographic reason inferred,Exact approved assignment or exclusion type/reason for each changed cell,../../tile-geography-review-20261002/atlas/400-3200.png
800-400,800,400,1200,800,-1280,-42240,49920,8960,1915,"{""blocked55"": 5, ""optional_shape"": 1, ""protected_control"": 1, ""protected_junction"": 14, ""uncertain_v2"": 1899, ""withheld_gap"": 10, ""withheld_transfer"": 4}",Preserve current assignments and unknown gaps; no geographic reason inferred,Exact approved assignment or exclusion type/reason for each changed cell,../../tile-geography-review-20261002/atlas/800-400.png
800-800,800,800,1200,1200,-1280,8960,49920,60160,1857,"{""blocked55"": 3, ""uncertain_v2"": 1759, ""withheld_gap"": 79, ""withheld_transfer"": 19}",Preserve current assignments and unknown gaps; no geographic reason inferred,Exact approved assignment or exclusion type/reason for each changed cell,../../tile-geography-review-20261002/atlas/800-800.png
800-1200,800,1200,1200,1600,-1280,60160,49920,111360,348,"{""uncertain_v2"": 348}",Preserve current assignments and unknown gaps; no geographic reason inferred,Exact approved assignment or exclusion type/reason for each changed cell,../../tile-geography-review-20261002/atlas/800-1200.png
800-1600,800,1600,1200,2000,-1280,111360,49920,162560,456,"{""uncertain_v2"": 452, ""withheld_gap"": 4}",Preserve current assignments and unknown gaps; no geographic reason inferred,Exact approved assignment or exclusion type/reason for each changed cell,../../tile-geography-review-20261002/atlas/800-1600.png
800-2000,800,2000,1200,2400,-1280,162560,49920,213760,373,"{""blocked55"": 1, ""uncertain_v2"": 361, ""withheld_gap"": 12}",Preserve current assignments and unknown gaps; no geographic reason inferred,Exact approved assignment or exclusion type/reason for each changed cell,../../tile-geography-review-20261002/atlas/800-2000.png
800-2400,800,2400,1200,2800,-1280,213760,49920,264960,801,"{""blocked55"": 2, ""uncertain_v2"": 728, ""withheld_gap"": 72, ""withheld_transfer"": 1}",Preserve current assignments and unknown gaps; no geographic reason inferred,Exact approved assignment or exclusion type/reason for each changed cell,../../tile-geography-review-20261002/atlas/800-2400.png
800-2800,800,2800,1200,3200,-1280,264960,49920,316160,677,"{""uncertain_v2"": 677}",Preserve current assignments and unknown gaps; no geographic reason inferred,Exact approved assignment or exclusion type/reason for each changed cell,../../tile-geography-review-20261002/atlas/800-2800.png
800-3200,800,3200,1200,3600,-1280,316160,49920,367360,546,"{""uncertain_v2"": 545, ""withheld_gap"": 1}",Preserve current assignments and unknown gaps; no geographic reason inferred,Exact approved assignment or exclusion type/reason for each changed cell,../../tile-geography-review-20261002/atlas/800-3200.png
800-3600,800,3600,1200,4000,-1280,367360,49920,418560,387,"{""uncertain_v2"": 387}",Preserve current assignments and unknown gaps; no geographic reason inferred,Exact approved assignment or exclusion type/reason for each changed cell,../../tile-geography-review-20261002/atlas/800-3600.png
1200-400,1200,400,1600,800,49920,-42240,101120,8960,1716,"{""blocked55"": 34, ""uncertain_v2"": 1641, ""withheld_gap"": 66, ""withheld_transfer"": 7}",Preserve current assignments and unknown gaps; no geographic reason inferred,Exact approved assignment or exclusion type/reason for each changed cell,../../tile-geography-review-20261002/atlas/1200-400.png
1200-800,1200,800,1600,1200,49920,8960,101120,60160,2434,"{""blocked55"": 1, ""uncertain_v2"": 2351, ""withheld_gap"": 83}",Preserve current assignments and unknown gaps; no geographic reason inferred,Exact approved assignment or exclusion type/reason for each changed cell,../../tile-geography-review-20261002/atlas/1200-800.png
1200-1200,1200,1200,1600,1600,49920,60160,101120,111360,1844,"{""uncertain_v2"": 1799, ""withheld_gap"": 30, ""withheld_transfer"": 15}",Preserve current assignments and unknown gaps; no geographic reason inferred,Exact approved assignment or exclusion type/reason for each changed cell,../../tile-geography-review-20261002/atlas/1200-1200.png
1200-1600,1200,1600,1600,2000,49920,111360,101120,162560,284,"{""blocked55"": 3, ""uncertain_v2"": 282, ""withheld_gap"": 2}",Preserve current assignments and unknown gaps; no geographic reason inferred,Exact approved assignment or exclusion type/reason for each changed cell,../../tile-geography-review-20261002/atlas/1200-1600.png
1200-2000,1200,2000,1600,2400,49920,162560,101120,213760,976,"{""uncertain_v2"": 976}",Preserve current assignments and unknown gaps; no geographic reason inferred,Exact approved assignment or exclusion type/reason for each changed cell,../../tile-geography-review-20261002/atlas/1200-2000.png
1200-2400,1200,2400,1600,2800,49920,213760,101120,264960,719,"{""uncertain_v2"": 650, ""withheld_gap"": 69}",Preserve current assignments and unknown gaps; no geographic reason inferred,Exact approved assignment or exclusion type/reason for each changed cell,../../tile-geography-review-20261002/atlas/1200-2400.png
1200-2800,1200,2800,1600,3200,49920,264960,101120,316160,1240,"{""uncertain_v2"": 1159, ""withheld_gap"": 81}",Preserve current assignments and unknown gaps; no geographic reason inferred,Exact approved assignment or exclusion type/reason for each changed cell,../../tile-geography-review-20261002/atlas/1200-2800.png
1200-3200,1200,3200,1600,3600,49920,316160,101120,367360,855,"{""uncertain_v2"": 818, ""withheld_gap"": 37}",Preserve current assignments and unknown gaps; no geographic reason inferred,Exact approved assignment or exclusion type/reason for each changed cell,../../tile-geography-review-20261002/atlas/1200-3200.png
1200-3600,1200,3600,1600,4000,49920,367360,101120,418560,8,"{""uncertain_v2"": 8}",Preserve current assignments and unknown gaps; no geographic reason inferred,Exact approved assignment or exclusion type/reason for each changed cell,../../tile-geography-review-20261002/atlas/1200-3600.png
1600-400,1600,400,2000,800,101120,-42240,152320,8960,664,"{""uncertain_v2"": 664}",Preserve current assignments and unknown gaps; no geographic reason inferred,Exact approved assignment or exclusion type/reason for each changed cell,../../tile-geography-review-20261002/atlas/1600-400.png
1600-800,1600,800,2000,1200,101120,8960,152320,60160,1868,"{""blocked55"": 6, ""uncertain_v2"": 1856, ""withheld_gap"": 10, ""withheld_transfer"": 2}",Preserve current assignments and unknown gaps; no geographic reason inferred,Exact approved assignment or exclusion type/reason for each changed cell,../../tile-geography-review-20261002/atlas/1600-800.png
1600-1200,1600,1200,2000,1600,101120,60160,152320,111360,1086,"{""uncertain_v2"": 1052, ""withheld_gap"": 34}",Preserve current assignments and unknown gaps; no geographic reason inferred,Exact approved assignment or exclusion type/reason for each changed cell,../../tile-geography-review-20261002/atlas/1600-1200.png
1600-1600,1600,1600,2000,2000,101120,111360,152320,162560,117,"{""uncertain_v2"": 117}",Preserve current assignments and unknown gaps; no geographic reason inferred,Exact approved assignment or exclusion type/reason for each changed cell,../../tile-geography-review-20261002/atlas/1600-1600.png
1600-2000,1600,2000,2000,2400,101120,162560,152320,213760,393,"{""uncertain_v2"": 392, ""withheld_gap"": 1}",Preserve current assignments and unknown gaps; no geographic reason inferred,Exact approved assignment or exclusion type/reason for each changed cell,../../tile-geography-review-20261002/atlas/1600-2000.png
1600-2400,1600,2400,2000,2800,101120,213760,152320,264960,839,"{""uncertain_v2"": 836, ""withheld_gap"": 3}",Preserve current assignments and unknown gaps; no geographic reason inferred,Exact approved assignment or exclusion type/reason for each changed cell,../../tile-geography-review-20261002/atlas/1600-2400.png
1600-2800,1600,2800,2000,3200,101120,264960,152320,316160,233,"{""uncertain_v2"": 233}",Preserve current assignments and unknown gaps; no geographic reason inferred,Exact approved assignment or exclusion type/reason for each changed cell,../../tile-geography-review-20261002/atlas/1600-2800.png
2000-0,2000,0,2400,400,152320,-93440,203520,-42240,2,"{""protected_control"": 2}",Preserve current assignments and unknown gaps; no geographic reason inferred,Exact approved assignment or exclusion type/reason for each changed cell,../../tile-geography-review-20261002/atlas/2000-0.png
2000-400,2000,400,2400,800,152320,-42240,203520,8960,194,"{""uncertain_v2"": 194}",Preserve current assignments and unknown gaps; no geographic reason inferred,Exact approved assignment or exclusion type/reason for each changed cell,../../tile-geography-review-20261002/atlas/2000-400.png
2000-800,2000,800,2400,1200,152320,8960,203520,60160,481,"{""uncertain_v2"": 481}",Preserve current assignments and unknown gaps; no geographic reason inferred,Exact approved assignment or exclusion type/reason for each changed cell,../../tile-geography-review-20261002/atlas/2000-800.png
2000-1200,2000,1200,2400,1600,152320,60160,203520,111360,167,"{""uncertain_v2"": 163, ""withheld_gap"": 4}",Preserve current assignments and unknown gaps; no geographic reason inferred,Exact approved assignment or exclusion type/reason for each changed cell,../../tile-geography-review-20261002/atlas/2000-1200.png
2000-1600,2000,1600,2400,2000,152320,111360,203520,162560,108,"{""uncertain_v2"": 108}",Preserve current assignments and unknown gaps; no geographic reason inferred,Exact approved assignment or exclusion type/reason for each changed cell,../../tile-geography-review-20261002/atlas/2000-1600.png
2000-2000,2000,2000,2400,2400,152320,162560,203520,213760,7,"{""uncertain_v2"": 7}",Preserve current assignments and unknown gaps; no geographic reason inferred,Exact approved assignment or exclusion type/reason for each changed cell,../../tile-geography-review-20261002/atlas/2000-2000.png
2400-400,2400,400,2800,800,203520,-42240,254720,8960,214,"{""uncertain_v2"": 214}",Preserve current assignments and unknown gaps; no geographic reason inferred,Exact approved assignment or exclusion type/reason for each changed cell,../../tile-geography-review-20261002/atlas/2400-400.png
2400-800,2400,800,2800,1200,203520,8960,254720,60160,109,"{""uncertain_v2"": 96, ""withheld_gap"": 13}",Preserve current assignments and unknown gaps; no geographic reason inferred,Exact approved assignment or exclusion type/reason for each changed cell,../../tile-geography-review-20261002/atlas/2400-800.png
2400-1200,2400,1200,2800,1600,203520,60160,254720,111360,484,"{""uncertain_v2"": 466, ""withheld_gap"": 18}",Preserve current assignments and unknown gaps; no geographic reason inferred,Exact approved assignment or exclusion type/reason for each changed cell,../../tile-geography-review-20261002/atlas/2400-1200.png
2400-1600,2400,1600,2800,2000,203520,111360,254720,162560,83,"{""uncertain_v2"": 83}",Preserve current assignments and unknown gaps; no geographic reason inferred,Exact approved assignment or exclusion type/reason for each changed cell,../../tile-geography-review-20261002/atlas/2400-1600.png
2800-400,2800,400,3200,800,254720,-42240,305920,8960,11,"{""uncertain_v2"": 11}",Preserve current assignments and unknown gaps; no geographic reason inferred,Exact approved assignment or exclusion type/reason for each changed cell,../../tile-geography-review-20261002/atlas/2800-400.png
2800-800,2800,800,3200,1200,254720,8960,305920,60160,42,"{""uncertain_v2"": 42}",Preserve current assignments and unknown gaps; no geographic reason inferred,Exact approved assignment or exclusion type/reason for each changed cell,../../tile-geography-review-20261002/atlas/2800-800.png
2800-1200,2800,1200,3200,1600,254720,60160,305920,111360,343,"{""uncertain_v2"": 343}",Preserve current assignments and unknown gaps; no geographic reason inferred,Exact approved assignment or exclusion type/reason for each changed cell,../../tile-geography-review-20261002/atlas/2800-1200.png
2800-1600,2800,1600,3200,2000,254720,111360,305920,162560,168,"{""uncertain_v2"": 165, ""withheld_gap"": 3}",Preserve current assignments and unknown gaps; no geographic reason inferred,Exact approved assignment or exclusion type/reason for each changed cell,../../tile-geography-review-20261002/atlas/2800-1600.png
