snapshot,category,record,tile_references,point_locations,explicit_dimension_locations,dimension_unavailable_locations,removed_cell_intersections,disposition
S009,TileWaypoints,T355,"[[""/TileId"", ""T355""]]",1,1,0,0,STABLE_TILE_ID_REFERENCE_ONLY
S009,TileWaypoints,T420,"[[""/TileId"", ""T420""]]",1,1,0,0,STABLE_TILE_ID_REFERENCE_ONLY
S009,TileWaypoints,T356,"[[""/TileId"", ""T356""]]",1,1,0,0,STABLE_TILE_ID_REFERENCE_ONLY
S009,TileWaypoints,T352,"[[""/TileId"", ""T352""]]",1,1,0,0,STABLE_TILE_ID_REFERENCE_ONLY
S009,TileWaypoints,T400,"[[""/TileId"", ""T400""]]",1,1,0,0,STABLE_TILE_ID_REFERENCE_ONLY
S009,TileWaypoints,T329,"[[""/TileId"", ""T329""]]",1,1,0,0,STABLE_TILE_ID_REFERENCE_ONLY
S009,TileWaypoints,T435,"[[""/TileId"", ""T435""]]",1,1,0,0,STABLE_TILE_ID_REFERENCE_ONLY
S009,TileWaypoints,T220,"[[""/TileId"", ""T220""]]",1,1,0,0,STABLE_TILE_ID_REFERENCE_ONLY
S009,TileWaypoints,T218,"[[""/TileId"", ""T218""]]",1,1,0,0,STABLE_TILE_ID_REFERENCE_ONLY
S009,TileWaypoints,T654,"[[""/TileId"", ""T654""]]",1,1,0,0,STABLE_TILE_ID_REFERENCE_ONLY
S009,TileWaypointLinks,T654,"[[""/TileId"", ""T654""]]",1,1,0,0,STABLE_TILE_ID_REFERENCE_ONLY
S009,TileWaypointLinks,T329,"[[""/TileId"", ""T329""]]",1,1,0,0,STABLE_TILE_ID_REFERENCE_ONLY
S009,TileWaypointLinks,T435,"[[""/TileId"", ""T435""]]",1,1,0,0,STABLE_TILE_ID_REFERENCE_ONLY
S009,TileWaypointLinks,T355,"[[""/TileId"", ""T355""]]",1,1,0,0,STABLE_TILE_ID_REFERENCE_ONLY
S009,TileWaypointLinks,T352,"[[""/TileId"", ""T352""]]",1,1,0,0,STABLE_TILE_ID_REFERENCE_ONLY
S009,TileWaypointLinks,T218,"[[""/TileId"", ""T218""]]",1,1,0,0,STABLE_TILE_ID_REFERENCE_ONLY
S009,TileWaypointLinks,T220,"[[""/TileId"", ""T220""]]",1,1,0,0,STABLE_TILE_ID_REFERENCE_ONLY
S009,TileWaypointLinks,T356,"[[""/TileId"", ""T356""]]",1,1,0,0,STABLE_TILE_ID_REFERENCE_ONLY
S011,TileWaypoints,T355,"[[""/TileId"", ""T355""]]",1,1,0,0,STABLE_TILE_ID_REFERENCE_ONLY
S011,TileWaypoints,T420,"[[""/TileId"", ""T420""]]",1,1,0,0,STABLE_TILE_ID_REFERENCE_ONLY
S011,TileWaypoints,T356,"[[""/TileId"", ""T356""]]",1,1,0,0,STABLE_TILE_ID_REFERENCE_ONLY
S011,TileWaypoints,T352,"[[""/TileId"", ""T352""]]",1,1,0,0,STABLE_TILE_ID_REFERENCE_ONLY
S011,TileWaypoints,T400,"[[""/TileId"", ""T400""]]",1,1,0,0,STABLE_TILE_ID_REFERENCE_ONLY
S011,TileWaypoints,T329,"[[""/TileId"", ""T329""]]",1,1,0,0,STABLE_TILE_ID_REFERENCE_ONLY
S011,TileWaypoints,T435,"[[""/TileId"", ""T435""]]",1,1,0,0,STABLE_TILE_ID_REFERENCE_ONLY
S011,TileWaypoints,T220,"[[""/TileId"", ""T220""]]",1,1,0,0,STABLE_TILE_ID_REFERENCE_ONLY
S011,TileWaypoints,T218,"[[""/TileId"", ""T218""]]",1,1,0,0,STABLE_TILE_ID_REFERENCE_ONLY
S011,TileWaypoints,T654,"[[""/TileId"", ""T654""]]",1,1,0,0,STABLE_TILE_ID_REFERENCE_ONLY
S011,TileWaypointLinks,T654,"[[""/TileId"", ""T654""]]",1,1,0,0,STABLE_TILE_ID_REFERENCE_ONLY
S011,TileWaypointLinks,T329,"[[""/TileId"", ""T329""]]",1,1,0,0,STABLE_TILE_ID_REFERENCE_ONLY
S011,TileWaypointLinks,T435,"[[""/TileId"", ""T435""]]",1,1,0,0,STABLE_TILE_ID_REFERENCE_ONLY
S011,TileWaypointLinks,T355,"[[""/TileId"", ""T355""]]",1,1,0,0,STABLE_TILE_ID_REFERENCE_ONLY
S011,TileWaypointLinks,T352,"[[""/TileId"", ""T352""]]",1,1,0,0,STABLE_TILE_ID_REFERENCE_ONLY
S011,TileWaypointLinks,T218,"[[""/TileId"", ""T218""]]",1,1,0,0,STABLE_TILE_ID_REFERENCE_ONLY
S011,TileWaypointLinks,T220,"[[""/TileId"", ""T220""]]",1,1,0,0,STABLE_TILE_ID_REFERENCE_ONLY
S011,TileWaypointLinks,T356,"[[""/TileId"", ""T356""]]",1,1,0,0,STABLE_TILE_ID_REFERENCE_ONLY
S012,TileWaypoints,T355,"[[""/TileId"", ""T355""]]",1,1,0,0,STABLE_TILE_ID_REFERENCE_ONLY
S012,TileWaypoints,T420,"[[""/TileId"", ""T420""]]",1,1,0,0,STABLE_TILE_ID_REFERENCE_ONLY
S012,TileWaypoints,T356,"[[""/TileId"", ""T356""]]",1,1,0,0,STABLE_TILE_ID_REFERENCE_ONLY
S012,TileWaypoints,T352,"[[""/TileId"", ""T352""]]",1,1,0,0,STABLE_TILE_ID_REFERENCE_ONLY
S012,TileWaypoints,T400,"[[""/TileId"", ""T400""]]",1,1,0,0,STABLE_TILE_ID_REFERENCE_ONLY
S012,TileWaypoints,T329,"[[""/TileId"", ""T329""]]",1,1,0,0,STABLE_TILE_ID_REFERENCE_ONLY
S012,TileWaypoints,T435,"[[""/TileId"", ""T435""]]",1,1,0,0,STABLE_TILE_ID_REFERENCE_ONLY
S012,TileWaypoints,T220,"[[""/TileId"", ""T220""]]",1,1,0,0,STABLE_TILE_ID_REFERENCE_ONLY
S012,TileWaypoints,T218,"[[""/TileId"", ""T218""]]",1,1,0,0,STABLE_TILE_ID_REFERENCE_ONLY
S012,TileWaypoints,T654,"[[""/TileId"", ""T654""]]",1,1,0,0,STABLE_TILE_ID_REFERENCE_ONLY
S012,TileWaypointLinks,T654,"[[""/TileId"", ""T654""]]",1,1,0,0,STABLE_TILE_ID_REFERENCE_ONLY
S012,TileWaypointLinks,T329,"[[""/TileId"", ""T329""]]",1,1,0,0,STABLE_TILE_ID_REFERENCE_ONLY
S012,TileWaypointLinks,T435,"[[""/TileId"", ""T435""]]",1,1,0,0,STABLE_TILE_ID_REFERENCE_ONLY
S012,TileWaypointLinks,T355,"[[""/TileId"", ""T355""]]",1,1,0,0,STABLE_TILE_ID_REFERENCE_ONLY
S012,TileWaypointLinks,T352,"[[""/TileId"", ""T352""]]",1,1,0,0,STABLE_TILE_ID_REFERENCE_ONLY
S012,TileWaypointLinks,T218,"[[""/TileId"", ""T218""]]",1,1,0,0,STABLE_TILE_ID_REFERENCE_ONLY
S012,TileWaypointLinks,T220,"[[""/TileId"", ""T220""]]",1,1,0,0,STABLE_TILE_ID_REFERENCE_ONLY
S012,TileWaypointLinks,T356,"[[""/TileId"", ""T356""]]",1,1,0,0,STABLE_TILE_ID_REFERENCE_ONLY
S014,TileWaypoints,T355,"[[""/TileId"", ""T355""]]",1,1,0,0,STABLE_TILE_ID_REFERENCE_ONLY
S014,TileWaypoints,T420,"[[""/TileId"", ""T420""]]",1,1,0,0,STABLE_TILE_ID_REFERENCE_ONLY
S014,TileWaypoints,T356,"[[""/TileId"", ""T356""]]",1,1,0,0,STABLE_TILE_ID_REFERENCE_ONLY
S014,TileWaypoints,T352,"[[""/TileId"", ""T352""]]",1,1,0,0,STABLE_TILE_ID_REFERENCE_ONLY
S014,TileWaypoints,T400,"[[""/TileId"", ""T400""]]",1,1,0,0,STABLE_TILE_ID_REFERENCE_ONLY
S014,TileWaypoints,T329,"[[""/TileId"", ""T329""]]",1,1,0,0,STABLE_TILE_ID_REFERENCE_ONLY
S014,TileWaypoints,T435,"[[""/TileId"", ""T435""]]",1,1,0,0,STABLE_TILE_ID_REFERENCE_ONLY
S014,TileWaypoints,T220,"[[""/TileId"", ""T220""]]",1,1,0,0,STABLE_TILE_ID_REFERENCE_ONLY
S014,TileWaypoints,T218,"[[""/TileId"", ""T218""]]",1,1,0,0,STABLE_TILE_ID_REFERENCE_ONLY
S014,TileWaypoints,T654,"[[""/TileId"", ""T654""]]",1,1,0,0,STABLE_TILE_ID_REFERENCE_ONLY
S014,TileWaypointLinks,T654,"[[""/TileId"", ""T654""]]",1,1,0,0,STABLE_TILE_ID_REFERENCE_ONLY
S014,TileWaypointLinks,T329,"[[""/TileId"", ""T329""]]",1,1,0,0,STABLE_TILE_ID_REFERENCE_ONLY
S014,TileWaypointLinks,T435,"[[""/TileId"", ""T435""]]",1,1,0,0,STABLE_TILE_ID_REFERENCE_ONLY
S014,TileWaypointLinks,T355,"[[""/TileId"", ""T355""]]",1,1,0,0,STABLE_TILE_ID_REFERENCE_ONLY
S014,TileWaypointLinks,T352,"[[""/TileId"", ""T352""]]",1,1,0,0,STABLE_TILE_ID_REFERENCE_ONLY
S014,TileWaypointLinks,T218,"[[""/TileId"", ""T218""]]",1,1,0,0,STABLE_TILE_ID_REFERENCE_ONLY
S014,TileWaypointLinks,T220,"[[""/TileId"", ""T220""]]",1,1,0,0,STABLE_TILE_ID_REFERENCE_ONLY
S014,TileWaypointLinks,T356,"[[""/TileId"", ""T356""]]",1,1,0,0,STABLE_TILE_ID_REFERENCE_ONLY
S015,TileWaypoints,T355,"[[""/TileId"", ""T355""]]",1,1,0,0,STABLE_TILE_ID_REFERENCE_ONLY
S015,TileWaypoints,T420,"[[""/TileId"", ""T420""]]",1,1,0,0,STABLE_TILE_ID_REFERENCE_ONLY
S015,TileWaypoints,T356,"[[""/TileId"", ""T356""]]",1,1,0,0,STABLE_TILE_ID_REFERENCE_ONLY
S015,TileWaypoints,T352,"[[""/TileId"", ""T352""]]",1,1,0,0,STABLE_TILE_ID_REFERENCE_ONLY
S015,TileWaypoints,T400,"[[""/TileId"", ""T400""]]",1,1,0,0,STABLE_TILE_ID_REFERENCE_ONLY
S015,TileWaypoints,T329,"[[""/TileId"", ""T329""]]",1,1,0,0,STABLE_TILE_ID_REFERENCE_ONLY
S015,TileWaypoints,T435,"[[""/TileId"", ""T435""]]",1,1,0,0,STABLE_TILE_ID_REFERENCE_ONLY
S015,TileWaypoints,T220,"[[""/TileId"", ""T220""]]",1,1,0,0,STABLE_TILE_ID_REFERENCE_ONLY
S015,TileWaypoints,T218,"[[""/TileId"", ""T218""]]",1,1,0,0,STABLE_TILE_ID_REFERENCE_ONLY
S015,TileWaypoints,T654,"[[""/TileId"", ""T654""]]",1,1,0,0,STABLE_TILE_ID_REFERENCE_ONLY
S016,TileWaypoints,T355,"[[""/TileId"", ""T355""]]",1,1,0,0,STABLE_TILE_ID_REFERENCE_ONLY
S016,TileWaypoints,T420,"[[""/TileId"", ""T420""]]",1,1,0,0,STABLE_TILE_ID_REFERENCE_ONLY
S016,TileWaypoints,T356,"[[""/TileId"", ""T356""]]",1,1,0,0,STABLE_TILE_ID_REFERENCE_ONLY
S016,TileWaypoints,T352,"[[""/TileId"", ""T352""]]",1,1,0,0,STABLE_TILE_ID_REFERENCE_ONLY
S016,TileWaypoints,T400,"[[""/TileId"", ""T400""]]",1,1,0,0,STABLE_TILE_ID_REFERENCE_ONLY
S016,TileWaypoints,T329,"[[""/TileId"", ""T329""]]",1,1,0,0,STABLE_TILE_ID_REFERENCE_ONLY
S016,TileWaypoints,T435,"[[""/TileId"", ""T435""]]",1,1,0,0,STABLE_TILE_ID_REFERENCE_ONLY
S016,TileWaypoints,T220,"[[""/TileId"", ""T220""]]",1,1,0,0,STABLE_TILE_ID_REFERENCE_ONLY
S016,TileWaypoints,T218,"[[""/TileId"", ""T218""]]",1,1,0,0,STABLE_TILE_ID_REFERENCE_ONLY
S016,TileWaypoints,T654,"[[""/TileId"", ""T654""]]",1,1,0,0,STABLE_TILE_ID_REFERENCE_ONLY
S017,TileWaypoints,T355,"[[""/TileId"", ""T355""]]",1,1,0,0,STABLE_TILE_ID_REFERENCE_ONLY
S017,TileWaypoints,T420,"[[""/TileId"", ""T420""]]",1,1,0,0,STABLE_TILE_ID_REFERENCE_ONLY
S017,TileWaypoints,T356,"[[""/TileId"", ""T356""]]",1,1,0,0,STABLE_TILE_ID_REFERENCE_ONLY
S017,TileWaypoints,T352,"[[""/TileId"", ""T352""]]",1,1,0,0,STABLE_TILE_ID_REFERENCE_ONLY
S017,TileWaypoints,T400,"[[""/TileId"", ""T400""]]",1,1,0,0,STABLE_TILE_ID_REFERENCE_ONLY
S017,TileWaypoints,T329,"[[""/TileId"", ""T329""]]",1,1,0,0,STABLE_TILE_ID_REFERENCE_ONLY
S017,TileWaypoints,T435,"[[""/TileId"", ""T435""]]",1,1,0,0,STABLE_TILE_ID_REFERENCE_ONLY
S017,TileWaypoints,T220,"[[""/TileId"", ""T220""]]",1,1,0,0,STABLE_TILE_ID_REFERENCE_ONLY
S017,TileWaypoints,T218,"[[""/TileId"", ""T218""]]",1,1,0,0,STABLE_TILE_ID_REFERENCE_ONLY
S017,TileWaypoints,T654,"[[""/TileId"", ""T654""]]",1,1,0,0,STABLE_TILE_ID_REFERENCE_ONLY
S018,TileWaypoints,T355,"[[""/TileId"", ""T355""]]",1,1,0,0,STABLE_TILE_ID_REFERENCE_ONLY
S018,TileWaypoints,T420,"[[""/TileId"", ""T420""]]",1,1,0,0,STABLE_TILE_ID_REFERENCE_ONLY
S018,TileWaypoints,T356,"[[""/TileId"", ""T356""]]",1,1,0,0,STABLE_TILE_ID_REFERENCE_ONLY
S018,TileWaypoints,T352,"[[""/TileId"", ""T352""]]",1,1,0,0,STABLE_TILE_ID_REFERENCE_ONLY
S018,TileWaypoints,T400,"[[""/TileId"", ""T400""]]",1,1,0,0,STABLE_TILE_ID_REFERENCE_ONLY
S018,TileWaypoints,T329,"[[""/TileId"", ""T329""]]",1,1,0,0,STABLE_TILE_ID_REFERENCE_ONLY
S018,TileWaypoints,T435,"[[""/TileId"", ""T435""]]",1,1,0,0,STABLE_TILE_ID_REFERENCE_ONLY
S018,TileWaypoints,T220,"[[""/TileId"", ""T220""]]",1,1,0,0,STABLE_TILE_ID_REFERENCE_ONLY
S018,TileWaypoints,T218,"[[""/TileId"", ""T218""]]",1,1,0,0,STABLE_TILE_ID_REFERENCE_ONLY
S018,TileWaypoints,T654,"[[""/TileId"", ""T654""]]",1,1,0,0,STABLE_TILE_ID_REFERENCE_ONLY
S018,TileWaypointLinks,T654,"[[""/TileId"", ""T654""]]",1,1,0,0,STABLE_TILE_ID_REFERENCE_ONLY
S018,TileWaypointLinks,T329,"[[""/TileId"", ""T329""]]",1,1,0,0,STABLE_TILE_ID_REFERENCE_ONLY
S018,TileWaypointLinks,T435,"[[""/TileId"", ""T435""]]",1,1,0,0,STABLE_TILE_ID_REFERENCE_ONLY
S018,TileWaypointLinks,T355,"[[""/TileId"", ""T355""]]",1,1,0,0,STABLE_TILE_ID_REFERENCE_ONLY
S018,TileWaypointLinks,T352,"[[""/TileId"", ""T352""]]",1,1,0,0,STABLE_TILE_ID_REFERENCE_ONLY
S018,TileWaypointLinks,T218,"[[""/TileId"", ""T218""]]",1,1,0,0,STABLE_TILE_ID_REFERENCE_ONLY
S018,TileWaypointLinks,T220,"[[""/TileId"", ""T220""]]",1,1,0,0,STABLE_TILE_ID_REFERENCE_ONLY
S018,TileWaypointLinks,T356,"[[""/TileId"", ""T356""]]",1,1,0,0,STABLE_TILE_ID_REFERENCE_ONLY
S023,TileWaypoints,T355,"[[""/TileId"", ""T355""]]",1,1,0,0,STABLE_TILE_ID_REFERENCE_ONLY
S023,TileWaypoints,T420,"[[""/TileId"", ""T420""]]",1,1,0,0,STABLE_TILE_ID_REFERENCE_ONLY
S023,TileWaypoints,T356,"[[""/TileId"", ""T356""]]",1,1,0,0,STABLE_TILE_ID_REFERENCE_ONLY
S023,TileWaypoints,T352,"[[""/TileId"", ""T352""]]",1,1,0,0,STABLE_TILE_ID_REFERENCE_ONLY
S023,TileWaypoints,T400,"[[""/TileId"", ""T400""]]",1,1,0,0,STABLE_TILE_ID_REFERENCE_ONLY
S023,TileWaypoints,T329,"[[""/TileId"", ""T329""]]",1,1,0,0,STABLE_TILE_ID_REFERENCE_ONLY
S023,TileWaypoints,T435,"[[""/TileId"", ""T435""]]",1,1,0,0,STABLE_TILE_ID_REFERENCE_ONLY
S023,TileWaypoints,T220,"[[""/TileId"", ""T220""]]",1,1,0,0,STABLE_TILE_ID_REFERENCE_ONLY
S023,TileWaypoints,T218,"[[""/TileId"", ""T218""]]",1,1,0,0,STABLE_TILE_ID_REFERENCE_ONLY
S023,TileWaypoints,T654,"[[""/TileId"", ""T654""]]",1,1,0,0,STABLE_TILE_ID_REFERENCE_ONLY
S023,TileWaypointLinks,T654,"[[""/TileId"", ""T654""]]",1,1,0,0,STABLE_TILE_ID_REFERENCE_ONLY
S023,TileWaypointLinks,T329,"[[""/TileId"", ""T329""]]",1,1,0,0,STABLE_TILE_ID_REFERENCE_ONLY
S023,TileWaypointLinks,T435,"[[""/TileId"", ""T435""]]",1,1,0,0,STABLE_TILE_ID_REFERENCE_ONLY
S023,TileWaypointLinks,T355,"[[""/TileId"", ""T355""]]",1,1,0,0,STABLE_TILE_ID_REFERENCE_ONLY
S023,TileWaypointLinks,T352,"[[""/TileId"", ""T352""]]",1,1,0,0,STABLE_TILE_ID_REFERENCE_ONLY
S023,TileWaypointLinks,T218,"[[""/TileId"", ""T218""]]",1,1,0,0,STABLE_TILE_ID_REFERENCE_ONLY
S023,TileWaypointLinks,T220,"[[""/TileId"", ""T220""]]",1,1,0,0,STABLE_TILE_ID_REFERENCE_ONLY
S023,TileWaypointLinks,T356,"[[""/TileId"", ""T356""]]",1,1,0,0,STABLE_TILE_ID_REFERENCE_ONLY
S024,TileWaypoints,T355,"[[""/TileId"", ""T355""]]",1,1,0,0,STABLE_TILE_ID_REFERENCE_ONLY
S024,TileWaypoints,T420,"[[""/TileId"", ""T420""]]",1,1,0,0,STABLE_TILE_ID_REFERENCE_ONLY
S024,TileWaypoints,T356,"[[""/TileId"", ""T356""]]",1,1,0,0,STABLE_TILE_ID_REFERENCE_ONLY
S024,TileWaypoints,T352,"[[""/TileId"", ""T352""]]",1,1,0,0,STABLE_TILE_ID_REFERENCE_ONLY
S024,TileWaypoints,T400,"[[""/TileId"", ""T400""]]",1,1,0,0,STABLE_TILE_ID_REFERENCE_ONLY
S024,TileWaypoints,T329,"[[""/TileId"", ""T329""]]",1,1,0,0,STABLE_TILE_ID_REFERENCE_ONLY
S024,TileWaypoints,T435,"[[""/TileId"", ""T435""]]",1,1,0,0,STABLE_TILE_ID_REFERENCE_ONLY
S024,TileWaypoints,T220,"[[""/TileId"", ""T220""]]",1,1,0,0,STABLE_TILE_ID_REFERENCE_ONLY
S024,TileWaypoints,T218,"[[""/TileId"", ""T218""]]",1,1,0,0,STABLE_TILE_ID_REFERENCE_ONLY
S024,TileWaypoints,T654,"[[""/TileId"", ""T654""]]",1,1,0,0,STABLE_TILE_ID_REFERENCE_ONLY
S024,TileWaypointLinks,T654,"[[""/TileId"", ""T654""]]",1,1,0,0,STABLE_TILE_ID_REFERENCE_ONLY
S024,TileWaypointLinks,T329,"[[""/TileId"", ""T329""]]",1,1,0,0,STABLE_TILE_ID_REFERENCE_ONLY
S024,TileWaypointLinks,T435,"[[""/TileId"", ""T435""]]",1,1,0,0,STABLE_TILE_ID_REFERENCE_ONLY
S024,TileWaypointLinks,T355,"[[""/TileId"", ""T355""]]",1,1,0,0,STABLE_TILE_ID_REFERENCE_ONLY
S024,TileWaypointLinks,T352,"[[""/TileId"", ""T352""]]",1,1,0,0,STABLE_TILE_ID_REFERENCE_ONLY
S024,TileWaypointLinks,T218,"[[""/TileId"", ""T218""]]",1,1,0,0,STABLE_TILE_ID_REFERENCE_ONLY
S024,TileWaypointLinks,T220,"[[""/TileId"", ""T220""]]",1,1,0,0,STABLE_TILE_ID_REFERENCE_ONLY
S024,TileWaypointLinks,T356,"[[""/TileId"", ""T356""]]",1,1,0,0,STABLE_TILE_ID_REFERENCE_ONLY
S035,TileWaypoints,T355,"[[""/TileId"", ""T355""]]",1,1,0,0,STABLE_TILE_ID_REFERENCE_ONLY
S035,TileWaypoints,T420,"[[""/TileId"", ""T420""]]",1,1,0,0,STABLE_TILE_ID_REFERENCE_ONLY
S035,TileWaypoints,T356,"[[""/TileId"", ""T356""]]",1,1,0,0,STABLE_TILE_ID_REFERENCE_ONLY
S035,TileWaypoints,T352,"[[""/TileId"", ""T352""]]",1,1,0,0,STABLE_TILE_ID_REFERENCE_ONLY
S035,TileWaypoints,T400,"[[""/TileId"", ""T400""]]",1,1,0,0,STABLE_TILE_ID_REFERENCE_ONLY
S035,TileWaypoints,T329,"[[""/TileId"", ""T329""]]",1,1,0,0,STABLE_TILE_ID_REFERENCE_ONLY
S035,TileWaypoints,T435,"[[""/TileId"", ""T435""]]",1,1,0,0,STABLE_TILE_ID_REFERENCE_ONLY
S035,TileWaypoints,T220,"[[""/TileId"", ""T220""]]",1,1,0,0,STABLE_TILE_ID_REFERENCE_ONLY
S035,TileWaypoints,T218,"[[""/TileId"", ""T218""]]",1,1,0,0,STABLE_TILE_ID_REFERENCE_ONLY
S035,TileWaypoints,T654,"[[""/TileId"", ""T654""]]",1,1,0,0,STABLE_TILE_ID_REFERENCE_ONLY
S035,TileWaypointLinks,T654,"[[""/TileId"", ""T654""]]",1,1,0,0,STABLE_TILE_ID_REFERENCE_ONLY
S035,TileWaypointLinks,T329,"[[""/TileId"", ""T329""]]",1,1,0,0,STABLE_TILE_ID_REFERENCE_ONLY
S035,TileWaypointLinks,T435,"[[""/TileId"", ""T435""]]",1,1,0,0,STABLE_TILE_ID_REFERENCE_ONLY
S035,TileWaypointLinks,T355,"[[""/TileId"", ""T355""]]",1,1,0,0,STABLE_TILE_ID_REFERENCE_ONLY
S035,TileWaypointLinks,T352,"[[""/TileId"", ""T352""]]",1,1,0,0,STABLE_TILE_ID_REFERENCE_ONLY
S035,TileWaypointLinks,T218,"[[""/TileId"", ""T218""]]",1,1,0,0,STABLE_TILE_ID_REFERENCE_ONLY
S035,TileWaypointLinks,T220,"[[""/TileId"", ""T220""]]",1,1,0,0,STABLE_TILE_ID_REFERENCE_ONLY
S035,TileWaypointLinks,T356,"[[""/TileId"", ""T356""]]",1,1,0,0,STABLE_TILE_ID_REFERENCE_ONLY
S037,TileWaypoints,T355,"[[""/TileId"", ""T355""]]",1,1,0,0,STABLE_TILE_ID_REFERENCE_ONLY
S037,TileWaypoints,T420,"[[""/TileId"", ""T420""]]",1,1,0,0,STABLE_TILE_ID_REFERENCE_ONLY
S037,TileWaypoints,T356,"[[""/TileId"", ""T356""]]",1,1,0,0,STABLE_TILE_ID_REFERENCE_ONLY
S037,TileWaypoints,T352,"[[""/TileId"", ""T352""]]",1,1,0,0,STABLE_TILE_ID_REFERENCE_ONLY
S037,TileWaypoints,T400,"[[""/TileId"", ""T400""]]",1,1,0,0,STABLE_TILE_ID_REFERENCE_ONLY
S037,TileWaypoints,T329,"[[""/TileId"", ""T329""]]",1,1,0,0,STABLE_TILE_ID_REFERENCE_ONLY
S037,TileWaypoints,T435,"[[""/TileId"", ""T435""]]",1,1,0,0,STABLE_TILE_ID_REFERENCE_ONLY
S037,TileWaypoints,T220,"[[""/TileId"", ""T220""]]",1,1,0,0,STABLE_TILE_ID_REFERENCE_ONLY
S037,TileWaypoints,T218,"[[""/TileId"", ""T218""]]",1,1,0,0,STABLE_TILE_ID_REFERENCE_ONLY
S037,TileWaypoints,T654,"[[""/TileId"", ""T654""]]",1,1,0,0,STABLE_TILE_ID_REFERENCE_ONLY
S037,TileWaypointLinks,T654,"[[""/TileId"", ""T654""]]",1,1,0,0,STABLE_TILE_ID_REFERENCE_ONLY
S037,TileWaypointLinks,T329,"[[""/TileId"", ""T329""]]",1,1,0,0,STABLE_TILE_ID_REFERENCE_ONLY
S037,TileWaypointLinks,T435,"[[""/TileId"", ""T435""]]",1,1,0,0,STABLE_TILE_ID_REFERENCE_ONLY
S037,TileWaypointLinks,T355,"[[""/TileId"", ""T355""]]",1,1,0,0,STABLE_TILE_ID_REFERENCE_ONLY
S037,TileWaypointLinks,T352,"[[""/TileId"", ""T352""]]",1,1,0,0,STABLE_TILE_ID_REFERENCE_ONLY
S037,TileWaypointLinks,T218,"[[""/TileId"", ""T218""]]",1,1,0,0,STABLE_TILE_ID_REFERENCE_ONLY
S037,TileWaypointLinks,T220,"[[""/TileId"", ""T220""]]",1,1,0,0,STABLE_TILE_ID_REFERENCE_ONLY
S037,TileWaypointLinks,T356,"[[""/TileId"", ""T356""]]",1,1,0,0,STABLE_TILE_ID_REFERENCE_ONLY
S038,TileWaypoints,T355,"[[""/TileId"", ""T355""]]",1,1,0,0,STABLE_TILE_ID_REFERENCE_ONLY
S038,TileWaypoints,T420,"[[""/TileId"", ""T420""]]",1,1,0,0,STABLE_TILE_ID_REFERENCE_ONLY
S038,TileWaypoints,T356,"[[""/TileId"", ""T356""]]",1,1,0,0,STABLE_TILE_ID_REFERENCE_ONLY
S038,TileWaypoints,T352,"[[""/TileId"", ""T352""]]",1,1,0,0,STABLE_TILE_ID_REFERENCE_ONLY
S038,TileWaypoints,T400,"[[""/TileId"", ""T400""]]",1,1,0,0,STABLE_TILE_ID_REFERENCE_ONLY
S038,TileWaypoints,T329,"[[""/TileId"", ""T329""]]",1,1,0,0,STABLE_TILE_ID_REFERENCE_ONLY
S038,TileWaypoints,T435,"[[""/TileId"", ""T435""]]",1,1,0,0,STABLE_TILE_ID_REFERENCE_ONLY
S038,TileWaypoints,T220,"[[""/TileId"", ""T220""]]",1,1,0,0,STABLE_TILE_ID_REFERENCE_ONLY
S038,TileWaypoints,T218,"[[""/TileId"", ""T218""]]",1,1,0,0,STABLE_TILE_ID_REFERENCE_ONLY
S038,TileWaypoints,T654,"[[""/TileId"", ""T654""]]",1,1,0,0,STABLE_TILE_ID_REFERENCE_ONLY
S038,TileWaypointLinks,T654,"[[""/TileId"", ""T654""]]",1,1,0,0,STABLE_TILE_ID_REFERENCE_ONLY
S038,TileWaypointLinks,T329,"[[""/TileId"", ""T329""]]",1,1,0,0,STABLE_TILE_ID_REFERENCE_ONLY
S038,TileWaypointLinks,T435,"[[""/TileId"", ""T435""]]",1,1,0,0,STABLE_TILE_ID_REFERENCE_ONLY
S038,TileWaypointLinks,T355,"[[""/TileId"", ""T355""]]",1,1,0,0,STABLE_TILE_ID_REFERENCE_ONLY
S038,TileWaypointLinks,T352,"[[""/TileId"", ""T352""]]",1,1,0,0,STABLE_TILE_ID_REFERENCE_ONLY
S038,TileWaypointLinks,T218,"[[""/TileId"", ""T218""]]",1,1,0,0,STABLE_TILE_ID_REFERENCE_ONLY
S038,TileWaypointLinks,T220,"[[""/TileId"", ""T220""]]",1,1,0,0,STABLE_TILE_ID_REFERENCE_ONLY
S038,TileWaypointLinks,T356,"[[""/TileId"", ""T356""]]",1,1,0,0,STABLE_TILE_ID_REFERENCE_ONLY
S039,TileWaypoints,T355,"[[""/TileId"", ""T355""]]",1,1,0,0,STABLE_TILE_ID_REFERENCE_ONLY
S039,TileWaypoints,T420,"[[""/TileId"", ""T420""]]",1,1,0,0,STABLE_TILE_ID_REFERENCE_ONLY
S039,TileWaypoints,T356,"[[""/TileId"", ""T356""]]",1,1,0,0,STABLE_TILE_ID_REFERENCE_ONLY
S039,TileWaypoints,T352,"[[""/TileId"", ""T352""]]",1,1,0,0,STABLE_TILE_ID_REFERENCE_ONLY
S039,TileWaypoints,T400,"[[""/TileId"", ""T400""]]",1,1,0,0,STABLE_TILE_ID_REFERENCE_ONLY
S039,TileWaypoints,T329,"[[""/TileId"", ""T329""]]",1,1,0,0,STABLE_TILE_ID_REFERENCE_ONLY
S039,TileWaypoints,T435,"[[""/TileId"", ""T435""]]",1,1,0,0,STABLE_TILE_ID_REFERENCE_ONLY
S039,TileWaypoints,T220,"[[""/TileId"", ""T220""]]",1,1,0,0,STABLE_TILE_ID_REFERENCE_ONLY
S039,TileWaypoints,T218,"[[""/TileId"", ""T218""]]",1,1,0,0,STABLE_TILE_ID_REFERENCE_ONLY
S039,TileWaypoints,T654,"[[""/TileId"", ""T654""]]",1,1,0,0,STABLE_TILE_ID_REFERENCE_ONLY
S039,TileWaypointLinks,T654,"[[""/TileId"", ""T654""]]",1,1,0,0,STABLE_TILE_ID_REFERENCE_ONLY
S039,TileWaypointLinks,T329,"[[""/TileId"", ""T329""]]",1,1,0,0,STABLE_TILE_ID_REFERENCE_ONLY
S039,TileWaypointLinks,T435,"[[""/TileId"", ""T435""]]",1,1,0,0,STABLE_TILE_ID_REFERENCE_ONLY
S039,TileWaypointLinks,T355,"[[""/TileId"", ""T355""]]",1,1,0,0,STABLE_TILE_ID_REFERENCE_ONLY
S039,TileWaypointLinks,T352,"[[""/TileId"", ""T352""]]",1,1,0,0,STABLE_TILE_ID_REFERENCE_ONLY
S039,TileWaypointLinks,T218,"[[""/TileId"", ""T218""]]",1,1,0,0,STABLE_TILE_ID_REFERENCE_ONLY
S039,TileWaypointLinks,T220,"[[""/TileId"", ""T220""]]",1,1,0,0,STABLE_TILE_ID_REFERENCE_ONLY
S039,TileWaypointLinks,T356,"[[""/TileId"", ""T356""]]",1,1,0,0,STABLE_TILE_ID_REFERENCE_ONLY
S046,TileWaypoints,T355,"[[""/TileId"", ""T355""]]",1,1,0,0,STABLE_TILE_ID_REFERENCE_ONLY
S046,TileWaypoints,T420,"[[""/TileId"", ""T420""]]",1,1,0,0,STABLE_TILE_ID_REFERENCE_ONLY
S046,TileWaypoints,T356,"[[""/TileId"", ""T356""]]",1,1,0,0,STABLE_TILE_ID_REFERENCE_ONLY
S046,TileWaypoints,T352,"[[""/TileId"", ""T352""]]",1,1,0,0,STABLE_TILE_ID_REFERENCE_ONLY
S046,TileWaypoints,T400,"[[""/TileId"", ""T400""]]",1,1,0,0,STABLE_TILE_ID_REFERENCE_ONLY
S046,TileWaypoints,T329,"[[""/TileId"", ""T329""]]",1,1,0,0,STABLE_TILE_ID_REFERENCE_ONLY
S046,TileWaypoints,T435,"[[""/TileId"", ""T435""]]",1,1,0,0,STABLE_TILE_ID_REFERENCE_ONLY
S046,TileWaypoints,T220,"[[""/TileId"", ""T220""]]",1,1,0,0,STABLE_TILE_ID_REFERENCE_ONLY
S046,TileWaypoints,T218,"[[""/TileId"", ""T218""]]",1,1,0,0,STABLE_TILE_ID_REFERENCE_ONLY
S046,TileWaypoints,T654,"[[""/TileId"", ""T654""]]",1,1,0,0,STABLE_TILE_ID_REFERENCE_ONLY
S046,TileWaypointLinks,T654,"[[""/TileId"", ""T654""]]",1,1,0,0,STABLE_TILE_ID_REFERENCE_ONLY
S046,TileWaypointLinks,T329,"[[""/TileId"", ""T329""]]",1,1,0,0,STABLE_TILE_ID_REFERENCE_ONLY
S046,TileWaypointLinks,T435,"[[""/TileId"", ""T435""]]",1,1,0,0,STABLE_TILE_ID_REFERENCE_ONLY
S046,TileWaypointLinks,T355,"[[""/TileId"", ""T355""]]",1,1,0,0,STABLE_TILE_ID_REFERENCE_ONLY
S046,TileWaypointLinks,T352,"[[""/TileId"", ""T352""]]",1,1,0,0,STABLE_TILE_ID_REFERENCE_ONLY
S046,TileWaypointLinks,T218,"[[""/TileId"", ""T218""]]",1,1,0,0,STABLE_TILE_ID_REFERENCE_ONLY
S046,TileWaypointLinks,T220,"[[""/TileId"", ""T220""]]",1,1,0,0,STABLE_TILE_ID_REFERENCE_ONLY
S046,TileWaypointLinks,T356,"[[""/TileId"", ""T356""]]",1,1,0,0,STABLE_TILE_ID_REFERENCE_ONLY
