snapshot,category,records,coordinate_fields,dimension_gaps,exact_hits,coverage
S009,Builds,1,1,0,0,ROOT_SECTION_INSPECTED
S009,TileWaypoints,621,621,0,0,ROOT_SECTION_INSPECTED
S009,TileWaypointLinks,269,269,0,0,ROOT_SECTION_INSPECTED
S009,ArmyCompanies,0,0,0,0,ROOT_SECTION_INSPECTED
S009,ArmyMovements,0,0,0,0,ROOT_SECTION_INSPECTED
S009,MovementHistory,0,0,0,0,ROOT_SECTION_INSPECTED
S009,ConflictRecords,0,0,0,0,ROOT_SECTION_INSPECTED
S009,RouteEdges,0,0,0,0,ROOT_SECTION_INSPECTED
S009,HiredUnits,0,0,0,0,ROOT_SECTION_INSPECTED
S009,TacticalConfiguration,1,0,0,0,ROOT_SECTION_INSPECTED
S009,SeasonReset,1,0,0,0,ROOT_SECTION_INSPECTED
S009,FactionCapitals,24,24,0,0,ROOT_SECTION_INSPECTED
S009,JoinBattleDeploymentReceipts,,,,,SECTION_UNAVAILABLE
S009,PublicWaypoints.Records,0,0,0,0,ROOT_SECTION_INSPECTED
S009,PublicWaypoints.Proposals,0,0,0,0,ROOT_SECTION_INSPECTED
S009,PublicWaypoints.History,0,0,0,0,ROOT_SECTION_INSPECTED
S009,PublicWaypoints.Quarantine,0,0,0,0,ROOT_SECTION_INSPECTED
S009,PublicWaypoints.Cutover,0,0,0,0,ROOT_SECTION_INSPECTED
S009,NativePlayer.CustomWaypoints,0,0,0,0,NATIVE_PLAYER_FIELD_INSPECTED
S009,NativePlayer.CWPSharedUnlocked,0,0,0,0,NATIVE_PLAYER_FIELD_INSPECTED
S011,Builds,1,1,0,0,ROOT_SECTION_INSPECTED
S011,TileWaypoints,621,621,0,0,ROOT_SECTION_INSPECTED
S011,TileWaypointLinks,269,269,0,0,ROOT_SECTION_INSPECTED
S011,ArmyCompanies,1,0,0,0,ROOT_SECTION_INSPECTED
S011,ArmyMovements,0,0,0,0,ROOT_SECTION_INSPECTED
S011,MovementHistory,0,0,0,0,ROOT_SECTION_INSPECTED
S011,ConflictRecords,0,0,0,0,ROOT_SECTION_INSPECTED
S011,RouteEdges,0,0,0,0,ROOT_SECTION_INSPECTED
S011,HiredUnits,1,4,0,0,ROOT_SECTION_INSPECTED
S011,TacticalConfiguration,1,0,0,0,ROOT_SECTION_INSPECTED
S011,SeasonReset,1,1,0,0,ROOT_SECTION_INSPECTED
S011,FactionCapitals,24,24,0,0,ROOT_SECTION_INSPECTED
S011,JoinBattleDeploymentReceipts,,,,,SECTION_UNAVAILABLE
S011,PublicWaypoints.Records,0,0,0,0,ROOT_SECTION_INSPECTED
S011,PublicWaypoints.Proposals,0,0,0,0,ROOT_SECTION_INSPECTED
S011,PublicWaypoints.History,0,0,0,0,ROOT_SECTION_INSPECTED
S011,PublicWaypoints.Quarantine,0,0,0,0,ROOT_SECTION_INSPECTED
S011,PublicWaypoints.Cutover,0,0,0,0,ROOT_SECTION_INSPECTED
S011,NativePlayer.CustomWaypoints,0,0,0,0,NATIVE_PLAYER_FIELD_INSPECTED
S011,NativePlayer.CWPSharedUnlocked,0,0,0,0,NATIVE_PLAYER_FIELD_INSPECTED
S012,Builds,0,0,0,0,ROOT_SECTION_INSPECTED
S012,TileWaypoints,621,621,0,0,ROOT_SECTION_INSPECTED
S012,TileWaypointLinks,269,269,0,0,ROOT_SECTION_INSPECTED
S012,ArmyCompanies,0,0,0,0,ROOT_SECTION_INSPECTED
S012,ArmyMovements,0,0,0,0,ROOT_SECTION_INSPECTED
S012,MovementHistory,0,0,0,0,ROOT_SECTION_INSPECTED
S012,ConflictRecords,0,0,0,0,ROOT_SECTION_INSPECTED
S012,RouteEdges,0,0,0,0,ROOT_SECTION_INSPECTED
S012,HiredUnits,0,0,0,0,ROOT_SECTION_INSPECTED
S012,TacticalConfiguration,1,0,0,0,ROOT_SECTION_INSPECTED
S012,SeasonReset,1,0,0,0,ROOT_SECTION_INSPECTED
S012,FactionCapitals,24,24,0,0,ROOT_SECTION_INSPECTED
S012,JoinBattleDeploymentReceipts,,,,,SECTION_UNAVAILABLE
S012,PublicWaypoints.Records,0,0,0,0,ROOT_SECTION_INSPECTED
S012,PublicWaypoints.Proposals,0,0,0,0,ROOT_SECTION_INSPECTED
S012,PublicWaypoints.History,0,0,0,0,ROOT_SECTION_INSPECTED
S012,PublicWaypoints.Quarantine,0,0,0,0,ROOT_SECTION_INSPECTED
S012,PublicWaypoints.Cutover,0,0,0,0,ROOT_SECTION_INSPECTED
S012,NativePlayer.CustomWaypoints,0,0,0,0,NATIVE_PLAYER_FIELD_INSPECTED
S012,NativePlayer.CWPSharedUnlocked,0,0,0,0,NATIVE_PLAYER_FIELD_INSPECTED
S014,Builds,0,0,0,0,ROOT_SECTION_INSPECTED
S014,TileWaypoints,621,621,0,0,ROOT_SECTION_INSPECTED
S014,TileWaypointLinks,269,269,0,0,ROOT_SECTION_INSPECTED
S014,ArmyCompanies,3,0,0,0,ROOT_SECTION_INSPECTED
S014,ArmyMovements,0,0,0,0,ROOT_SECTION_INSPECTED
S014,MovementHistory,0,0,0,0,ROOT_SECTION_INSPECTED
S014,ConflictRecords,1,0,0,0,ROOT_SECTION_INSPECTED
S014,RouteEdges,0,0,0,0,ROOT_SECTION_INSPECTED
S014,HiredUnits,3,10,0,0,ROOT_SECTION_INSPECTED
S014,TacticalConfiguration,1,0,0,0,ROOT_SECTION_INSPECTED
S014,SeasonReset,1,0,0,0,ROOT_SECTION_INSPECTED
S014,FactionCapitals,24,24,0,0,ROOT_SECTION_INSPECTED
S014,JoinBattleDeploymentReceipts,0,0,0,0,ROOT_SECTION_INSPECTED
S014,PublicWaypoints.Records,0,0,0,0,ROOT_SECTION_INSPECTED
S014,PublicWaypoints.Proposals,0,0,0,0,ROOT_SECTION_INSPECTED
S014,PublicWaypoints.History,0,0,0,0,ROOT_SECTION_INSPECTED
S014,PublicWaypoints.Quarantine,0,0,0,0,ROOT_SECTION_INSPECTED
S014,PublicWaypoints.Cutover,0,0,0,0,ROOT_SECTION_INSPECTED
S014,NativePlayer.CustomWaypoints,0,0,0,0,NATIVE_PLAYER_FIELD_INSPECTED
S014,NativePlayer.CWPSharedUnlocked,0,0,0,0,NATIVE_PLAYER_FIELD_INSPECTED
S015,Builds,0,0,0,0,ROOT_SECTION_INSPECTED
S015,TileWaypoints,621,621,0,0,ROOT_SECTION_INSPECTED
S015,TileWaypointLinks,0,0,0,0,ROOT_SECTION_INSPECTED
S015,ArmyCompanies,0,0,0,0,ROOT_SECTION_INSPECTED
S015,ArmyMovements,0,0,0,0,ROOT_SECTION_INSPECTED
S015,MovementHistory,0,0,0,0,ROOT_SECTION_INSPECTED
S015,ConflictRecords,0,0,0,0,ROOT_SECTION_INSPECTED
S015,RouteEdges,0,0,0,0,ROOT_SECTION_INSPECTED
S015,HiredUnits,0,0,0,0,ROOT_SECTION_INSPECTED
S015,TacticalConfiguration,1,0,0,0,ROOT_SECTION_INSPECTED
S015,SeasonReset,1,0,0,0,ROOT_SECTION_INSPECTED
S015,FactionCapitals,24,24,0,0,ROOT_SECTION_INSPECTED
S015,JoinBattleDeploymentReceipts,0,0,0,0,ROOT_SECTION_INSPECTED
S015,PublicWaypoints.Records,0,0,0,0,ROOT_SECTION_INSPECTED
S015,PublicWaypoints.Proposals,0,0,0,0,ROOT_SECTION_INSPECTED
S015,PublicWaypoints.History,0,0,0,0,ROOT_SECTION_INSPECTED
S015,PublicWaypoints.Quarantine,0,0,0,0,ROOT_SECTION_INSPECTED
S015,PublicWaypoints.Cutover,0,0,0,0,ROOT_SECTION_INSPECTED
S016,Builds,0,0,0,0,ROOT_SECTION_INSPECTED
S016,TileWaypoints,621,621,0,0,ROOT_SECTION_INSPECTED
S016,TileWaypointLinks,0,0,0,0,ROOT_SECTION_INSPECTED
S016,ArmyCompanies,0,0,0,0,ROOT_SECTION_INSPECTED
S016,ArmyMovements,0,0,0,0,ROOT_SECTION_INSPECTED
S016,MovementHistory,0,0,0,0,ROOT_SECTION_INSPECTED
S016,ConflictRecords,0,0,0,0,ROOT_SECTION_INSPECTED
S016,RouteEdges,0,0,0,0,ROOT_SECTION_INSPECTED
S016,HiredUnits,0,0,0,0,ROOT_SECTION_INSPECTED
S016,TacticalConfiguration,1,0,0,0,ROOT_SECTION_INSPECTED
S016,SeasonReset,1,0,0,0,ROOT_SECTION_INSPECTED
S016,FactionCapitals,24,24,0,0,ROOT_SECTION_INSPECTED
S016,JoinBattleDeploymentReceipts,0,0,0,0,ROOT_SECTION_INSPECTED
S016,PublicWaypoints.Records,0,0,0,0,ROOT_SECTION_INSPECTED
S016,PublicWaypoints.Proposals,0,0,0,0,ROOT_SECTION_INSPECTED
S016,PublicWaypoints.History,0,0,0,0,ROOT_SECTION_INSPECTED
S016,PublicWaypoints.Quarantine,0,0,0,0,ROOT_SECTION_INSPECTED
S016,PublicWaypoints.Cutover,0,0,0,0,ROOT_SECTION_INSPECTED
S017,Builds,0,0,0,0,ROOT_SECTION_INSPECTED
S017,TileWaypoints,621,621,0,0,ROOT_SECTION_INSPECTED
S017,TileWaypointLinks,0,0,0,0,ROOT_SECTION_INSPECTED
S017,ArmyCompanies,0,0,0,0,ROOT_SECTION_INSPECTED
S017,ArmyMovements,0,0,0,0,ROOT_SECTION_INSPECTED
S017,MovementHistory,0,0,0,0,ROOT_SECTION_INSPECTED
S017,ConflictRecords,0,0,0,0,ROOT_SECTION_INSPECTED
S017,RouteEdges,0,0,0,0,ROOT_SECTION_INSPECTED
S017,HiredUnits,0,0,0,0,ROOT_SECTION_INSPECTED
S017,TacticalConfiguration,1,0,0,0,ROOT_SECTION_INSPECTED
S017,SeasonReset,1,0,0,0,ROOT_SECTION_INSPECTED
S017,FactionCapitals,24,24,0,0,ROOT_SECTION_INSPECTED
S017,JoinBattleDeploymentReceipts,0,0,0,0,ROOT_SECTION_INSPECTED
S017,PublicWaypoints.Records,0,0,0,0,ROOT_SECTION_INSPECTED
S017,PublicWaypoints.Proposals,0,0,0,0,ROOT_SECTION_INSPECTED
S017,PublicWaypoints.History,0,0,0,0,ROOT_SECTION_INSPECTED
S017,PublicWaypoints.Quarantine,0,0,0,0,ROOT_SECTION_INSPECTED
S017,PublicWaypoints.Cutover,0,0,0,0,ROOT_SECTION_INSPECTED
S018,Builds,0,0,0,0,ROOT_SECTION_INSPECTED
S018,TileWaypoints,621,621,0,0,ROOT_SECTION_INSPECTED
S018,TileWaypointLinks,269,269,0,0,ROOT_SECTION_INSPECTED
S018,ArmyCompanies,0,0,0,0,ROOT_SECTION_INSPECTED
S018,ArmyMovements,0,0,0,0,ROOT_SECTION_INSPECTED
S018,MovementHistory,0,0,0,0,ROOT_SECTION_INSPECTED
S018,ConflictRecords,0,0,0,0,ROOT_SECTION_INSPECTED
S018,RouteEdges,0,0,0,0,ROOT_SECTION_INSPECTED
S018,HiredUnits,0,0,0,0,ROOT_SECTION_INSPECTED
S018,TacticalConfiguration,1,0,0,0,ROOT_SECTION_INSPECTED
S018,SeasonReset,1,0,0,0,ROOT_SECTION_INSPECTED
S018,FactionCapitals,24,24,0,0,ROOT_SECTION_INSPECTED
S018,JoinBattleDeploymentReceipts,0,0,0,0,ROOT_SECTION_INSPECTED
S018,PublicWaypoints.Records,0,0,0,0,ROOT_SECTION_INSPECTED
S018,PublicWaypoints.Proposals,0,0,0,0,ROOT_SECTION_INSPECTED
S018,PublicWaypoints.History,0,0,0,0,ROOT_SECTION_INSPECTED
S018,PublicWaypoints.Quarantine,0,0,0,0,ROOT_SECTION_INSPECTED
S018,PublicWaypoints.Cutover,0,0,0,0,ROOT_SECTION_INSPECTED
S018,NativePlayer.CustomWaypoints,0,0,0,0,NATIVE_PLAYER_FIELD_INSPECTED
S018,NativePlayer.CWPSharedUnlocked,0,0,0,0,NATIVE_PLAYER_FIELD_INSPECTED
S023,Builds,0,0,0,0,ROOT_SECTION_INSPECTED
S023,TileWaypoints,621,621,0,0,ROOT_SECTION_INSPECTED
S023,TileWaypointLinks,269,269,0,0,ROOT_SECTION_INSPECTED
S023,ArmyCompanies,0,0,0,0,ROOT_SECTION_INSPECTED
S023,ArmyMovements,0,0,0,0,ROOT_SECTION_INSPECTED
S023,MovementHistory,0,0,0,0,ROOT_SECTION_INSPECTED
S023,ConflictRecords,0,0,0,0,ROOT_SECTION_INSPECTED
S023,RouteEdges,0,0,0,0,ROOT_SECTION_INSPECTED
S023,HiredUnits,0,0,0,0,ROOT_SECTION_INSPECTED
S023,TacticalConfiguration,1,0,0,0,ROOT_SECTION_INSPECTED
S023,SeasonReset,1,0,0,0,ROOT_SECTION_INSPECTED
S023,FactionCapitals,24,24,0,0,ROOT_SECTION_INSPECTED
S023,JoinBattleDeploymentReceipts,,,,,SECTION_UNAVAILABLE
S023,PublicWaypoints.Records,0,0,0,0,ROOT_SECTION_INSPECTED
S023,PublicWaypoints.Proposals,0,0,0,0,ROOT_SECTION_INSPECTED
S023,PublicWaypoints.History,0,0,0,0,ROOT_SECTION_INSPECTED
S023,PublicWaypoints.Quarantine,0,0,0,0,ROOT_SECTION_INSPECTED
S023,PublicWaypoints.Cutover,0,0,0,0,ROOT_SECTION_INSPECTED
S024,Builds,0,0,0,0,ROOT_SECTION_INSPECTED
S024,TileWaypoints,621,621,0,0,ROOT_SECTION_INSPECTED
S024,TileWaypointLinks,269,269,0,0,ROOT_SECTION_INSPECTED
S024,ArmyCompanies,0,0,0,0,ROOT_SECTION_INSPECTED
S024,ArmyMovements,0,0,0,0,ROOT_SECTION_INSPECTED
S024,MovementHistory,0,0,0,0,ROOT_SECTION_INSPECTED
S024,ConflictRecords,0,0,0,0,ROOT_SECTION_INSPECTED
S024,RouteEdges,0,0,0,0,ROOT_SECTION_INSPECTED
S024,HiredUnits,0,0,0,0,ROOT_SECTION_INSPECTED
S024,TacticalConfiguration,1,0,0,0,ROOT_SECTION_INSPECTED
S024,SeasonReset,1,0,0,0,ROOT_SECTION_INSPECTED
S024,FactionCapitals,24,24,0,0,ROOT_SECTION_INSPECTED
S024,JoinBattleDeploymentReceipts,,,,,SECTION_UNAVAILABLE
S024,PublicWaypoints.Records,0,0,0,0,ROOT_SECTION_INSPECTED
S024,PublicWaypoints.Proposals,0,0,0,0,ROOT_SECTION_INSPECTED
S024,PublicWaypoints.History,0,0,0,0,ROOT_SECTION_INSPECTED
S024,PublicWaypoints.Quarantine,0,0,0,0,ROOT_SECTION_INSPECTED
S024,PublicWaypoints.Cutover,0,0,0,0,ROOT_SECTION_INSPECTED
S035,Builds,0,0,0,0,ROOT_SECTION_INSPECTED
S035,TileWaypoints,621,621,0,0,ROOT_SECTION_INSPECTED
S035,TileWaypointLinks,269,269,0,0,ROOT_SECTION_INSPECTED
S035,ArmyCompanies,1,0,0,0,ROOT_SECTION_INSPECTED
S035,ArmyMovements,0,0,0,0,ROOT_SECTION_INSPECTED
S035,MovementHistory,0,0,0,0,ROOT_SECTION_INSPECTED
S035,ConflictRecords,,,,,SECTION_UNAVAILABLE
S035,RouteEdges,0,0,0,0,ROOT_SECTION_INSPECTED
S035,HiredUnits,1,3,0,0,ROOT_SECTION_INSPECTED
S035,TacticalConfiguration,,,,,SECTION_UNAVAILABLE
S035,SeasonReset,,,,,SECTION_UNAVAILABLE
S035,FactionCapitals,24,24,0,0,ROOT_SECTION_INSPECTED
S035,JoinBattleDeploymentReceipts,,,,,SECTION_UNAVAILABLE
S035,PublicWaypoints.Records,,,,,SECTION_UNAVAILABLE
S035,PublicWaypoints.Proposals,,,,,SECTION_UNAVAILABLE
S035,PublicWaypoints.History,,,,,SECTION_UNAVAILABLE
S035,PublicWaypoints.Quarantine,,,,,SECTION_UNAVAILABLE
S035,PublicWaypoints.Cutover,,,,,SECTION_UNAVAILABLE
S035,NativePlayer.CustomWaypoints,0,0,0,0,NATIVE_PLAYER_FIELD_INSPECTED
S035,NativePlayer.CWPSharedUnlocked,0,0,0,0,NATIVE_PLAYER_FIELD_INSPECTED
S037,Builds,0,0,0,0,ROOT_SECTION_INSPECTED
S037,TileWaypoints,621,621,0,0,ROOT_SECTION_INSPECTED
S037,TileWaypointLinks,269,269,0,0,ROOT_SECTION_INSPECTED
S037,ArmyCompanies,0,0,0,0,ROOT_SECTION_INSPECTED
S037,ArmyMovements,0,0,0,0,ROOT_SECTION_INSPECTED
S037,MovementHistory,0,0,0,0,ROOT_SECTION_INSPECTED
S037,ConflictRecords,,,,,SECTION_UNAVAILABLE
S037,RouteEdges,0,0,0,0,ROOT_SECTION_INSPECTED
S037,HiredUnits,0,0,0,0,ROOT_SECTION_INSPECTED
S037,TacticalConfiguration,,,,,SECTION_UNAVAILABLE
S037,SeasonReset,,,,,SECTION_UNAVAILABLE
S037,FactionCapitals,24,24,0,0,ROOT_SECTION_INSPECTED
S037,JoinBattleDeploymentReceipts,,,,,SECTION_UNAVAILABLE
S037,PublicWaypoints.Records,,,,,SECTION_UNAVAILABLE
S037,PublicWaypoints.Proposals,,,,,SECTION_UNAVAILABLE
S037,PublicWaypoints.History,,,,,SECTION_UNAVAILABLE
S037,PublicWaypoints.Quarantine,,,,,SECTION_UNAVAILABLE
S037,PublicWaypoints.Cutover,,,,,SECTION_UNAVAILABLE
S038,Builds,0,0,0,0,ROOT_SECTION_INSPECTED
S038,TileWaypoints,621,621,0,0,ROOT_SECTION_INSPECTED
S038,TileWaypointLinks,269,269,0,0,ROOT_SECTION_INSPECTED
S038,ArmyCompanies,1,0,0,0,ROOT_SECTION_INSPECTED
S038,ArmyMovements,0,0,0,0,ROOT_SECTION_INSPECTED
S038,MovementHistory,0,0,0,0,ROOT_SECTION_INSPECTED
S038,ConflictRecords,,,,,SECTION_UNAVAILABLE
S038,RouteEdges,0,0,0,0,ROOT_SECTION_INSPECTED
S038,HiredUnits,1,3,0,0,ROOT_SECTION_INSPECTED
S038,TacticalConfiguration,,,,,SECTION_UNAVAILABLE
S038,SeasonReset,,,,,SECTION_UNAVAILABLE
S038,FactionCapitals,24,24,0,0,ROOT_SECTION_INSPECTED
S038,JoinBattleDeploymentReceipts,,,,,SECTION_UNAVAILABLE
S038,PublicWaypoints.Records,,,,,SECTION_UNAVAILABLE
S038,PublicWaypoints.Proposals,,,,,SECTION_UNAVAILABLE
S038,PublicWaypoints.History,,,,,SECTION_UNAVAILABLE
S038,PublicWaypoints.Quarantine,,,,,SECTION_UNAVAILABLE
S038,PublicWaypoints.Cutover,,,,,SECTION_UNAVAILABLE
S038,NativePlayer.CustomWaypoints,0,0,0,0,NATIVE_PLAYER_FIELD_INSPECTED
S038,NativePlayer.CWPSharedUnlocked,0,0,0,0,NATIVE_PLAYER_FIELD_INSPECTED
S039,Builds,0,0,0,0,ROOT_SECTION_INSPECTED
S039,TileWaypoints,621,621,0,0,ROOT_SECTION_INSPECTED
S039,TileWaypointLinks,269,269,0,0,ROOT_SECTION_INSPECTED
S039,ArmyCompanies,0,0,0,0,ROOT_SECTION_INSPECTED
S039,ArmyMovements,0,0,0,0,ROOT_SECTION_INSPECTED
S039,MovementHistory,0,0,0,0,ROOT_SECTION_INSPECTED
S039,ConflictRecords,,,,,SECTION_UNAVAILABLE
S039,RouteEdges,0,0,0,0,ROOT_SECTION_INSPECTED
S039,HiredUnits,0,0,0,0,ROOT_SECTION_INSPECTED
S039,TacticalConfiguration,,,,,SECTION_UNAVAILABLE
S039,SeasonReset,,,,,SECTION_UNAVAILABLE
S039,FactionCapitals,24,24,0,0,ROOT_SECTION_INSPECTED
S039,JoinBattleDeploymentReceipts,,,,,SECTION_UNAVAILABLE
S039,PublicWaypoints.Records,,,,,SECTION_UNAVAILABLE
S039,PublicWaypoints.Proposals,,,,,SECTION_UNAVAILABLE
S039,PublicWaypoints.History,,,,,SECTION_UNAVAILABLE
S039,PublicWaypoints.Quarantine,,,,,SECTION_UNAVAILABLE
S039,PublicWaypoints.Cutover,,,,,SECTION_UNAVAILABLE
S046,Builds,4,4,0,0,ROOT_SECTION_INSPECTED
S046,TileWaypoints,621,621,0,0,ROOT_SECTION_INSPECTED
S046,TileWaypointLinks,269,269,0,0,ROOT_SECTION_INSPECTED
S046,ArmyCompanies,0,0,0,0,ROOT_SECTION_INSPECTED
S046,ArmyMovements,0,0,0,0,ROOT_SECTION_INSPECTED
S046,MovementHistory,0,0,0,0,ROOT_SECTION_INSPECTED
S046,ConflictRecords,,,,,SECTION_UNAVAILABLE
S046,RouteEdges,0,0,0,0,ROOT_SECTION_INSPECTED
S046,HiredUnits,0,0,0,0,ROOT_SECTION_INSPECTED
S046,TacticalConfiguration,,,,,SECTION_UNAVAILABLE
S046,SeasonReset,,,,,SECTION_UNAVAILABLE
S046,FactionCapitals,,,,,SECTION_UNAVAILABLE
S046,JoinBattleDeploymentReceipts,,,,,SECTION_UNAVAILABLE
S046,PublicWaypoints.Records,,,,,SECTION_UNAVAILABLE
S046,PublicWaypoints.Proposals,,,,,SECTION_UNAVAILABLE
S046,PublicWaypoints.History,,,,,SECTION_UNAVAILABLE
S046,PublicWaypoints.Quarantine,,,,,SECTION_UNAVAILABLE
S046,PublicWaypoints.Cutover,,,,,SECTION_UNAVAILABLE
S046,NativePlayer.CustomWaypoints,0,0,0,0,NATIVE_PLAYER_FIELD_INSPECTED
S046,NativePlayer.CWPSharedUnlocked,0,0,0,0,NATIVE_PLAYER_FIELD_INSPECTED
