pair,first_x,first_y,second_x,second_y,distance,first_native,second_native,native_scan,qualifying_water_palette,historic_color_river_sample
T340-T352,1440,1147,1443,1147,3,deadMarshes,ithilienWasteland,"{""dagorlad"": 2, ""deadMarshes"": 8, ""ithilienWasteland"": 10}","{""100,95,119,145"": 1, ""140,134,166,145"": 1, ""152,145,180,145"": 1, ""191,182,225,145"": 1, ""193,184,229,145"": 1, ""194,185,230,145"": 1, ""204,195,242,145"": 1, ""207,197,245,145"": 1, ""207,198,246,145"": 1, ""210,200,249,145"": 1}",True
T340-T352,1439,1148,1442,1148,3,deadMarshes,ithilienWasteland,"{""deadMarshes"": 11, ""ithilienWasteland"": 9}","{""100,95,119,145"": 1, ""152,145,180,145"": 1, ""187,178,221,145"": 1, ""191,182,225,145"": 1, ""193,184,229,145"": 2, ""194,185,230,145"": 4, ""204,195,242,145"": 1, ""205,196,243,145"": 1, ""207,197,245,145"": 1, ""210,200,249,145"": 1}",True
T340-T352,1439,1149,1442,1149,3,deadMarshes,ithilienWasteland,"{""deadMarshes"": 8, ""ithilienWasteland"": 12}","{""100,95,119,145"": 1, ""152,145,180,145"": 1, ""187,178,221,145"": 1, ""191,182,225,145"": 1, ""193,184,229,145"": 2, ""194,185,230,145"": 8, ""204,195,242,145"": 1, ""205,196,243,145"": 1, ""207,197,245,145"": 1, ""210,200,249,145"": 1}",True
T340-T352,1439,1149,1439,1152,3,deadMarshes,ithilienWasteland,"{""deadMarshes"": 10, ""ithilienWasteland"": 10}","{""158,151,187,145"": 1, ""193,184,229,145"": 2, ""194,185,230,145"": 11, ""195,186,231,145"": 1, ""196,187,232,145"": 1, ""204,195,243,145"": 1, ""205,196,243,145"": 1, ""210,201,250,145"": 1}",True
T340-T352,1438,1150,1441,1150,3,deadMarshes,ithilienWasteland,"{""deadMarshes"": 9, ""ithilienWasteland"": 11}","{""158,151,187,145"": 1, ""187,178,221,145"": 1, ""193,184,229,145"": 2, ""194,185,230,145"": 11, ""204,195,243,145"": 1, ""205,196,243,145"": 1, ""207,197,245,145"": 1, ""210,200,249,145"": 1}",True
T340-T352,1437,1151,1440,1151,3,deadMarshes,ithilienWasteland,"{""deadMarshes"": 11, ""ithilienWasteland"": 9}","{""158,151,187,145"": 1, ""193,184,229,145"": 2, ""194,185,230,145"": 11, ""195,186,231,145"": 1, ""196,187,232,145"": 1, ""204,195,243,145"": 1, ""205,196,243,145"": 1, ""210,201,250,145"": 1}",True
T340-T352,1436,1152,1439,1152,3,deadMarshes,ithilienWasteland,"{""deadMarshes"": 12, ""ithilienWasteland"": 8}","{""135,129,160,145"": 1, ""193,184,229,145"": 1, ""194,185,230,145"": 10, ""195,186,231,145"": 1, ""196,187,232,145"": 1, ""199,190,236,145"": 1, ""200,190,236,145"": 1, ""204,195,243,145"": 1, ""206,195,243,145"": 1, ""210,201,250,145"": 1}",True
T340-T352,1437,1152,1439,1152,2,deadMarshes,ithilienWasteland,"{""deadMarshes"": 7, ""ithilienWasteland"": 8}","{""193,184,229,145"": 1, ""194,185,230,145"": 10, ""195,186,231,145"": 1, ""196,187,232,145"": 1, ""204,195,243,145"": 1, ""210,201,250,145"": 1}",True
T340-T352,1437,1152,1440,1152,3,deadMarshes,ithilienWasteland,"{""deadMarshes"": 7, ""ithilienWasteland"": 13}","{""193,184,229,145"": 1, ""194,185,230,145"": 15, ""195,186,231,145"": 1, ""196,187,232,145"": 1, ""204,195,243,145"": 1, ""210,201,250,145"": 1}",True
T340-T352,1436,1153,1439,1153,3,deadMarshes,ithilienWasteland,"{""deadMarshes"": 9, ""ithilienWasteland"": 11}","{""135,129,160,145"": 1, ""194,185,230,145"": 13, ""194,185,231,145"": 1, ""196,187,232,145"": 1, ""199,190,236,145"": 1, ""200,190,236,145"": 1, ""206,195,243,145"": 1, ""210,201,250,145"": 1}",True
T340-T352,1437,1153,1439,1153,2,deadMarshes,ithilienWasteland,"{""deadMarshes"": 4, ""ithilienWasteland"": 11}","{""194,185,230,145"": 13, ""196,187,232,145"": 1, ""210,201,250,145"": 1}",True
T340-T352,1437,1153,1440,1153,3,deadMarshes,ithilienWasteland,"{""deadMarshes"": 4, ""ithilienWasteland"": 16}","{""194,185,230,145"": 18, ""196,187,232,145"": 1, ""210,201,250,145"": 1}",True
T340-T352,1437,1153,1437,1156,3,deadMarshes,ithilienWasteland,"{""deadMarshes"": 8, ""ithilienWasteland"": 12}","{""161,153,190,145"": 1, ""183,174,216,145"": 1, ""194,185,230,145"": 13, ""194,185,231,145"": 1, ""199,190,236,145"": 1, ""206,195,243,145"": 1, ""207,198,246,145"": 1, ""208,198,247,145"": 1}",True
T340-T352,1435,1155,1438,1155,3,deadMarshes,ithilienWasteland,"{""deadMarshes"": 9, ""ithilienWasteland"": 11}","{""161,153,190,145"": 1, ""183,174,216,145"": 1, ""194,185,230,145"": 12, ""194,185,231,145"": 1, ""199,190,236,145"": 1, ""206,195,243,145"": 1, ""206,197,245,145"": 1, ""207,198,246,145"": 1, ""208,198,247,145"": 1}",True
T340-T352,1434,1156,1437,1156,3,deadMarshes,ithilienWasteland,"{""deadMarshes"": 12, ""ithilienWasteland"": 8}","{""110,104,130,145"": 1, ""147,139,174,145"": 1, ""183,174,216,145"": 1, ""194,185,230,145"": 8, ""194,185,231,145"": 1, ""195,186,231,145"": 1, ""199,190,236,145"": 1, ""204,194,242,145"": 1, ""206,197,245,145"": 1, ""207,198,246,145"": 1, ""208,198,247,145"": 1}",True
T340-T352,1435,1156,1437,1156,2,deadMarshes,ithilienWasteland,"{""deadMarshes"": 7, ""ithilienWasteland"": 8}","{""183,174,216,145"": 1, ""194,185,230,145"": 8, ""194,185,231,145"": 1, ""195,186,231,145"": 1, ""199,190,236,145"": 1, ""206,197,245,145"": 1, ""207,198,246,145"": 1, ""208,198,247,145"": 1}",True
T340-T352,1435,1156,1438,1156,3,deadMarshes,ithilienWasteland,"{""deadMarshes"": 7, ""ithilienWasteland"": 13}","{""183,174,216,145"": 1, ""194,185,230,145"": 13, ""194,185,231,145"": 1, ""195,186,231,145"": 1, ""199,190,236,145"": 1, ""206,197,245,145"": 1, ""207,198,246,145"": 1, ""208,198,247,145"": 1}",True
T340-T352,1434,1157,1437,1157,3,deadMarshes,ithilienWasteland,"{""deadMarshes"": 10, ""ithilienWasteland"": 10}","{""110,104,130,145"": 1, ""147,139,174,145"": 1, ""194,185,230,145"": 10, ""194,185,231,145"": 1, ""195,186,231,145"": 1, ""204,194,242,145"": 2, ""206,197,245,145"": 1, ""207,198,246,145"": 1, ""208,198,247,145"": 1}",True
T340-T352,1435,1157,1437,1157,2,deadMarshes,ithilienWasteland,"{""deadMarshes"": 5, ""ithilienWasteland"": 10}","{""194,185,230,145"": 10, ""194,185,231,145"": 1, ""195,186,231,145"": 1, ""206,197,245,145"": 1, ""207,198,246,145"": 1, ""208,198,247,145"": 1}",True
T340-T352,1435,1157,1438,1157,3,deadMarshes,ithilienWasteland,"{""deadMarshes"": 5, ""ithilienWasteland"": 15}","{""194,185,230,145"": 15, ""194,185,231,145"": 1, ""195,186,231,145"": 1, ""206,197,245,145"": 1, ""207,198,246,145"": 1, ""208,198,247,145"": 1}",True
T340-T352,1434,1158,1437,1158,3,deadMarshes,ithilienWasteland,"{""deadMarshes"": 8, ""ithilienWasteland"": 12}","{""110,104,130,145"": 1, ""147,139,174,145"": 1, ""194,185,230,145"": 12, ""194,185,231,145"": 1, ""195,186,231,145"": 1, ""204,194,242,145"": 2, ""206,197,245,145"": 1, ""207,198,246,145"": 1}",True
T340-T352,1433,1159,1433,1162,3,deadMarshes,ithilienWasteland,"{""deadMarshes"": 8, ""ithilienWasteland"": 7, ""nindalf"": 5}","{""135,128,160,145"": 1, ""169,161,200,145"": 1, ""194,185,230,145"": 5, ""194,185,231,145"": 2, ""204,194,242,145"": 1, ""207,197,245,145"": 1, ""207,198,246,145"": 1, ""208,198,247,145"": 1}",True
T340-T352,1433,1160,1436,1160,3,deadMarshes,ithilienWasteland,"{""deadMarshes"": 7, ""ithilienWasteland"": 12, ""nindalf"": 1}","{""169,161,200,145"": 1, ""194,185,230,145"": 10, ""194,185,231,145"": 2, ""195,186,231,145"": 1, ""204,194,242,145"": 2, ""207,197,245,145"": 1, ""207,198,246,145"": 1, ""208,198,247,145"": 1}",True
T340-T352,1433,1160,1433,1162,2,deadMarshes,ithilienWasteland,"{""deadMarshes"": 4, ""ithilienWasteland"": 6, ""nindalf"": 5}","{""135,128,160,145"": 1, ""194,185,230,145"": 4, ""194,185,231,145"": 2, ""207,197,245,145"": 1, ""207,198,246,145"": 1, ""208,198,247,145"": 1}",True
T340-T352,1433,1160,1433,1163,3,deadMarshes,ithilienWasteland,"{""deadMarshes"": 4, ""ithilienWasteland"": 10, ""nindalf"": 6}","{""135,128,160,145"": 1, ""185,177,219,145"": 1, ""194,185,230,145"": 6, ""194,185,231,145"": 2, ""198,189,235,145"": 1, ""207,197,245,145"": 1, ""207,198,246,145"": 1, ""208,198,247,145"": 1}",True
T351-T352,1430,1162,1433,1162,3,nindalf,ithilienWasteland,"{""deadMarshes"": 4, ""ithilienWasteland"": 6, ""nindalf"": 10}","{""135,128,160,145"": 1, ""185,177,219,145"": 1, ""198,189,235,145"": 1, ""202,192,239,145"": 1, ""204,195,242,145"": 1, ""207,197,245,145"": 1, ""207,198,246,145"": 1, ""208,198,247,145"": 1}",True
T351-T352,1430,1163,1433,1163,3,nindalf,ithilienWasteland,"{""ithilienWasteland"": 9, ""nindalf"": 11}","{""135,128,160,145"": 1, ""166,158,196,145"": 1, ""170,163,202,145"": 1, ""185,177,219,145"": 1, ""198,189,235,145"": 1, ""202,192,239,145"": 1, ""204,195,242,145"": 1, ""207,197,245,145"": 1, ""207,198,246,145"": 1}",True
T351-T352,1429,1164,1432,1164,3,nindalf,ithilienWasteland,"{""ithilien"": 3, ""ithilienWasteland"": 5, ""nindalf"": 12}","{""135,128,160,145"": 1, ""166,158,196,145"": 1, ""185,177,219,145"": 1, ""202,192,239,145"": 1}",False
T352-T375,1454,1177,1454,1180,3,ithilienWasteland,ithilienWasteland,"{""ithilienWasteland"": 13, ""river"": 7}","{""144,157,216,145"": 1, ""147,158,214,145"": 1, ""193,185,230,145"": 1, ""194,185,230,145"": 1, ""196,186,231,145"": 1, ""206,192,235,145"": 1, ""207,192,234,145"": 1, ""211,200,247,145"": 1, ""26,89,171,0"": 1, ""27,89,171,0"": 1, ""30,91,172,0"": 1, ""31,92,173,0"": 1, ""32,93,176,0"": 1, ""38,96,175,0"": 1, ""38,97,179,0"": 1, ""39,98,178,0"": 1, ""41,93,165,0"": 1, ""81,121,190,145"": 1, ""81,82,105,145"": 1, ""90,127,197,145"": 1}",True
T352-T375,1455,1177,1455,1180,3,ithilienWasteland,ithilienWasteland,"{""ithilienWasteland"": 10, ""mordorMountains"": 3, ""river"": 7}","{""147,158,214,145"": 1, ""194,185,230,145"": 1, ""196,186,231,145"": 1, ""206,192,235,145"": 1, ""211,200,247,145"": 1, ""26,89,171,0"": 1, ""27,89,171,0"": 1, ""30,91,172,0"": 1, ""31,92,173,0"": 1, ""32,69,126,145"": 1, ""38,96,175,0"": 1, ""38,97,179,0"": 1, ""39,98,178,0"": 1, ""41,93,165,0"": 1, ""42,104,189,0"": 1, ""43,100,180,0"": 1, ""81,121,190,145"": 1, ""81,82,105,145"": 1, ""90,127,197,145"": 1}",True
T352-T375,1452,1178,1452,1181,3,ithilienWasteland,ithilienWasteland,"{""ithilienWasteland"": 13, ""river"": 7}","{""144,157,216,145"": 1, ""147,158,214,145"": 1, ""172,155,213,145"": 1, ""194,185,230,145"": 1, ""207,192,234,145"": 1, ""214,188,249,145"": 1, ""26,89,171,0"": 2, ""31,92,173,0"": 1, ""32,93,176,0"": 1, ""34,93,173,0"": 1, ""38,96,175,0"": 1, ""39,89,187,0"": 1, ""40,81,173,0"": 1, ""40,97,176,0"": 1, ""81,121,190,145"": 1}",True
T352-T375,1453,1178,1453,1181,3,ithilienWasteland,ithilienWasteland,"{""ithilienWasteland"": 12, ""river"": 8}","{""111,139,204,145"": 1, ""144,157,216,145"": 1, ""147,158,214,145"": 1, ""172,155,213,145"": 1, ""194,185,230,145"": 1, ""207,192,234,145"": 1, ""214,188,249,145"": 1, ""26,89,171,0"": 2, ""27,89,171,0"": 1, ""30,91,172,0"": 1, ""31,92,173,0"": 1, ""32,93,176,0"": 1, ""34,93,173,0"": 1, ""38,96,175,0"": 1, ""39,89,187,0"": 1, ""40,81,173,0"": 1, ""40,97,176,0"": 1, ""81,121,190,145"": 1, ""90,127,197,145"": 1}",True
T352-T375,1450,1179,1450,1182,3,ithilienWasteland,river,"{""ithilienWasteland"": 13, ""river"": 7}","{""144,157,216,145"": 1, ""172,155,213,145"": 1, ""32,93,176,0"": 1, ""34,93,173,0"": 1, ""37,106,173,0"": 1, ""39,89,187,0"": 1, ""40,81,173,0"": 1, ""54,101,183,0"": 1}",True
T352-T375,1451,1179,1451,1182,3,ithilienWasteland,ithilienWasteland,"{""ithilienWasteland"": 12, ""river"": 8}","{""144,157,216,145"": 1, ""172,155,213,145"": 1, ""26,89,171,0"": 1, ""31,92,173,0"": 1, ""32,93,176,0"": 1, ""34,93,173,0"": 1, ""37,106,173,0"": 1, ""39,89,187,0"": 1, ""40,81,173,0"": 1, ""54,101,183,0"": 1, ""81,121,190,145"": 1, ""94,128,195,145"": 1}",True
T352-T375,1452,1179,1452,1181,2,ithilienWasteland,ithilienWasteland,"{""ithilienWasteland"": 8, ""river"": 7}","{""144,157,216,145"": 1, ""172,155,213,145"": 1, ""26,89,171,0"": 2, ""31,92,173,0"": 1, ""32,93,176,0"": 1, ""34,93,173,0"": 1, ""38,96,175,0"": 1, ""39,89,187,0"": 1, ""40,81,173,0"": 1, ""40,97,176,0"": 1, ""81,121,190,145"": 1}",True
T352-T375,1452,1179,1452,1182,3,ithilienWasteland,ithilienWasteland,"{""ithilienWasteland"": 12, ""river"": 8}","{""144,157,216,145"": 1, ""160,166,219,145"": 1, ""172,155,213,145"": 1, ""26,89,171,0"": 2, ""31,92,173,0"": 1, ""32,93,176,0"": 1, ""34,93,173,0"": 1, ""37,106,173,0"": 1, ""38,96,175,0"": 1, ""39,89,187,0"": 1, ""40,81,173,0"": 1, ""40,97,176,0"": 1, ""54,101,183,0"": 1, ""81,121,190,145"": 1, ""94,128,195,145"": 1}",True
T352-T375,1449,1180,1449,1183,3,ithilienWasteland,ithilienWasteland,"{""ithilien"": 3, ""ithilienWasteland"": 9, ""river"": 8}","{""152,180,200,145"": 1, ""26,130,146,0"": 1, ""34,102,172,0"": 1, ""37,106,173,0"": 1, ""39,89,187,0"": 1, ""40,81,173,0"": 1, ""51,138,158,0"": 1}",True
T351-T371,1389,1187,1389,1190,3,nindalf,river,"{""entwashMouth"": 1, ""gondor"": 2, ""nindalf"": 3, ""river"": 14}","{""158,168,229,145"": 1, ""31,92,173,0"": 1, ""32,92,173,0"": 2, ""34,97,180,0"": 1, ""37,19,83,145"": 1, ""38,97,176,0"": 1, ""39,100,179,0"": 1, ""39,63,134,145"": 1, ""39,73,147,0"": 1, ""39,97,176,0"": 1, ""39,99,178,0"": 1, ""40,102,182,0"": 1, ""40,104,184,0"": 1, ""40,89,165,0"": 1, ""40,89,167,0"": 1, ""40,99,179,0"": 1, ""72,115,187,0"": 1}",True
T351-T371,1390,1187,1390,1190,3,nindalf,river,"{""gondor"": 1, ""nindalf"": 5, ""river"": 14}","{""31,92,173,0"": 1, ""32,92,173,0"": 2, ""37,19,83,145"": 1, ""38,31,99,145"": 1, ""38,96,175,0"": 1, ""38,97,176,0"": 1, ""39,100,179,0"": 1, ""39,63,134,145"": 1, ""39,73,147,0"": 1, ""39,97,176,0"": 1, ""40,102,182,0"": 1, ""40,104,184,0"": 1, ""40,106,186,0"": 1, ""40,89,165,0"": 1, ""40,99,179,0"": 1, ""72,115,187,0"": 1}",True
T351-T371,1390,1188,1390,1190,2,river,river,"{""gondor"": 1, ""nindalf"": 1, ""river"": 13}","{""31,92,173,0"": 1, ""32,92,173,0"": 2, ""38,31,99,145"": 1, ""38,96,175,0"": 1, ""38,97,176,0"": 1, ""39,100,179,0"": 1, ""39,63,134,145"": 1, ""39,97,176,0"": 1, ""40,102,182,0"": 1, ""40,104,184,0"": 1, ""40,106,186,0"": 1, ""40,89,165,0"": 1, ""40,99,179,0"": 1, ""72,115,187,0"": 1}",True
T351-T371,1390,1188,1390,1191,3,river,gondor,"{""gondor"": 4, ""nindalf"": 1, ""river"": 15}","{""133,150,209,145"": 1, ""176,174,224,145"": 1, ""195,185,230,145"": 1, ""31,92,173,0"": 1, ""32,92,173,0"": 2, ""38,31,99,145"": 1, ""38,96,175,0"": 2, ""38,97,176,0"": 1, ""39,100,179,0"": 1, ""39,63,134,145"": 1, ""39,97,176,0"": 1, ""40,102,182,0"": 1, ""40,104,184,0"": 1, ""40,106,186,0"": 1, ""40,89,165,0"": 1, ""40,99,179,0"": 1, ""66,112,185,0"": 1, ""72,115,187,0"": 1}",True
T351-T371,1391,1188,1391,1191,3,river,river,"{""gondor"": 2, ""nindalf"": 2, ""river"": 16}","{""133,150,209,145"": 1, ""176,174,224,145"": 1, ""27,90,171,0"": 1, ""32,92,173,0"": 2, ""38,31,99,145"": 1, ""38,96,175,0"": 2, ""38,97,176,0"": 1, ""39,100,179,0"": 1, ""39,63,134,145"": 1, ""39,69,143,145"": 1, ""39,97,176,0"": 1, ""40,104,184,0"": 1, ""40,106,186,0"": 1, ""40,89,165,0"": 1, ""40,99,179,0"": 1, ""41,103,183,0"": 1, ""66,112,185,0"": 1}",True
T351-T371,1392,1188,1392,1191,3,nindalf,river,"{""gondor"": 1, ""nindalf"": 4, ""river"": 15}","{""133,150,209,145"": 1, ""27,90,171,0"": 1, ""32,92,173,0"": 2, ""35,94,174,0"": 1, ""38,31,99,145"": 1, ""38,49,116,145"": 1, ""38,96,175,0"": 2, ""39,100,179,0"": 1, ""39,63,134,145"": 1, ""39,69,143,145"": 1, ""40,104,184,0"": 1, ""40,106,186,0"": 1, ""40,107,189,0"": 1, ""40,89,165,0"": 1, ""41,103,183,0"": 1, ""66,112,185,0"": 1}",True
T351-T371,1392,1189,1392,1191,2,river,river,"{""gondor"": 1, ""nindalf"": 1, ""river"": 13}","{""133,150,209,145"": 1, ""27,90,171,0"": 1, ""32,92,173,0"": 2, ""35,94,174,0"": 1, ""38,49,116,145"": 1, ""38,96,175,0"": 2, ""39,100,179,0"": 1, ""39,69,143,145"": 1, ""40,104,184,0"": 1, ""40,106,186,0"": 1, ""40,107,189,0"": 1, ""41,103,183,0"": 1, ""66,112,185,0"": 1}",True
T351-T371,1392,1189,1392,1192,3,river,gondor,"{""gondor"": 6, ""nindalf"": 1, ""river"": 13}","{""133,150,209,145"": 1, ""159,165,218,145"": 1, ""198,187,231,145"": 1, ""205,191,234,145"": 1, ""27,90,171,0"": 1, ""32,92,173,0"": 2, ""35,94,174,0"": 1, ""38,49,116,145"": 1, ""38,96,175,0"": 2, ""39,100,179,0"": 1, ""39,69,143,145"": 1, ""40,104,184,0"": 1, ""40,106,186,0"": 1, ""40,107,189,0"": 1, ""41,103,183,0"": 1, ""53,105,181,0"": 1, ""66,112,185,0"": 1, ""95,128,195,145"": 1}",True
T351-T371,1393,1189,1393,1192,3,river,gondor,"{""gondor"": 4, ""nindalf"": 2, ""river"": 14}","{""159,165,218,145"": 1, ""198,187,231,145"": 1, ""27,89,171,0"": 1, ""27,90,171,0"": 1, ""32,92,173,0"": 1, ""35,94,174,0"": 1, ""38,49,116,145"": 1, ""38,96,175,0"": 2, ""39,69,143,145"": 1, ""40,101,181,0"": 1, ""40,104,184,0"": 1, ""40,106,186,0"": 1, ""40,107,189,0"": 1, ""41,103,183,0"": 1, ""42,86,166,0"": 1, ""53,105,181,0"": 1, ""66,112,185,0"": 1, ""95,128,195,145"": 1}",True
T351-T371,1394,1189,1394,1192,3,nindalf,gondor,"{""gondor"": 3, ""nindalf"": 3, ""river"": 14}","{""159,165,218,145"": 1, ""27,89,171,0"": 1, ""27,90,171,0"": 1, ""30,56,110,145"": 1, ""35,94,174,0"": 1, ""36,97,178,0"": 1, ""38,49,116,145"": 1, ""38,96,175,0"": 2, ""39,69,143,145"": 1, ""40,101,181,0"": 1, ""40,106,186,0"": 1, ""40,107,189,0"": 1, ""41,103,183,0"": 1, ""42,106,190,0"": 1, ""42,86,166,0"": 1, ""53,105,181,0"": 1, ""95,128,195,145"": 1}",True
T351-T371,1395,1189,1395,1192,3,nindalf,river,"{""gondor"": 2, ""ithilien"": 1, ""nindalf"": 4, ""river"": 13}","{""27,89,171,0"": 1, ""27,90,171,0"": 1, ""28,68,124,145"": 1, ""30,56,110,145"": 1, ""35,94,174,0"": 1, ""36,97,178,0"": 1, ""38,49,116,145"": 1, ""39,69,143,145"": 1, ""40,101,181,0"": 1, ""40,107,189,0"": 1, ""41,103,183,0"": 1, ""42,103,187,0"": 1, ""42,106,190,0"": 1, ""42,86,166,0"": 1, ""53,105,181,0"": 1, ""95,128,195,145"": 1}",True
T351-T371,1396,1189,1396,1192,3,nindalf,river,"{""gondor"": 1, ""ithilien"": 3, ""nindalf"": 4, ""river"": 12}","{""20,48,87,145"": 1, ""27,89,171,0"": 1, ""28,68,124,145"": 1, ""30,56,110,145"": 1, ""35,94,174,0"": 1, ""36,97,178,0"": 1, ""38,49,116,145"": 1, ""40,101,181,0"": 1, ""40,107,189,0"": 1, ""42,103,187,0"": 1, ""42,106,190,0"": 1, ""42,86,166,0"": 1, ""43,105,191,0"": 1, ""53,105,181,0"": 1}",True
T351-T353,1354,1140,1357,1140,3,entwashMouth,nindalf,"{""entwashMouth"": 5, ""nindalf"": 5, ""river"": 10}","{""35,92,182,0"": 1, ""37,23,90,145"": 1, ""37,78,156,0"": 1, ""37,91,179,0"": 1, ""37,95,181,0"": 1, ""37,96,180,0"": 1, ""38,54,126,145"": 1, ""39,97,178,0"": 1, ""39,99,181,0"": 1, ""40,100,180,0"": 3, ""40,105,185,0"": 1, ""40,106,186,0"": 1, ""40,89,167,0"": 1, ""40,97,177,0"": 1, ""56,110,153,0"": 1}",True
T351-T353,1354,1141,1357,1141,3,entwashMouth,river,"{""entwashMouth"": 6, ""nindalf"": 3, ""river"": 11}","{""35,92,182,0"": 1, ""35,94,183,0"": 1, ""37,78,156,0"": 1, ""37,91,179,0"": 1, ""37,95,181,0"": 1, ""38,54,126,145"": 1, ""39,99,181,0"": 1, ""40,100,180,0"": 2, ""40,105,185,0"": 1, ""40,106,186,0"": 1, ""40,89,167,0"": 1, ""40,97,176,0"": 1, ""40,97,177,0"": 2, ""56,110,153,0"": 1}",True
T351-T353,1355,1141,1357,1141,2,entwashMouth,river,"{""entwashMouth"": 2, ""nindalf"": 3, ""river"": 10}","{""35,92,182,0"": 1, ""35,94,183,0"": 1, ""37,78,156,0"": 1, ""37,91,179,0"": 1, ""37,95,181,0"": 1, ""38,54,126,145"": 1, ""39,99,181,0"": 1, ""40,100,180,0"": 2, ""40,105,185,0"": 1, ""40,106,186,0"": 1, ""40,89,167,0"": 1, ""40,97,176,0"": 1, ""40,97,177,0"": 2}",True
T351-T353,1355,1141,1358,1141,3,entwashMouth,nindalf,"{""entwashMouth"": 2, ""nindalf"": 8, ""river"": 10}","{""35,92,182,0"": 1, ""35,94,183,0"": 1, ""37,78,156,0"": 1, ""37,91,179,0"": 1, ""37,95,181,0"": 1, ""38,54,126,145"": 1, ""39,62,135,145"": 1, ""39,99,181,0"": 1, ""40,100,180,0"": 2, ""40,105,185,0"": 1, ""40,106,186,0"": 1, ""40,88,166,0"": 1, ""40,89,167,0"": 1, ""40,97,176,0"": 1, ""40,97,177,0"": 2, ""40,99,179,0"": 1}",True
T351-T353,1355,1142,1358,1142,3,river,nindalf,"{""entwashMouth"": 4, ""nindalf"": 6, ""river"": 10}","{""35,92,182,0"": 1, ""35,94,183,0"": 1, ""37,78,156,0"": 1, ""37,91,179,0"": 1, ""39,62,135,145"": 1, ""39,95,178,0"": 2, ""39,99,181,0"": 1, ""40,100,180,0"": 2, ""40,105,185,0"": 1, ""40,106,186,0"": 1, ""40,88,166,0"": 1, ""40,89,167,0"": 1, ""40,97,176,0"": 2, ""40,97,177,0"": 2, ""40,99,179,0"": 1}",True
T351-T353,1355,1143,1358,1143,3,river,nindalf,"{""entwashMouth"": 6, ""nindalf"": 4, ""river"": 10}","{""35,94,183,0"": 1, ""37,78,156,0"": 1, ""37,91,179,0"": 1, ""39,62,135,145"": 1, ""39,95,178,0"": 3, ""39,99,181,0"": 1, ""40,100,180,0"": 1, ""40,105,185,0"": 1, ""40,106,186,0"": 2, ""40,88,166,0"": 1, ""40,97,176,0"": 2, ""40,97,177,0"": 2, ""40,99,179,0"": 1, ""45,104,169,0"": 1, ""46,105,167,0"": 1}",True
T351-T353,1355,1144,1358,1144,3,entwashMouth,nindalf,"{""entwashMouth"": 8, ""nindalf"": 3, ""river"": 9}","{""35,94,183,0"": 1, ""36,92,182,0"": 1, ""37,91,179,0"": 1, ""39,95,178,0"": 3, ""40,100,180,0"": 1, ""40,101,181,0"": 1, ""40,105,185,0"": 1, ""40,106,186,0"": 1, ""40,88,166,0"": 1, ""40,97,176,0"": 2, ""40,97,177,0"": 2, ""40,99,179,0"": 1, ""45,104,169,0"": 1, ""46,105,167,0"": 1}",True
T351-T353,1356,1145,1359,1145,3,entwashMouth,nindalf,"{""entwashMouth"": 7, ""nindalf"": 5, ""river"": 8}","{""36,91,183,0"": 1, ""36,92,182,0"": 1, ""37,19,85,145"": 1, ""38,45,116,145"": 1, ""38,47,118,145"": 1, ""39,79,155,0"": 1, ""39,95,178,0"": 2, ""40,101,181,0"": 1, ""40,105,185,0"": 2, ""40,106,186,0"": 1, ""40,96,176,0"": 1, ""40,97,176,0"": 2, ""40,97,177,0"": 1, ""40,99,179,0"": 1, ""46,105,167,0"": 1}",True
T351-T353,1357,1146,1360,1146,3,entwashMouth,nindalf,"{""entwashMouth"": 3, ""nindalf"": 7, ""river"": 10}","{""36,91,183,0"": 1, ""36,92,182,0"": 1, ""37,92,182,0"": 1, ""38,45,116,145"": 1, ""38,47,118,145"": 1, ""39,78,154,0"": 1, ""39,79,155,0"": 1, ""39,95,178,0"": 1, ""40,101,181,0"": 1, ""40,103,183,0"": 1, ""40,105,185,0"": 2, ""40,106,186,0"": 1, ""40,96,176,0"": 1, ""40,97,176,0"": 1, ""40,97,177,0"": 1, ""62,128,138,0"": 1}",True
T351-T353,1357,1147,1360,1147,3,entwashMouth,nindalf,"{""entwashMouth"": 5, ""nindalf"": 4, ""river"": 11}","{""36,91,183,0"": 1, ""36,92,182,0"": 1, ""37,92,182,0"": 1, ""38,45,116,145"": 1, ""38,94,179,0"": 1, ""39,78,154,0"": 1, ""39,79,155,0"": 1, ""39,95,178,0"": 1, ""40,101,181,0"": 1, ""40,102,181,0"": 1, ""40,103,183,0"": 1, ""40,105,185,0"": 1, ""40,106,186,0"": 1, ""40,96,176,0"": 1, ""40,97,177,0"": 1, ""48,109,162,0"": 1, ""62,128,138,0"": 1}",True
T351-T353,1357,1148,1360,1148,3,entwashMouth,river,"{""entwashMouth"": 7, ""nindalf"": 2, ""river"": 11}","{""36,91,183,0"": 1, ""36,92,182,0"": 1, ""37,92,182,0"": 2, ""38,94,179,0"": 1, ""39,78,154,0"": 1, ""39,79,155,0"": 1, ""40,101,181,0"": 2, ""40,102,181,0"": 1, ""40,103,183,0"": 1, ""40,105,185,0"": 1, ""40,96,176,0"": 1, ""40,97,177,0"": 1, ""48,109,162,0"": 1, ""62,128,138,0"": 1}",True
T351-T353,1357,1149,1360,1149,3,entwashMouth,river,"{""entwashMouth"": 8, ""nindalf"": 1, ""river"": 11}","{""36,91,183,0"": 1, ""37,92,182,0"": 2, ""38,94,179,0"": 1, ""39,78,154,0"": 1, ""39,95,179,0"": 1, ""40,101,181,0"": 1, ""40,102,181,0"": 1, ""40,103,183,0"": 1, ""40,105,185,0"": 1, ""40,96,176,0"": 1, ""40,97,177,0"": 2, ""48,109,162,0"": 1, ""62,128,138,0"": 1}",True
T351-T353,1358,1149,1360,1149,2,entwashMouth,river,"{""entwashMouth"": 3, ""nindalf"": 1, ""river"": 11}","{""37,92,182,0"": 2, ""38,94,179,0"": 1, ""39,78,154,0"": 1, ""39,95,179,0"": 1, ""40,101,181,0"": 1, ""40,102,181,0"": 1, ""40,103,183,0"": 1, ""40,105,185,0"": 1, ""40,96,176,0"": 1, ""40,97,177,0"": 2, ""48,109,162,0"": 1}",True
T351-T353,1358,1149,1361,1149,3,entwashMouth,nindalf,"{""entwashMouth"": 3, ""nindalf"": 5, ""river"": 12}","{""37,25,93,145"": 1, ""37,92,182,0"": 2, ""38,94,179,0"": 1, ""39,78,154,0"": 1, ""39,95,179,0"": 1, ""40,100,180,0"": 1, ""40,101,181,0"": 1, ""40,102,181,0"": 1, ""40,103,183,0"": 1, ""40,105,185,0"": 1, ""40,81,158,0"": 1, ""40,86,163,0"": 1, ""40,96,176,0"": 1, ""40,97,177,0"": 2, ""48,109,162,0"": 1}",True
T351-T353,1358,1150,1361,1150,3,entwashMouth,nindalf,"{""entwashMouth"": 4, ""nindalf"": 3, ""river"": 13}","{""37,25,93,145"": 1, ""37,92,182,0"": 2, ""38,94,179,0"": 1, ""39,95,179,0"": 1, ""39,96,178,0"": 1, ""40,100,180,0"": 1, ""40,101,181,0"": 1, ""40,102,181,0"": 1, ""40,103,183,0"": 1, ""40,104,184,0"": 1, ""40,81,158,0"": 1, ""40,86,163,0"": 1, ""40,96,176,0"": 1, ""40,97,177,0"": 2, ""48,109,162,0"": 1}",True
T351-T353,1358,1151,1361,1151,3,entwashMouth,river,"{""entwashMouth"": 4, ""nindalf"": 2, ""river"": 14}","{""37,92,182,0"": 1, ""38,94,179,0"": 2, ""39,95,179,0"": 1, ""39,96,178,0"": 1, ""40,100,180,0"": 1, ""40,101,181,0"": 1, ""40,102,181,0"": 1, ""40,104,184,0"": 1, ""40,81,158,0"": 1, ""40,86,163,0"": 1, ""40,96,176,0"": 1, ""40,97,176,0"": 1, ""40,97,177,0"": 1, ""40,99,179,0"": 1, ""46,106,167,0"": 1, ""48,109,162,0"": 1}",True
T351-T353,1359,1151,1361,1151,2,river,river,"{""nindalf"": 2, ""river"": 13}","{""37,92,182,0"": 1, ""38,94,179,0"": 2, ""39,95,179,0"": 1, ""39,96,178,0"": 1, ""40,100,180,0"": 1, ""40,101,181,0"": 1, ""40,102,181,0"": 1, ""40,104,184,0"": 1, ""40,81,158,0"": 1, ""40,86,163,0"": 1, ""40,96,176,0"": 1, ""40,97,176,0"": 1, ""40,97,177,0"": 1, ""40,99,179,0"": 1}",True
T351-T353,1359,1151,1362,1151,3,river,nindalf,"{""nindalf"": 6, ""river"": 14}","{""37,92,182,0"": 1, ""38,23,90,145"": 1, ""38,42,113,145"": 1, ""38,94,179,0"": 2, ""39,95,179,0"": 1, ""39,96,178,0"": 1, ""40,100,180,0"": 1, ""40,101,181,0"": 1, ""40,102,181,0"": 1, ""40,104,184,0"": 1, ""40,81,158,0"": 1, ""40,86,163,0"": 1, ""40,96,175,0"": 1, ""40,96,176,0"": 1, ""40,97,176,0"": 1, ""40,97,177,0"": 1, ""40,99,179,0"": 1}",True
T351-T353,1359,1152,1362,1152,3,river,nindalf,"{""entwashMouth"": 2, ""nindalf"": 4, ""river"": 14}","{""37,92,182,0"": 1, ""37,93,180,0"": 1, ""38,23,90,145"": 1, ""38,42,113,145"": 1, ""38,94,179,0"": 1, ""39,95,178,0"": 1, ""39,95,179,0"": 1, ""39,96,178,0"": 1, ""40,100,180,0"": 1, ""40,101,181,0"": 1, ""40,104,184,0"": 1, ""40,105,185,0"": 1, ""40,86,163,0"": 1, ""40,96,175,0"": 1, ""40,96,176,0"": 1, ""40,97,176,0"": 2, ""40,97,177,0"": 1, ""40,99,179,0"": 1}",True
T351-T353,1359,1153,1362,1153,3,river,river,"{""entwashMouth"": 4, ""nindalf"": 2, ""river"": 14}","{""37,93,180,0"": 1, ""38,23,90,145"": 1, ""38,42,113,145"": 1, ""38,94,179,0"": 2, ""39,95,178,0"": 1, ""39,95,179,0"": 1, ""39,96,178,0"": 1, ""40,100,180,0"": 1, ""40,104,184,0"": 1, ""40,105,185,0"": 1, ""40,96,175,0"": 1, ""40,96,176,0"": 1, ""40,97,176,0"": 2, ""40,97,177,0"": 1, ""40,99,178,0"": 1, ""40,99,179,0"": 1, ""45,104,170,0"": 1, ""55,116,157,0"": 1}",True
T351-T353,1360,1154,1363,1154,3,entwashMouth,nindalf,"{""entwashMouth"": 4, ""nindalf"": 4, ""river"": 12}","{""37,93,180,0"": 1, ""38,42,113,145"": 1, ""38,94,179,0"": 1, ""38,95,178,0"": 1, ""39,57,130,145"": 1, ""40,104,184,0"": 1, ""40,105,185,0"": 1, ""40,105,186,0"": 1, ""40,96,175,0"": 2, ""40,96,176,0"": 1, ""40,97,176,0"": 2, ""40,99,178,0"": 1, ""40,99,179,0"": 1, ""42,99,173,0"": 1, ""55,116,157,0"": 1}",True
T351-T353,1361,1155,1364,1155,3,river,nindalf,"{""entwashMouth"": 2, ""nindalf"": 6, ""river"": 12}","{""37,94,181,0"": 1, ""38,94,179,0"": 1, ""38,95,178,0"": 1, ""39,57,130,145"": 1, ""39,58,130,145"": 1, ""40,105,185,0"": 1, ""40,105,186,0"": 1, ""40,96,175,0"": 2, ""40,97,176,0"": 1, ""40,98,178,0"": 1, ""40,99,178,0"": 1, ""40,99,179,0"": 2, ""42,99,173,0"": 1}",True
T351-T353,1361,1156,1364,1156,3,entwashMouth,nindalf,"{""entwashMouth"": 4, ""nindalf"": 4, ""river"": 12}","{""37,93,180,0"": 1, ""37,94,181,0"": 1, ""38,94,179,0"": 1, ""38,95,178,0"": 1, ""39,57,130,145"": 1, ""39,58,130,145"": 1, ""40,104,184,0"": 1, ""40,105,185,0"": 1, ""40,105,186,0"": 1, ""40,96,175,0"": 1, ""40,97,176,0"": 1, ""40,98,178,0"": 1, ""40,99,178,0"": 1, ""40,99,179,0"": 1, ""42,99,173,0"": 1, ""49,110,160,0"": 1}",True
T351-T353,1362,1157,1365,1157,3,river,nindalf,"{""entwashMouth"": 2, ""nindalf"": 6, ""river"": 12}","{""37,26,93,145"": 1, ""37,92,183,0"": 1, ""37,93,180,0"": 1, ""37,94,181,0"": 1, ""38,95,178,0"": 1, ""39,58,130,145"": 1, ""39,77,153,0"": 1, ""40,103,183,0"": 1, ""40,104,184,0"": 1, ""40,105,186,0"": 1, ""40,96,175,0"": 1, ""40,97,177,0"": 1, ""40,98,178,0"": 1, ""40,99,178,0"": 1, ""40,99,179,0"": 1, ""49,110,160,0"": 1}",True
T351-T353,1362,1158,1365,1158,3,entwashMouth,nindalf,"{""entwashMouth"": 4, ""nindalf"": 4, ""river"": 12}","{""37,26,93,145"": 1, ""37,92,183,0"": 1, ""37,93,180,0"": 1, ""37,94,181,0"": 1, ""38,95,178,0"": 1, ""39,58,130,145"": 1, ""39,77,153,0"": 1, ""39,95,179,0"": 1, ""40,100,181,0"": 1, ""40,103,183,0"": 1, ""40,104,184,0"": 1, ""40,105,186,0"": 1, ""40,97,177,0"": 1, ""40,98,178,0"": 1, ""40,99,179,0"": 1, ""49,110,160,0"": 1, ""63,131,139,0"": 1}",True
T351-T353,1363,1158,1365,1158,2,river,nindalf,"{""entwashMouth"": 1, ""nindalf"": 4, ""river"": 10}","{""37,26,93,145"": 1, ""37,92,183,0"": 1, ""37,93,180,0"": 1, ""39,58,130,145"": 1, ""39,77,153,0"": 1, ""39,95,179,0"": 1, ""40,100,181,0"": 1, ""40,103,183,0"": 1, ""40,104,184,0"": 1, ""40,105,186,0"": 1, ""40,97,177,0"": 1, ""40,98,178,0"": 1, ""40,99,179,0"": 1, ""63,131,139,0"": 1}",True
T351-T353,1363,1158,1366,1158,3,river,nindalf,"{""entwashMouth"": 1, ""nindalf"": 9, ""river"": 10}","{""37,26,93,145"": 1, ""37,92,183,0"": 1, ""37,93,180,0"": 1, ""38,29,98,145"": 1, ""39,58,130,145"": 1, ""39,77,153,0"": 1, ""39,95,179,0"": 1, ""40,100,181,0"": 1, ""40,103,183,0"": 1, ""40,104,184,0"": 1, ""40,105,186,0"": 1, ""40,88,166,0"": 1, ""40,97,177,0"": 1, ""40,98,178,0"": 1, ""40,99,179,0"": 1, ""63,131,139,0"": 1}",True
T351-T353,1363,1159,1366,1159,3,river,nindalf,"{""entwashMouth"": 2, ""nindalf"": 6, ""river"": 12}","{""37,26,93,145"": 1, ""37,92,183,0"": 1, ""37,93,180,0"": 1, ""38,29,98,145"": 1, ""39,77,153,0"": 1, ""39,95,179,0"": 1, ""39,96,176,0"": 1, ""40,100,181,0"": 1, ""40,103,183,0"": 1, ""40,104,184,0"": 1, ""40,107,187,0"": 1, ""40,88,166,0"": 1, ""40,97,177,0"": 1, ""40,98,178,0"": 1, ""40,99,179,0"": 1, ""41,98,176,0"": 1, ""59,126,145,0"": 1, ""63,131,139,0"": 1}",True
T351-T353,1363,1160,1366,1160,3,entwashMouth,nindalf,"{""entwashMouth"": 2, ""nindalf"": 4, ""river"": 14}","{""37,92,183,0"": 1, ""37,93,180,0"": 1, ""37,93,181,0"": 1, ""38,29,98,145"": 1, ""39,77,153,0"": 1, ""39,95,179,0"": 1, ""39,96,176,0"": 1, ""40,100,181,0"": 1, ""40,101,181,0"": 1, ""40,103,183,0"": 1, ""40,104,184,0"": 1, ""40,107,187,0"": 1, ""40,88,166,0"": 1, ""40,97,176,0"": 2, ""40,97,177,0"": 1, ""41,98,176,0"": 1, ""59,126,145,0"": 1, ""63,131,139,0"": 1}",True
T351-T353,1363,1161,1366,1161,3,entwashMouth,river,"{""entwashMouth"": 4, ""nindalf"": 2, ""river"": 14}","{""37,92,183,0"": 1, ""37,93,181,0"": 1, ""37,93,182,0"": 2, ""38,29,98,145"": 1, ""38,95,179,0"": 1, ""39,95,179,0"": 1, ""39,96,176,0"": 1, ""40,100,181,0"": 1, ""40,101,181,0"": 1, ""40,103,183,0"": 1, ""40,107,187,0"": 1, ""40,88,166,0"": 1, ""40,97,175,0"": 1, ""40,97,176,0"": 2, ""40,97,177,0"": 1, ""41,98,176,0"": 1, ""59,126,145,0"": 1, ""63,131,139,0"": 1}",True
T351-T353,1363,1162,1366,1162,3,river,river,"{""entwashMouth"": 7, ""nindalf"": 1, ""river"": 12}","{""37,93,181,0"": 1, ""37,93,182,0"": 2, ""38,95,179,0"": 2, ""39,95,179,0"": 1, ""39,96,176,0"": 1, ""40,100,181,0"": 1, ""40,101,181,0"": 1, ""40,107,187,0"": 1, ""40,88,166,0"": 1, ""40,97,175,0"": 1, ""40,97,176,0"": 2, ""41,98,176,0"": 1, ""46,105,167,0"": 1, ""54,116,151,0"": 1, ""55,117,152,0"": 1, ""59,126,145,0"": 1, ""63,131,139,0"": 1}",True
T351-T353,1364,1162,1366,1162,2,river,river,"{""entwashMouth"": 3, ""nindalf"": 1, ""river"": 11}","{""37,93,182,0"": 1, ""38,95,179,0"": 2, ""39,95,179,0"": 1, ""39,96,176,0"": 1, ""40,100,181,0"": 1, ""40,101,181,0"": 1, ""40,107,187,0"": 1, ""40,88,166,0"": 1, ""40,97,175,0"": 1, ""40,97,176,0"": 2, ""41,98,176,0"": 1, ""46,105,167,0"": 1, ""55,117,152,0"": 1}",True
T351-T353,1364,1162,1367,1162,3,river,river,"{""entwashMouth"": 3, ""nindalf"": 3, ""river"": 14}","{""37,93,182,0"": 1, ""38,41,111,145"": 1, ""38,95,179,0"": 2, ""39,80,156,0"": 1, ""39,95,179,0"": 1, ""39,96,176,0"": 1, ""40,100,181,0"": 1, ""40,101,181,0"": 1, ""40,102,182,0"": 1, ""40,107,187,0"": 1, ""40,107,188,0"": 1, ""40,88,166,0"": 1, ""40,97,175,0"": 1, ""40,97,176,0"": 2, ""41,98,176,0"": 1, ""46,105,167,0"": 1, ""55,117,152,0"": 1}",True
T351-T353,1366,1162,1366,1165,3,river,entwashMouth,"{""entwashMouth"": 6, ""nindalf"": 2, ""river"": 12}","{""37,93,182,0"": 1, ""38,35,104,145"": 1, ""38,95,179,0"": 2, ""39,76,151,0"": 1, ""39,80,156,0"": 1, ""39,96,177,0"": 1, ""40,101,181,0"": 1, ""40,102,182,0"": 1, ""40,106,186,0"": 1, ""40,107,188,0"": 1, ""40,97,175,0"": 1, ""40,97,176,0"": 2, ""41,98,176,0"": 1, ""46,105,167,0"": 1, ""55,117,152,0"": 1}",True
T351-T353,1364,1163,1367,1163,3,entwashMouth,river,"{""entwashMouth"": 6, ""nindalf"": 1, ""river"": 13}","{""37,93,182,0"": 1, ""38,41,111,145"": 1, ""38,95,179,0"": 2, ""39,80,156,0"": 1, ""39,96,176,0"": 1, ""39,96,177,0"": 1, ""40,101,181,0"": 1, ""40,102,182,0"": 1, ""40,107,187,0"": 1, ""40,107,188,0"": 1, ""40,97,175,0"": 1, ""40,97,176,0"": 2, ""41,98,176,0"": 2, ""46,105,167,0"": 1, ""55,117,152,0"": 1}",True
T351-T353,1367,1163,1367,1166,3,river,river,"{""entwashMouth"": 5, ""nindalf"": 4, ""river"": 11}","{""36,91,183,0"": 1, ""38,35,104,145"": 1, ""38,48,119,145"": 1, ""38,95,179,0"": 2, ""39,76,151,0"": 1, ""39,96,177,0"": 1, ""40,101,179,0"": 1, ""40,102,182,0"": 1, ""40,106,186,0"": 1, ""40,107,188,0"": 1, ""40,91,169,0"": 1, ""40,97,175,0"": 1, ""41,98,176,0"": 1, ""46,105,167,0"": 1, ""58,120,146,0"": 1}",True
T351-T353,1365,1164,1368,1164,3,entwashMouth,river,"{""entwashMouth"": 5, ""nindalf"": 2, ""river"": 13}","{""36,91,183,0"": 1, ""38,35,104,145"": 1, ""38,95,179,0"": 2, ""39,76,151,0"": 1, ""39,80,156,0"": 1, ""39,96,177,0"": 1, ""40,101,179,0"": 1, ""40,101,181,0"": 1, ""40,102,182,0"": 1, ""40,106,186,0"": 1, ""40,107,188,0"": 1, ""40,97,175,0"": 1, ""40,97,176,0"": 1, ""41,98,176,0"": 1, ""46,105,167,0"": 1, ""58,120,146,0"": 1}",True
T351-T353,1366,1165,1369,1165,3,entwashMouth,nindalf,"{""entwashMouth"": 4, ""nindalf"": 4, ""river"": 12}","{""36,91,183,0"": 1, ""38,35,104,145"": 1, ""38,48,119,145"": 1, ""38,95,178,0"": 1, ""38,95,179,0"": 1, ""39,76,151,0"": 1, ""39,96,177,0"": 1, ""40,101,179,0"": 1, ""40,102,182,0"": 1, ""40,105,185,0"": 1, ""40,106,186,0"": 1, ""40,107,188,0"": 1, ""40,91,169,0"": 1, ""40,97,175,0"": 1, ""41,98,176,0"": 1, ""45,104,169,0"": 1, ""58,120,146,0"": 1}",True
T351-T353,1366,1166,1369,1166,3,entwashMouth,river,"{""entwashMouth"": 6, ""nindalf"": 2, ""river"": 12}","{""36,91,183,0"": 1, ""37,93,181,0"": 1, ""38,48,119,145"": 1, ""38,95,178,0"": 1, ""38,95,179,0"": 1, ""39,76,151,0"": 1, ""39,96,177,0"": 1, ""40,101,179,0"": 1, ""40,102,182,0"": 1, ""40,105,185,0"": 1, ""40,106,186,0"": 1, ""40,91,169,0"": 1, ""40,97,177,0"": 1, ""41,98,176,0"": 1, ""45,104,169,0"": 1, ""55,119,152,0"": 1, ""58,120,146,0"": 1}",True
T351-T353,1367,1166,1369,1166,2,river,river,"{""entwashMouth"": 2, ""nindalf"": 2, ""river"": 11}","{""36,91,183,0"": 1, ""37,93,181,0"": 1, ""38,48,119,145"": 1, ""38,95,178,0"": 1, ""39,76,151,0"": 1, ""39,96,177,0"": 1, ""40,101,179,0"": 1, ""40,102,182,0"": 1, ""40,105,185,0"": 1, ""40,106,186,0"": 1, ""40,91,169,0"": 1, ""40,97,177,0"": 1, ""45,104,169,0"": 1, ""55,119,152,0"": 1}",True
T351-T353,1367,1166,1370,1166,3,river,nindalf,"{""entwashMouth"": 2, ""nindalf"": 6, ""river"": 12}","{""36,91,183,0"": 1, ""37,93,181,0"": 1, ""38,48,119,145"": 1, ""38,95,178,0"": 1, ""39,67,142,145"": 1, ""39,76,151,0"": 1, ""39,96,177,0"": 1, ""40,101,179,0"": 1, ""40,102,182,0"": 1, ""40,103,182,0"": 1, ""40,105,185,0"": 1, ""40,106,186,0"": 1, ""40,91,169,0"": 1, ""40,97,177,0"": 1, ""45,104,169,0"": 1, ""55,119,152,0"": 1}",True
T351-T353,1367,1167,1370,1167,3,entwashMouth,nindalf,"{""entwashMouth"": 4, ""nindalf"": 4, ""river"": 12}","{""36,91,183,0"": 1, ""37,93,181,0"": 1, ""38,48,119,145"": 1, ""38,95,178,0"": 1, ""39,67,142,145"": 1, ""39,95,178,0"": 1, ""39,96,177,0"": 1, ""40,100,179,0"": 1, ""40,101,179,0"": 1, ""40,103,182,0"": 1, ""40,105,185,0"": 1, ""40,106,186,0"": 1, ""40,91,169,0"": 1, ""40,97,176,0"": 2, ""40,97,177,0"": 1, ""45,104,169,0"": 1, ""55,119,152,0"": 1}",True
T351-T353,1367,1168,1370,1168,3,entwashMouth,river,"{""entwashMouth"": 4, ""nindalf"": 2, ""river"": 14}","{""36,91,183,0"": 1, ""37,93,181,0"": 1, ""38,94,179,0"": 1, ""38,95,178,0"": 2, ""39,67,142,145"": 1, ""39,95,178,0"": 2, ""40,100,179,0"": 1, ""40,101,179,0"": 1, ""40,103,182,0"": 1, ""40,105,185,0"": 1, ""40,91,169,0"": 1, ""40,97,176,0"": 3, ""40,97,177,0"": 1, ""45,104,169,0"": 1, ""55,119,152,0"": 1}",True
T351-T353,1368,1169,1371,1169,3,entwashMouth,river,"{""entwashMouth"": 3, ""nindalf"": 3, ""river"": 14}","{""37,93,181,0"": 1, ""38,47,117,145"": 1, ""38,95,178,0"": 2, ""39,67,142,145"": 1, ""39,95,178,0"": 1, ""40,100,179,0"": 1, ""40,103,182,0"": 1, ""40,104,184,0"": 1, ""40,105,185,0"": 1, ""40,97,176,0"": 3, ""40,97,177,0"": 2, ""40,98,176,0"": 1, ""40,99,178,0"": 1, ""46,105,170,0"": 1, ""46,106,168,0"": 1}",True
T351-T353,1369,1170,1372,1170,3,river,nindalf,"{""entwashMouth"": 2, ""nindalf"": 4, ""river"": 14}","{""38,47,117,145"": 1, ""39,66,140,145"": 1, ""39,95,178,0"": 2, ""40,100,179,0"": 1, ""40,101,180,0"": 1, ""40,103,182,0"": 1, ""40,104,184,0"": 1, ""40,105,185,0"": 1, ""40,97,176,0"": 2, ""40,97,177,0"": 2, ""40,98,176,0"": 1, ""40,99,178,0"": 1, ""44,102,172,0"": 1, ""46,105,170,0"": 1}",True
T351-T353,1369,1171,1372,1171,3,entwashMouth,river,"{""entwashMouth"": 3, ""nindalf"": 2, ""river"": 15}","{""39,66,140,145"": 1, ""39,95,178,0"": 2, ""39,96,177,0"": 1, ""40,100,179,0"": 1, ""40,101,180,0"": 1, ""40,104,184,0"": 1, ""40,105,185,0"": 1, ""40,97,176,0"": 4, ""40,97,177,0"": 1, ""40,98,176,0"": 1, ""40,99,178,0"": 1, ""42,101,171,0"": 1, ""44,102,172,0"": 1, ""46,105,170,0"": 1}",True
T351-T353,1369,1172,1372,1172,3,entwashMouth,river,"{""entwashMouth"": 3, ""nindalf"": 1, ""river"": 16}","{""38,94,178,0"": 1, ""39,66,140,145"": 1, ""39,95,178,0"": 4, ""39,96,176,0"": 1, ""39,96,177,0"": 1, ""40,101,180,0"": 1, ""40,104,184,0"": 1, ""40,105,185,0"": 1, ""40,97,176,0"": 3, ""40,97,177,0"": 1, ""40,98,176,0"": 1, ""42,101,171,0"": 1, ""44,102,172,0"": 1, ""46,105,170,0"": 1}",True
T351-T353,1369,1173,1372,1173,3,entwashMouth,river,"{""entwashMouth"": 6, ""river"": 14}","{""38,94,178,0"": 1, ""39,95,178,0"": 3, ""39,96,176,0"": 1, ""39,96,177,0"": 2, ""40,101,180,0"": 1, ""40,105,185,0"": 1, ""40,97,176,0"": 2, ""40,97,177,0"": 1, ""40,98,176,0"": 1, ""42,101,171,0"": 1, ""44,102,172,0"": 1, ""44,102,173,0"": 1, ""46,105,170,0"": 1, ""48,108,166,0"": 1, ""55,116,165,0"": 1}",True
T351-T353,1370,1173,1372,1173,2,river,river,"{""entwashMouth"": 2, ""river"": 13}","{""38,94,178,0"": 1, ""39,95,178,0"": 2, ""39,96,176,0"": 1, ""39,96,177,0"": 1, ""40,101,180,0"": 1, ""40,105,185,0"": 1, ""40,97,176,0"": 2, ""40,97,177,0"": 1, ""40,98,176,0"": 1, ""44,102,172,0"": 1, ""44,102,173,0"": 1, ""48,108,166,0"": 1, ""55,116,165,0"": 1}",True
T351-T353,1370,1173,1373,1173,3,river,river,"{""entwashMouth"": 2, ""nindalf"": 2, ""river"": 16}","{""38,35,104,145"": 1, ""38,94,178,0"": 1, ""39,95,178,0"": 2, ""39,96,176,0"": 1, ""39,96,177,0"": 2, ""40,100,180,0"": 1, ""40,101,180,0"": 1, ""40,105,185,0"": 2, ""40,92,171,0"": 1, ""40,97,176,0"": 2, ""40,97,177,0"": 1, ""40,98,176,0"": 1, ""44,102,172,0"": 1, ""44,102,173,0"": 1, ""48,108,166,0"": 1, ""55,116,165,0"": 1}",True
T351-T353,1370,1174,1373,1174,3,river,river,"{""entwashMouth"": 4, ""nindalf"": 1, ""river"": 15}","{""38,94,178,0"": 2, ""39,95,178,0"": 2, ""39,96,176,0"": 1, ""39,96,177,0"": 2, ""40,100,180,0"": 1, ""40,101,180,0"": 1, ""40,105,185,0"": 1, ""40,92,171,0"": 1, ""40,97,176,0"": 2, ""44,102,172,0"": 1, ""44,102,173,0"": 1, ""48,108,166,0"": 1, ""49,109,169,0"": 1, ""55,116,165,0"": 1, ""70,139,145,0"": 1}",True
T351-T353,1371,1175,1374,1175,3,entwashMouth,river,"{""entwashMouth"": 2, ""nindalf"": 2, ""river"": 16}","{""37,94,178,0"": 1, ""38,35,104,145"": 1, ""38,94,178,0"": 2, ""39,96,176,0"": 2, ""39,96,177,0"": 1, ""40,100,180,0"": 1, ""40,103,182,0"": 1, ""40,103,183,0"": 1, ""40,105,185,0"": 1, ""40,86,163,0"": 1, ""40,97,176,0"": 4, ""44,102,173,0"": 1, ""49,109,169,0"": 1, ""55,116,165,0"": 1, ""70,139,145,0"": 1}",True
T351-T353,1371,1176,1374,1176,3,entwashMouth,river,"{""entwashMouth"": 4, ""nindalf"": 1, ""river"": 15}","{""37,94,178,0"": 1, ""38,94,178,0"": 2, ""38,94,179,0"": 1, ""38,95,179,0"": 1, ""39,95,178,0"": 1, ""39,96,176,0"": 2, ""39,96,177,0"": 1, ""40,100,180,0"": 1, ""40,103,182,0"": 1, ""40,103,183,0"": 1, ""40,86,163,0"": 1, ""40,97,176,0"": 3, ""44,102,173,0"": 1, ""49,109,169,0"": 1, ""55,116,165,0"": 1, ""70,139,145,0"": 1}",True
T351-T353,1372,1177,1375,1177,3,river,river,"{""entwashMouth"": 4, ""nindalf"": 2, ""river"": 14}","{""37,29,97,145"": 1, ""38,94,178,0"": 1, ""38,94,179,0"": 1, ""39,76,152,0"": 1, ""39,95,178,0"": 1, ""39,96,176,0"": 1, ""39,96,177,0"": 1, ""40,101,181,0"": 1, ""40,103,182,0"": 1, ""40,103,183,0"": 2, ""40,105,185,0"": 1, ""40,97,176,0"": 4, ""44,102,173,0"": 1, ""45,104,169,0"": 1, ""46,106,166,0"": 1, ""49,109,169,0"": 1}",True
T351-T353,1373,1178,1376,1178,3,entwashMouth,nindalf,"{""entwashMouth"": 4, ""nindalf"": 4, ""river"": 12}","{""38,31,100,145"": 1, ""38,94,178,0"": 1, ""39,65,139,145"": 1, ""39,76,152,0"": 1, ""39,95,178,0"": 1, ""39,96,177,0"": 1, ""39,96,179,0"": 1, ""40,101,180,0"": 1, ""40,101,181,0"": 1, ""40,103,182,0"": 1, ""40,103,183,0"": 1, ""40,105,185,0"": 1, ""40,82,158,0"": 1, ""40,97,176,0"": 4, ""45,104,169,0"": 1}",True
T351-T353,1373,1179,1376,1179,3,entwashMouth,river,"{""entwashMouth"": 6, ""nindalf"": 2, ""river"": 12}","{""36,92,181,0"": 1, ""38,31,100,145"": 1, ""39,65,139,145"": 1, ""39,95,178,0"": 1, ""39,96,177,0"": 1, ""39,96,179,0"": 1, ""40,101,180,0"": 1, ""40,101,181,0"": 1, ""40,103,183,0"": 1, ""40,105,185,0"": 1, ""40,82,158,0"": 1, ""40,97,176,0"": 5, ""45,104,169,0"": 1, ""50,109,162,0"": 1}",True
T351-T353,1374,1180,1377,1180,3,entwashMouth,nindalf,"{""entwashMouth"": 4, ""nindalf"": 4, ""river"": 12}","{""36,92,181,0"": 1, ""39,65,139,145"": 1, ""39,69,144,145"": 1, ""39,95,178,0"": 1, ""39,96,177,0"": 1, ""39,96,179,0"": 1, ""40,101,180,0"": 1, ""40,101,181,0"": 1, ""40,104,185,0"": 1, ""40,105,185,0"": 1, ""40,82,158,0"": 1, ""40,96,176,0"": 1, ""40,97,176,0"": 3, ""50,109,162,0"": 1, ""57,121,160,0"": 1}",True
T351-T353,1375,1181,1378,1181,3,river,river,"{""entwashMouth"": 1, ""nindalf"": 4, ""river"": 15}","{""36,92,181,0"": 1, ""39,69,144,145"": 1, ""39,95,178,0"": 1, ""39,96,176,0"": 1, ""39,96,177,0"": 1, ""40,101,180,0"": 2, ""40,101,181,0"": 1, ""40,104,185,0"": 1, ""40,82,158,0"": 1, ""40,92,171,0"": 1, ""40,96,176,0"": 1, ""40,97,176,0"": 3, ""47,107,169,0"": 1, ""57,121,160,0"": 1}",True
T351-T353,1378,1181,1378,1184,3,river,river,"{""entwashMouth"": 2, ""nindalf"": 3, ""river"": 15}","{""33,93,174,0"": 2, ""38,37,104,145"": 1, ""38,96,175,0"": 2, ""39,95,178,0"": 1, ""39,96,176,0"": 1, ""40,101,180,0"": 1, ""40,102,183,0"": 1, ""40,103,183,0"": 1, ""40,104,185,0"": 1, ""40,89,166,0"": 1, ""40,92,171,0"": 1, ""40,96,176,0"": 1, ""40,97,176,0"": 5}",True
T351-T353,1380,1183,1380,1186,3,river,entwashMouth,"{""entwashMouth"": 5, ""nindalf"": 3, ""river"": 12}","{""118,142,204,145"": 1, ""166,169,220,145"": 1, ""206,192,234,145"": 1, ""29,91,172,0"": 1, ""31,92,172,0"": 1, ""33,93,174,0"": 1, ""38,44,114,145"": 1, ""38,96,175,0"": 1, ""39,96,176,0"": 1, ""40,103,183,0"": 1, ""40,106,187,0"": 1, ""40,92,170,0"": 1, ""40,97,176,0"": 2, ""40,98,177,0"": 1, ""41,99,178,0"": 1, ""41,99,179,0"": 1, ""47,101,179,0"": 1, ""67,113,186,0"": 1}",True
T351-T353,1378,1184,1381,1184,3,river,river,"{""entwashMouth"": 5, ""nindalf"": 3, ""river"": 12}","{""118,142,204,145"": 1, ""166,169,220,145"": 1, ""206,192,234,145"": 1, ""29,91,172,0"": 1, ""31,92,172,0"": 1, ""33,93,174,0"": 1, ""37,19,83,145"": 1, ""38,96,175,0"": 1, ""39,96,176,0"": 1, ""40,101,180,0"": 1, ""40,102,183,0"": 1, ""40,103,183,0"": 1, ""40,106,187,0"": 1, ""40,89,166,0"": 1, ""40,92,170,0"": 1, ""40,97,176,0"": 2, ""41,99,178,0"": 1, ""47,101,179,0"": 1, ""67,113,186,0"": 1}",True
T351-T353,1381,1184,1381,1187,3,river,entwashMouth,"{""entwashMouth"": 7, ""nindalf"": 2, ""river"": 11}","{""166,169,220,145"": 1, ""168,170,220,145"": 1, ""206,192,234,145"": 1, ""25,88,170,0"": 1, ""29,91,172,0"": 1, ""31,92,172,0"": 1, ""37,97,177,0"": 1, ""38,37,105,145"": 1, ""38,44,114,145"": 1, ""38,96,175,0"": 1, ""40,102,182,0"": 1, ""40,106,187,0"": 1, ""40,97,176,0"": 1, ""40,98,177,0"": 1, ""41,99,178,0"": 1, ""41,99,179,0"": 1, ""47,101,179,0"": 1, ""48,102,179,0"": 1, ""67,113,186,0"": 1}",True
T351-T353,1382,1184,1382,1187,3,nindalf,entwashMouth,"{""entwashMouth"": 4, ""nindalf"": 4, ""river"": 12}","{""168,170,220,145"": 1, ""25,88,170,0"": 1, ""29,91,172,0"": 1, ""31,92,172,0"": 1, ""37,97,177,0"": 1, ""38,37,105,145"": 1, ""38,44,114,145"": 1, ""40,102,182,0"": 2, ""40,106,187,0"": 1, ""40,87,164,0"": 1, ""40,97,176,0"": 1, ""40,98,177,0"": 1, ""41,99,178,0"": 1, ""41,99,179,0"": 1, ""47,101,179,0"": 1, ""48,102,179,0"": 1}",True
T351-T353,1383,1184,1383,1187,3,nindalf,river,"{""entwashMouth"": 2, ""nindalf"": 6, ""river"": 12}","{""25,88,170,0"": 1, ""31,92,172,0"": 1, ""37,97,177,0"": 1, ""38,37,105,145"": 1, ""38,44,114,145"": 1, ""39,70,143,145"": 1, ""40,102,182,0"": 2, ""40,104,185,0"": 1, ""40,106,187,0"": 1, ""40,87,164,0"": 1, ""40,98,177,0"": 1, ""41,99,178,0"": 1, ""41,99,179,0"": 1, ""48,102,179,0"": 1}",True
T351-T353,1382,1185,1382,1187,2,river,entwashMouth,"{""entwashMouth"": 4, ""nindalf"": 1, ""river"": 10}","{""168,170,220,145"": 1, ""25,88,170,0"": 1, ""29,91,172,0"": 1, ""31,92,172,0"": 1, ""37,97,177,0"": 1, ""38,37,105,145"": 1, ""40,102,182,0"": 2, ""40,87,164,0"": 1, ""40,98,177,0"": 1, ""41,99,178,0"": 1, ""41,99,179,0"": 1, ""47,101,179,0"": 1, ""48,102,179,0"": 1}",True
T351-T353,1382,1185,1382,1188,3,river,entwashMouth,"{""entwashMouth"": 9, ""nindalf"": 1, ""river"": 10}","{""101,133,199,145"": 1, ""168,170,220,145"": 1, ""176,175,224,145"": 1, ""204,191,233,145"": 1, ""25,88,170,0"": 1, ""29,91,172,0"": 1, ""31,92,172,0"": 1, ""37,97,177,0"": 1, ""38,37,105,145"": 1, ""40,102,182,0"": 2, ""40,87,164,0"": 1, ""40,98,177,0"": 1, ""41,99,178,0"": 1, ""41,99,179,0"": 1, ""45,95,174,0"": 1, ""47,101,179,0"": 1, ""48,102,179,0"": 1, ""48,99,177,0"": 1}",True
T351-T353,1383,1185,1383,1187,2,river,river,"{""entwashMouth"": 2, ""nindalf"": 2, ""river"": 11}","{""25,88,170,0"": 1, ""31,92,172,0"": 1, ""37,97,177,0"": 1, ""38,37,105,145"": 1, ""39,70,143,145"": 1, ""40,102,182,0"": 2, ""40,104,185,0"": 1, ""40,87,164,0"": 1, ""40,98,177,0"": 1, ""41,99,178,0"": 1, ""41,99,179,0"": 1, ""48,102,179,0"": 1}",True
T351-T353,1383,1185,1383,1188,3,river,entwashMouth,"{""entwashMouth"": 7, ""nindalf"": 2, ""river"": 11}","{""101,133,199,145"": 1, ""176,175,224,145"": 1, ""25,88,170,0"": 1, ""31,92,172,0"": 1, ""37,97,177,0"": 1, ""38,37,105,145"": 1, ""39,70,143,145"": 1, ""40,102,182,0"": 2, ""40,104,185,0"": 1, ""40,87,164,0"": 1, ""40,98,177,0"": 1, ""41,99,178,0"": 1, ""41,99,179,0"": 1, ""43,105,190,0"": 1, ""45,95,174,0"": 1, ""48,102,179,0"": 1, ""48,99,177,0"": 1}",True
T351-T353,1384,1185,1384,1188,3,nindalf,entwashMouth,"{""entwashMouth"": 5, ""nindalf"": 3, ""river"": 12}","{""101,133,199,145"": 1, ""25,88,170,0"": 1, ""35,97,179,0"": 1, ""37,97,177,0"": 1, ""38,37,105,145"": 1, ""38,41,111,145"": 1, ""39,70,143,145"": 1, ""40,102,182,0"": 2, ""40,103,183,0"": 1, ""40,104,185,0"": 1, ""40,87,164,0"": 1, ""40,98,177,0"": 1, ""41,99,179,0"": 1, ""43,105,190,0"": 1, ""45,95,174,0"": 1, ""48,99,177,0"": 1}",True
T351-T353,1385,1185,1385,1188,3,nindalf,entwashMouth,"{""entwashMouth"": 3, ""nindalf"": 5, ""river"": 12}","{""35,97,179,0"": 1, ""37,97,177,0"": 1, ""38,37,105,145"": 1, ""38,41,111,145"": 1, ""39,70,143,145"": 1, ""39,99,178,0"": 1, ""40,102,182,0"": 2, ""40,103,183,0"": 1, ""40,104,185,0"": 1, ""40,87,164,0"": 1, ""40,89,167,0"": 1, ""43,105,190,0"": 1, ""45,95,174,0"": 1, ""48,99,177,0"": 1}",True
T351-T353,1386,1185,1386,1188,3,nindalf,river,"{""entwashMouth"": 2, ""nindalf"": 7, ""river"": 11}","{""35,97,179,0"": 1, ""38,41,111,145"": 1, ""39,70,143,145"": 1, ""39,73,147,0"": 1, ""39,99,178,0"": 1, ""40,102,182,0"": 2, ""40,103,183,0"": 1, ""40,104,185,0"": 1, ""40,87,164,0"": 1, ""40,89,167,0"": 1, ""43,105,190,0"": 1, ""45,95,174,0"": 1}",True
T351-T353,1386,1186,1386,1188,2,river,river,"{""entwashMouth"": 2, ""nindalf"": 2, ""river"": 11}","{""35,97,179,0"": 1, ""38,41,111,145"": 1, ""39,70,143,145"": 1, ""39,73,147,0"": 1, ""39,99,178,0"": 1, ""40,102,182,0"": 2, ""40,103,183,0"": 1, ""40,104,185,0"": 1, ""40,87,164,0"": 1, ""40,89,167,0"": 1, ""43,105,190,0"": 1, ""45,95,174,0"": 1}",True
T351-T353,1386,1186,1386,1189,3,river,entwashMouth,"{""entwashMouth"": 6, ""nindalf"": 2, ""river"": 12}","{""31,92,173,0"": 1, ""34,97,180,0"": 1, ""35,97,179,0"": 1, ""38,41,111,145"": 1, ""39,49,88,145"": 1, ""39,70,143,145"": 1, ""39,73,147,0"": 1, ""39,99,178,0"": 1, ""40,102,182,0"": 2, ""40,103,183,0"": 1, ""40,104,185,0"": 1, ""40,87,164,0"": 1, ""40,89,167,0"": 1, ""43,105,190,0"": 1, ""45,95,174,0"": 1, ""62,93,157,0"": 1}",True
T351-T353,1387,1186,1387,1189,3,nindalf,entwashMouth,"{""entwashMouth"": 4, ""nindalf"": 4, ""river"": 12}","{""31,92,173,0"": 1, ""34,97,180,0"": 1, ""35,97,179,0"": 1, ""37,19,83,145"": 1, ""38,41,111,145"": 1, ""38,97,176,0"": 1, ""39,49,88,145"": 1, ""39,70,143,145"": 1, ""39,73,147,0"": 1, ""39,99,178,0"": 1, ""40,102,182,0"": 1, ""40,103,183,0"": 1, ""40,104,185,0"": 1, ""40,89,167,0"": 1, ""40,99,179,0"": 1, ""43,105,190,0"": 1, ""62,93,157,0"": 1}",True
T328-T351,1353,1138,1356,1138,3,rohan,nindalf,"{""entwashMouth"": 3, ""nindalf"": 6, ""river"": 7, ""rohan"": 4}","{""35,92,182,0"": 1, ""37,95,181,0"": 1, ""37,96,180,0"": 1, ""39,97,178,0"": 1, ""39,99,179,0"": 1, ""40,100,180,0"": 2, ""40,104,184,0"": 1, ""40,105,185,0"": 1, ""40,56,131,145"": 1, ""40,94,173,0"": 1, ""41,105,191,0"": 1, ""42,40,83,145"": 1, ""45,101,185,0"": 1, ""50,70,82,145"": 1, ""56,110,153,0"": 1}",True
