pair,mask_x,mask_y,current_tile,native_biome,overlay_rgba,world_x_min,world_z_min,world_x_max_exclusive,world_z_max_exclusive
T340-T352,1441,1146,T340,deadMarshes,"0,0,0,185",80768,53248,80896,53376
T340-T352,1442,1147,T352,ithilienWasteland,"0,1,1,185",80896,53376,81024,53504
T340-T352,1432,1161,T340,nindalf,"69,67,82,145",79616,55168,79744,55296
T340-T352,1433,1162,T352,ithilienWasteland,"207,198,246,145",79744,55296,79872,55424
T352-T375,1449,1181,T352,ithilienWasteland,"0,242,6,145",81792,57728,81920,57856
T352-T375,1450,1182,T375,river,"6,217,50,145",81920,57856,82048,57984
T351-T352,1430,1163,T351,nindalf,"0,0,0,185",79360,55424,79488,55552
T351-T352,1431,1163,T351,nindalf,"23,22,27,185",79488,55424,79616,55552
T351-T352,1430,1164,T351,nindalf,"0,0,0,185",79360,55552,79488,55680
T351-T352,1431,1164,T352,ithilienWasteland,"28,27,33,145",79488,55552,79616,55680
T351-T352,1432,1164,T352,ithilienWasteland,"202,192,239,145",79616,55552,79744,55680
T351-T352,1430,1165,T351,nindalf,"0,0,0,185",79360,55680,79488,55808
