pair,x,y,tile,historical_tile,last_edit_phase,world_x_min,world_z_min
T218-T220,1161,838,T218,GAP,final,44928,13824
T218-T220,1160,839,T218,GAP,v2,44800,13952
T218-T220,1161,839,T218,GAP,final,44928,13952
T218-T220,1162,839,T220,GAP,final,45056,13952
T218-T220,1159,840,T218,GAP,v2,44672,14080
T218-T220,1160,840,T218,GAP,v2,44800,14080
T218-T220,1161,840,T220,GAP,v2,44928,14080
T218-T220,1162,840,T220,GAP,v2,45056,14080
T218-T220,1159,841,T218,GAP,v2,44672,14208
T218-T220,1160,841,T220,GAP,v2,44800,14208
T218-T220,1161,841,T220,GAP,v2,44928,14208
T218-T220,1158,842,T218,GAP,v2,44544,14336
T218-T220,1159,842,T218,GAP,v2,44672,14336
T218-T220,1160,842,T220,GAP,v2,44800,14336
T218-T220,1158,843,T218,GAP,v2,44544,14464
T218-T220,1159,843,T220,GAP,v2,44672,14464
T218-T220,1160,843,T220,GAP,v2,44800,14464
T218-T220,1158,844,T218,GAP,v2,44544,14592
T218-T220,1159,844,T220,GAP,v2,44672,14592
T218-T220,1158,845,T218,GAP,v2,44544,14720
T218-T220,1159,845,T220,GAP,v2,44672,14720
T218-T220,1158,846,T218,GAP,v2,44544,14848
T218-T220,1159,846,T220,GAP,v2,44672,14848
T218-T220,1158,847,T218,GAP,v2,44544,14976
T218-T220,1159,847,T220,GAP,v2,44672,14976
T218-T220,1158,848,T218,GAP,final,44544,15104
T218-T220,1159,848,T220,GAP,final,44672,15104
T218-T220,1158,849,T218,GAP,final,44544,15232
T218-T220,1159,849,T220,GAP,final,44672,15232
T218-T220,1159,850,T220,GAP,final,44672,15360
T220-T231,1185,839,T231,GAP,final,48000,13952
T220-T231,1184,840,T220,GAP,final,47872,14080
T220-T231,1185,840,T231,GAP,final,48000,14080
T220-T231,1184,841,T220,GAP,final,47872,14208
T220-T231,1185,841,T231,GAP,final,48000,14208
T220-T231,1184,842,T220,GAP,v2,47872,14336
T220-T231,1185,842,T231,GAP,v2,48000,14336
T220-T231,1184,843,T220,GAP,v2,47872,14464
T220-T231,1185,843,T231,GAP,v2,48000,14464
T220-T231,1184,844,T220,GAP,final,47872,14592
T220-T231,1185,844,T231,GAP,final,48000,14592
T220-T231,1184,845,T220,GAP,final,47872,14720
T220-T231,1185,845,T231,GAP,final,48000,14720
T220-T233,1174,846,T220,GAP,v2,46592,14848
T220-T233,1175,846,T220,GAP,v2,46720,14848
T220-T233,1176,846,T220,GAP,v2,46848,14848
T220-T233,1177,846,T220,GAP,v2,46976,14848
T220-T233,1178,846,T220,GAP,v2,47104,14848
T220-T233,1179,846,T220,GAP,v2,47232,14848
T220-T233,1173,847,T220,GAP,v2,46464,14976
T220-T233,1174,847,T220,GAP,v2,46592,14976
T220-T233,1175,847,T233,GAP,v2,46720,14976
T220-T233,1176,847,T233,GAP,v2,46848,14976
T220-T233,1177,847,T233,GAP,v2,46976,14976
T220-T233,1178,847,T233,GAP,v2,47104,14976
T220-T233,1179,847,T220,GAP,v2,47232,14976
T220-T233,1180,847,T220,GAP,v2,47360,14976
T220-T233,1181,847,T220,GAP,final,47488,14976
T220-T233,1172,848,T220,GAP,v2,46336,15104
T220-T233,1173,848,T220,GAP,v2,46464,15104
T220-T233,1174,848,T233,GAP,v2,46592,15104
T220-T233,1175,848,T233,GAP,v2,46720,15104
T220-T233,1178,848,T233,GAP,v2,47104,15104
T220-T233,1179,848,T233,GAP,v2,47232,15104
T220-T233,1180,848,T233,GAP,v2,47360,15104
T220-T233,1169,849,T220,GAP,v2,45952,15232
T220-T233,1170,849,T220,GAP,v2,46080,15232
T220-T233,1171,849,T220,GAP,v2,46208,15232
T220-T233,1172,849,T220,GAP,v2,46336,15232
T220-T233,1173,849,T233,GAP,v2,46464,15232
T220-T233,1174,849,T233,GAP,v2,46592,15232
T220-T233,1168,850,T220,GAP,v2,45824,15360
T220-T233,1169,850,T220,GAP,v2,45952,15360
T220-T233,1170,850,T233,GAP,v2,46080,15360
T220-T233,1171,850,T233,GAP,v2,46208,15360
T220-T233,1172,850,T233,GAP,v2,46336,15360
T220-T233,1173,850,T233,GAP,v2,46464,15360
T220-T233,1168,851,T220,GAP,v2,45824,15488
T220-T233,1169,851,T233,GAP,v2,45952,15488
T220-T233,1170,851,T233,GAP,v2,46080,15488
T220-T233,1167,852,T220,GAP,v2,45696,15616
T220-T233,1168,852,T220,GAP,v2,45824,15616
T220-T233,1169,852,T233,GAP,v2,45952,15616
T220-T233,1166,853,T220,GAP,v2,45568,15744
T220-T233,1167,853,T220,GAP,v2,45696,15744
T220-T233,1168,853,T233,GAP,v2,45824,15744
T220-T233,1169,853,T233,GAP,v2,45952,15744
T220-T233,1165,854,T220,GAP,final,45440,15872
T220-T233,1166,854,T220,GAP,final,45568,15872
T220-T233,1167,854,T233,GAP,v2,45696,15872
T220-T233,1168,854,T233,GAP,v2,45824,15872
T220-T233,1166,855,T233,GAP,final,45568,16000
T223-T231,1185,845,T231,GAP,final,48000,14720
T223-T231,1186,845,T231,GAP,final,48128,14720
T223-T231,1187,845,T231,GAP,final,48256,14720
T223-T231,1188,845,T231,GAP,v2,48384,14720
T223-T231,1189,845,T231,GAP,v2,48512,14720
T223-T231,1184,846,T223,GAP,final,47872,14848
T223-T231,1185,846,T223,GAP,final,48000,14848
T223-T231,1186,846,T223,GAP,final,48128,14848
T223-T231,1187,846,T223,GAP,final,48256,14848
T223-T231,1188,846,T223,GAP,v2,48384,14848
T223-T231,1189,846,T231,GAP,v2,48512,14848
T223-T231,1190,846,T231,GAP,v2,48640,14848
T223-T231,1191,846,T231,GAP,v2,48768,14848
T223-T231,1188,847,T223,GAP,v2,48384,14976
T223-T231,1189,847,T223,GAP,v2,48512,14976
T223-T231,1190,847,T223,GAP,v2,48640,14976
T223-T231,1191,847,T231,GAP,v2,48768,14976
T223-T231,1192,847,T231,GAP,v2,48896,14976
T223-T231,1193,847,T231,GAP,v2,49024,14976
T223-T231,1194,847,T231,GAP,v2,49152,14976
T223-T231,1190,848,T223,GAP,v2,48640,15104
T223-T231,1191,848,T223,GAP,v2,48768,15104
T223-T231,1192,848,T223,GAP,v2,48896,15104
T223-T231,1193,848,T223,GAP,v2,49024,15104
T223-T231,1194,848,T231,GAP,v2,49152,15104
T223-T231,1195,848,T231,GAP,v2,49280,15104
T223-T231,1193,849,T223,GAP,v2,49024,15232
T223-T231,1194,849,T223,GAP,v2,49152,15232
T223-T231,1195,849,T231,GAP,v2,49280,15232
T223-T231,1196,849,T231,GAP,v2,49408,15232
T223-T231,1194,850,T223,GAP,v2,49152,15360
T223-T231,1195,850,T223,GAP,v2,49280,15360
T223-T231,1196,850,T231,GAP,v2,49408,15360
T223-T231,1195,851,T223,GAP,v2,49280,15488
T223-T231,1196,851,T231,GAP,v2,49408,15488
T223-T231,1195,852,T223,GAP,v2,49280,15616
T223-T231,1196,852,T231,GAP,v2,49408,15616
T223-T231,1197,852,T231,GAP,v2,49536,15616
T223-T231,1195,853,T223,GAP,v2,49280,15744
T223-T231,1196,853,T223,GAP,v2,49408,15744
T223-T231,1197,853,T231,GAP,v2,49536,15744
T223-T231,1196,854,T223,GAP,v2,49408,15872
T223-T231,1197,854,T231,GAP,v2,49536,15872
T223-T231,1196,855,T223,GAP,v2,49408,16000
T223-T231,1197,855,T231,GAP,v2,49536,16000
T223-T231,1196,856,T223,GAP,v2,49408,16128
T223-T231,1197,856,T231,GAP,v2,49536,16128
T223-T231,1196,857,T223,GAP,final,49408,16256
T223-T231,1197,857,T231,GAP,final,49536,16256
T232-T233,1165,855,T232,GAP,final,45440,16000
T232-T233,1166,855,T233,GAP,final,45568,16000
T232-T233,1165,856,T232,GAP,final,45440,16128
T232-T233,1166,856,T233,GAP,v2,45568,16128
T232-T233,1165,857,T232,GAP,v2,45440,16256
T232-T233,1166,857,T233,GAP,v2,45568,16256
T232-T233,1165,858,T232,GAP,v2,45440,16384
T232-T233,1166,858,T233,GAP,v2,45568,16384
T232-T233,1167,858,T233,GAP,v2,45696,16384
T232-T233,1165,859,T232,GAP,v2,45440,16512
T232-T233,1166,859,T232,GAP,v2,45568,16512
T232-T233,1167,859,T233,GAP,v2,45696,16512
T232-T233,1168,859,T233,GAP,v2,45824,16512
T232-T233,1166,860,T232,GAP,v2,45568,16640
T232-T233,1167,860,T232,GAP,v2,45696,16640
T232-T233,1168,860,T233,GAP,v2,45824,16640
T232-T233,1169,860,T233,GAP,v2,45952,16640
T232-T233,1167,861,T232,GAP,v2,45696,16768
T232-T233,1168,861,T232,GAP,v2,45824,16768
T232-T233,1169,861,T233,GAP,v2,45952,16768
T232-T233,1170,861,T233,T233,unchanged,46080,16768
T232-T233,1168,862,T232,GAP,v2,45824,16896
T232-T233,1169,862,T232,GAP,v2,45952,16896
T232-T233,1170,862,T233,GAP,v2,46080,16896
T232-T233,1171,862,T233,GAP,v2,46208,16896
T232-T233,1169,863,T232,T232,unchanged,45952,17024
T232-T233,1170,863,T232,GAP,v2,46080,17024
T232-T233,1171,863,T233,GAP,v2,46208,17024
T232-T233,1170,864,T232,GAP,v2,46080,17152
T232-T233,1171,864,T233,GAP,v2,46208,17152
T232-T233,1170,865,T232,GAP,v2,46080,17280
T232-T233,1171,865,T233,GAP,v2,46208,17280
T232-T233,1170,866,T232,GAP,v2,46080,17408
T232-T233,1171,866,T233,GAP,v2,46208,17408
T232-T233,1170,867,T232,GAP,v2,46080,17536
T232-T233,1171,867,T233,GAP,v2,46208,17536
T232-T233,1171,868,T233,GAP,v2,46208,17664
T329-T355,1854,1135,T329,GAP,v2,133632,51840
T329-T355,1855,1135,T329,GAP,v2,133760,51840
T329-T355,1856,1135,T329,GAP,v2,133888,51840
T329-T355,1854,1136,T355,GAP,v2,133632,51968
T329-T355,1855,1136,T355,GAP,v2,133760,51968
T329-T355,1856,1136,T329,GAP,v2,133888,51968
T329-T355,1857,1136,T329,GAP,v2,134016,51968
T329-T355,1858,1136,T329,GAP,v2,134144,51968
T329-T355,1855,1137,T355,GAP,v2,133760,52096
T329-T355,1856,1137,T355,GAP,v2,133888,52096
T329-T355,1857,1137,T355,GAP,v2,134016,52096
T329-T355,1858,1137,T329,GAP,v2,134144,52096
T329-T355,1859,1137,T329,GAP,v2,134272,52096
T329-T355,1860,1137,T329,GAP,v2,134400,52096
T329-T355,1857,1138,T355,GAP,v2,134016,52224
T329-T355,1858,1138,T355,GAP,v2,134144,52224
T329-T355,1859,1138,T355,GAP,v2,134272,52224
T329-T355,1860,1138,T329,GAP,v2,134400,52224
T329-T355,1861,1138,T329,GAP,v2,134528,52224
T329-T355,1862,1138,T329,GAP,v2,134656,52224
T329-T355,1863,1138,T329,GAP,v2,134784,52224
T329-T355,1859,1139,T355,GAP,v2,134272,52352
T329-T355,1860,1139,T355,GAP,v2,134400,52352
T329-T355,1861,1139,T355,GAP,v2,134528,52352
T329-T355,1862,1139,T355,GAP,v2,134656,52352
T329-T355,1863,1139,T355,GAP,v2,134784,52352
T329-T355,1864,1139,T355,GAP,v2,134912,52352
T346-T356,1466,1153,T346,GAP,v2,83968,54144
T346-T356,1467,1153,T346,GAP,v2,84096,54144
T346-T356,1465,1154,T356,GAP,v2,83840,54272
T346-T356,1466,1154,T356,GAP,v2,83968,54272
T346-T356,1467,1154,T346,GAP,v2,84096,54272
T346-T356,1468,1154,T346,GAP,v2,84224,54272
T346-T356,1469,1154,T346,GAP,v2,84352,54272
T346-T356,1466,1155,T356,GAP,v2,83968,54400
T346-T356,1467,1155,T356,GAP,v2,84096,54400
T346-T356,1468,1155,T356,GAP,v2,84224,54400
T346-T356,1469,1155,T346,GAP,v2,84352,54400
T346-T356,1470,1155,T346,GAP,v2,84480,54400
T346-T356,1468,1156,T356,GAP,v2,84224,54528
T346-T356,1469,1156,T356,GAP,v2,84352,54528
T346-T356,1470,1156,T346,GAP,v2,84480,54528
T346-T356,1471,1156,T346,GAP,v2,84608,54528
T346-T356,1469,1157,T356,GAP,v2,84352,54656
T346-T356,1470,1157,T356,GAP,v2,84480,54656
T346-T356,1471,1157,T346,GAP,v2,84608,54656
T346-T356,1470,1158,T356,GAP,v2,84480,54784
T346-T356,1471,1158,T346,GAP,v2,84608,54784
T346-T356,1472,1158,T346,GAP,v2,84736,54784
T346-T356,1470,1159,T356,GAP,v2,84480,54912
T346-T356,1471,1159,T356,GAP,v2,84608,54912
T346-T356,1472,1159,T346,GAP,v2,84736,54912
T346-T356,1473,1159,T346,GAP,v2,84864,54912
T346-T356,1471,1160,T356,GAP,v2,84608,55040
T346-T356,1472,1160,T356,GAP,v2,84736,55040
T346-T356,1473,1160,T346,GAP,v2,84864,55040
T346-T356,1472,1161,T356,GAP,v2,84736,55168
T346-T356,1473,1161,T346,GAP,v2,84864,55168
T346-T356,1474,1161,T346,GAP,v2,84992,55168
T346-T356,1472,1162,T356,GAP,v2,84736,55296
T346-T356,1473,1162,T356,GAP,v2,84864,55296
T352-T356,1457,1158,T352,GAP,v2,82816,54784
T352-T356,1458,1158,T356,GAP,v2,82944,54784
T352-T356,1457,1159,T352,GAP,v2,82816,54912
T352-T356,1458,1159,T356,GAP,v2,82944,54912
T352-T356,1457,1160,T352,GAP,v2,82816,55040
T352-T356,1458,1160,T356,GAP,v2,82944,55040
T352-T356,1459,1160,T356,GAP,v2,83072,55040
T352-T356,1457,1161,T352,GAP,v2,82816,55168
T352-T356,1458,1161,T352,GAP,v2,82944,55168
T352-T356,1459,1161,T356,GAP,v2,83072,55168
T352-T356,1458,1163,T352,GAP,v2,82944,55424
T352-T356,1459,1163,T356,GAP,v2,83072,55424
T352-T356,1460,1163,T356,GAP,v2,83200,55424
T352-T356,1458,1164,T352,GAP,v2,82944,55552
T352-T356,1459,1164,T352,GAP,v2,83072,55552
T352-T356,1460,1164,T356,GAP,v2,83200,55552
T356-T357,1477,1175,T356,GAP,v2,85376,56960
T356-T357,1478,1175,T357,GAP,v2,85504,56960
T356-T357,1479,1175,T357,GAP,v2,85632,56960
T356-T357,1477,1176,T356,GAP,v2,85376,57088
T356-T357,1478,1176,T356,GAP,v2,85504,57088
T356-T357,1479,1176,T357,GAP,v2,85632,57088
T356-T357,1478,1177,T356,GAP,v2,85504,57216
T356-T357,1479,1177,T357,GAP,v2,85632,57216
T356-T357,1478,1178,T356,GAP,v2,85504,57344
T356-T357,1479,1178,T357,GAP,v2,85632,57344
T356-T357,1478,1179,T356,GAP,v2,85504,57472
T356-T357,1479,1179,T357,GAP,v2,85632,57472
T356-T357,1478,1180,T356,GAP,v2,85504,57600
T356-T357,1479,1180,T357,GAP,v2,85632,57600
T356-T357,1478,1181,T356,GAP,v2,85504,57728
T356-T357,1479,1181,T357,GAP,v2,85632,57728
T356-T357,1478,1182,T356,GAP,v2,85504,57856
T356-T357,1479,1182,T357,GAP,v2,85632,57856
T356-T357,1478,1183,T356,GAP,v2,85504,57984
T356-T357,1479,1183,T357,GAP,v2,85632,57984
T356-T357,1480,1183,T357,GAP,v2,85760,57984
T356-T357,1478,1184,T356,GAP,v2,85504,58112
T356-T357,1479,1184,T356,GAP,v2,85632,58112
T356-T357,1480,1184,T357,GAP,v2,85760,58112
T356-T357,1479,1185,T356,GAP,v2,85632,58240
T356-T357,1480,1185,T357,GAP,v2,85760,58240
T356-T357,1479,1186,T356,GAP,v2,85632,58368
T356-T357,1480,1186,T357,GAP,v2,85760,58368
T356-T357,1479,1187,T356,GAP,v2,85632,58496
T356-T357,1480,1187,T357,GAP,v2,85760,58496
T356-T357,1479,1188,T356,GAP,v2,85632,58624
T356-T357,1480,1188,T357,GAP,v2,85760,58624
T356-T357,1479,1189,T356,GAP,v2,85632,58752
T356-T357,1480,1189,T357,GAP,v2,85760,58752
T356-T357,1479,1190,T356,GAP,v2,85632,58880
T356-T357,1480,1190,T357,GAP,v2,85760,58880
T356-T357,1479,1191,T356,GAP,v2,85632,59008
T356-T357,1480,1191,T357,GAP,v2,85760,59008
T356-T357,1481,1191,T357,GAP,v2,85888,59008
T356-T357,1479,1192,T356,GAP,v2,85632,59136
T356-T357,1480,1192,T356,GAP,v2,85760,59136
T356-T357,1481,1192,T357,GAP,v2,85888,59136
T356-T357,1480,1193,T356,GAP,v2,85760,59264
T356-T357,1481,1193,T357,GAP,v2,85888,59264
T356-T357,1480,1194,T356,GAP,v2,85760,59392
T356-T357,1481,1194,T357,GAP,v2,85888,59392
T356-T357,1480,1195,T356,GAP,v2,85760,59520
T356-T357,1481,1195,T357,GAP,v2,85888,59520
T356-T357,1482,1195,T357,GAP,v2,86016,59520
T356-T357,1480,1196,T356,GAP,v2,85760,59648
T356-T357,1481,1196,T356,GAP,v2,85888,59648
T356-T357,1482,1196,T357,GAP,v2,86016,59648
T356-T357,1481,1197,T356,GAP,v2,85888,59776
T356-T357,1482,1197,T357,GAP,v2,86016,59776
T356-T357,1481,1198,T356,GAP,v2,85888,59904
T356-T357,1482,1198,T357,GAP,v2,86016,59904
T356-T357,1481,1199,T356,GAP,v2,85888,60032
T356-T357,1482,1199,T357,GAP,v2,86016,60032
T356-T357,1481,1200,T356,GAP,final,85888,60160
T356-T357,1482,1200,T357,GAP,final,86016,60160
T356-T357,1481,1201,T356,GAP,final,85888,60288
T356-T357,1482,1201,T357,GAP,final,86016,60288
T356-T357,1483,1201,T357,GAP,final,86144,60288
T356-T357,1484,1201,T357,GAP,final,86272,60288
T356-T357,1481,1202,T356,GAP,final,85888,60416
T356-T357,1482,1202,T356,GAP,final,86016,60416
T356-T357,1483,1202,T356,GAP,final,86144,60416
T356-T357,1484,1202,T357,GAP,final,86272,60416
T356-T357,1482,1203,T356,GAP,v2,86016,60544
T356-T357,1483,1203,T356,GAP,v2,86144,60544
T356-T357,1484,1203,T357,GAP,v2,86272,60544
T356-T357,1482,1204,T356,GAP,v2,86016,60672
T356-T357,1483,1204,T357,GAP,v2,86144,60672
T356-T357,1484,1204,T357,GAP,v2,86272,60672
T356-T357,1482,1205,T356,GAP,v2,86016,60800
T356-T357,1483,1205,T357,GAP,v2,86144,60800
T356-T357,1482,1206,T356,GAP,v2,86016,60928
T356-T357,1483,1206,T357,GAP,v2,86144,60928
T356-T357,1482,1207,T356,GAP,v2,86016,61056
T356-T357,1483,1207,T357,GAP,v2,86144,61056
T356-T357,1482,1208,T356,GAP,v2,86016,61184
T356-T357,1483,1208,T357,GAP,v2,86144,61184
T356-T357,1482,1209,T356,GAP,v2,86016,61312
T356-T357,1483,1209,T357,GAP,v2,86144,61312
T356-T357,1482,1210,T356,GAP,v2,86016,61440
T356-T357,1483,1210,T357,GAP,v2,86144,61440
T356-T357,1482,1211,T356,GAP,v2,86016,61568
T356-T357,1483,1211,T357,GAP,v2,86144,61568
T356-T357,1482,1212,T356,GAP,v2,86016,61696
T356-T357,1483,1212,T357,GAP,v2,86144,61696
T356-T357,1482,1213,T356,GAP,v2,86016,61824
T356-T357,1483,1213,T357,GAP,v2,86144,61824
T356-T357,1482,1214,T356,GAP,v2,86016,61952
T356-T357,1483,1214,T357,GAP,v2,86144,61952
T400-T420,1897,1318,T400,GAP,v2,139136,75264
T400-T420,1898,1318,T400,GAP,v2,139264,75264
T400-T420,1899,1318,T400,GAP,v2,139392,75264
T400-T420,1900,1318,T400,GAP,v2,139520,75264
T400-T420,1901,1318,T400,GAP,v2,139648,75264
T400-T420,1902,1318,T400,GAP,v2,139776,75264
T400-T420,1903,1318,T400,GAP,v2,139904,75264
T400-T420,1904,1318,T400,GAP,v2,140032,75264
T400-T420,1895,1319,T400,GAP,final,138880,75392
T400-T420,1896,1319,T400,GAP,final,139008,75392
T400-T420,1897,1319,T400,GAP,v2,139136,75392
T400-T420,1898,1319,T420,GAP,v2,139264,75392
T400-T420,1899,1319,T420,GAP,v2,139392,75392
T400-T420,1900,1319,T420,GAP,v2,139520,75392
T400-T420,1901,1319,T420,GAP,v2,139648,75392
T400-T420,1902,1319,T420,GAP,v2,139776,75392
T400-T420,1903,1319,T420,GAP,v2,139904,75392
T400-T420,1904,1319,T420,GAP,v2,140032,75392
T400-T420,1896,1320,T420,GAP,final,139008,75520
T400-T420,1897,1320,T420,GAP,v2,139136,75520
T400-T420,1898,1320,T420,GAP,v2,139264,75520
T435-T654,1481,1386,T435,GAP,v2,85888,83968
T435-T654,1482,1386,T654,GAP,v2,86016,83968
T435-T654,1481,1387,T435,GAP,final,85888,84096
T435-T654,1482,1387,T654,GAP,final,86016,84096
T435-T654,1481,1388,T435,GAP,final,85888,84224
T444-T654,1556,1425,T654,GAP,v2,95488,88960
T444-T654,1557,1425,T654,GAP,v2,95616,88960
T444-T654,1558,1425,T654,GAP,v2,95744,88960
T444-T654,1559,1425,T654,GAP,v2,95872,88960
T444-T654,1560,1425,T654,GAP,v2,96000,88960
T444-T654,1561,1425,T654,GAP,v2,96128,88960
T444-T654,1562,1425,T654,GAP,v2,96256,88960
T444-T654,1563,1425,T654,GAP,v2,96384,88960
T444-T654,1564,1425,T654,GAP,v2,96512,88960
T444-T654,1565,1425,T654,GAP,v2,96640,88960
T444-T654,1566,1425,T654,GAP,v2,96768,88960
T444-T654,1567,1425,T654,GAP,v2,96896,88960
T444-T654,1568,1425,T654,GAP,v2,97024,88960
T444-T654,1569,1425,T654,GAP,v2,97152,88960
T444-T654,1570,1425,T654,GAP,v2,97280,88960
T444-T654,1571,1425,T654,GAP,v2,97408,88960
T444-T654,1572,1425,T654,GAP,v2,97536,88960
T444-T654,1573,1425,T654,GAP,final,97664,88960
T444-T654,1574,1425,T654,GAP,final,97792,88960
T444-T654,1582,1425,T654,GAP,final,98816,88960
T444-T654,1583,1425,T654,GAP,final,98944,88960
T444-T654,1584,1425,T654,GAP,v2,99072,88960
T444-T654,1585,1425,T654,GAP,v2,99200,88960
T444-T654,1586,1425,T654,GAP,v2,99328,88960
T444-T654,1587,1425,T654,GAP,v2,99456,88960
T444-T654,1588,1425,T654,GAP,v2,99584,88960
T444-T654,1589,1425,T654,GAP,v2,99712,88960
T444-T654,1590,1425,T654,GAP,v2,99840,88960
T444-T654,1591,1425,T654,GAP,v2,99968,88960
T444-T654,1592,1425,T654,GAP,final,100096,88960
T444-T654,1555,1426,T444,GAP,final,95360,89088
T444-T654,1556,1426,T444,GAP,v2,95488,89088
T444-T654,1557,1426,T444,GAP,v2,95616,89088
T444-T654,1558,1426,T444,GAP,v2,95744,89088
T444-T654,1559,1426,T444,GAP,v2,95872,89088
T444-T654,1560,1426,T444,GAP,v2,96000,89088
T444-T654,1561,1426,T444,GAP,v2,96128,89088
T444-T654,1562,1426,T444,GAP,v2,96256,89088
T444-T654,1563,1426,T444,GAP,v2,96384,89088
T444-T654,1564,1426,T444,GAP,v2,96512,89088
T444-T654,1565,1426,T444,GAP,v2,96640,89088
T444-T654,1566,1426,T444,GAP,v2,96768,89088
T444-T654,1567,1426,T444,GAP,v2,96896,89088
T444-T654,1568,1426,T444,GAP,v2,97024,89088
T444-T654,1569,1426,T444,GAP,v2,97152,89088
T444-T654,1570,1426,T444,GAP,v2,97280,89088
T444-T654,1571,1426,T444,GAP,v2,97408,89088
T444-T654,1572,1426,T444,GAP,v2,97536,89088
T444-T654,1573,1426,T444,GAP,final,97664,89088
T444-T654,1583,1426,T444,GAP,final,98944,89088
T444-T654,1584,1426,T444,GAP,v2,99072,89088
T444-T654,1585,1426,T444,GAP,v2,99200,89088
T444-T654,1586,1426,T444,GAP,v2,99328,89088
T444-T654,1587,1426,T444,GAP,v2,99456,89088
T444-T654,1588,1426,T444,GAP,v2,99584,89088
T444-T654,1589,1426,T444,GAP,v2,99712,89088
T444-T654,1590,1426,T444,GAP,v2,99840,89088
T444-T654,1591,1426,T444,GAP,v2,99968,89088
