pair,kind,first_tile,first_x,first_y,second_tile,second_x,second_y,first_historical,second_historical,first_edit_phase,second_edit_phase,first_world_x_min,first_world_z_min,second_world_x_min,second_world_z_min
T435-T654,edge,T435,1481,1386,T654,1482,1386,GAP,GAP,v2,v2,85888,83968,86016,83968
T435-T654,edge,T435,1481,1387,T654,1482,1387,GAP,GAP,final,final,85888,84096,86016,84096
T435-T654,corner,T435,1481,1386,T654,1482,1387,GAP,GAP,v2,final,85888,83968,86016,84096
T435-T654,corner,T654,1482,1386,T435,1481,1387,GAP,GAP,v2,final,86016,83968,85888,84096
T435-T654,corner,T654,1482,1387,T435,1481,1388,GAP,GAP,final,final,86016,84096,85888,84224
T400-T420,edge,T400,1897,1319,T420,1898,1319,GAP,GAP,v2,v2,139136,75392,139264,75392
T400-T420,edge,T400,1898,1318,T420,1898,1319,GAP,GAP,v2,v2,139264,75264,139264,75392
T400-T420,edge,T400,1899,1318,T420,1899,1319,GAP,GAP,v2,v2,139392,75264,139392,75392
T400-T420,edge,T400,1900,1318,T420,1900,1319,GAP,GAP,v2,v2,139520,75264,139520,75392
T400-T420,edge,T400,1901,1318,T420,1901,1319,GAP,GAP,v2,v2,139648,75264,139648,75392
T400-T420,edge,T400,1902,1318,T420,1902,1319,GAP,GAP,v2,v2,139776,75264,139776,75392
T400-T420,edge,T400,1903,1318,T420,1903,1319,GAP,GAP,v2,v2,139904,75264,139904,75392
T400-T420,edge,T400,1904,1318,T420,1904,1319,GAP,GAP,v2,v2,140032,75264,140032,75392
T400-T420,edge,T400,1896,1319,T420,1896,1320,GAP,GAP,final,final,139008,75392,139008,75520
T400-T420,edge,T400,1897,1319,T420,1897,1320,GAP,GAP,v2,v2,139136,75392,139136,75520
T400-T420,corner,T400,1897,1318,T420,1898,1319,GAP,GAP,v2,v2,139136,75264,139264,75392
T400-T420,corner,T400,1898,1318,T420,1899,1319,GAP,GAP,v2,v2,139264,75264,139392,75392
T400-T420,corner,T400,1899,1318,T420,1900,1319,GAP,GAP,v2,v2,139392,75264,139520,75392
T400-T420,corner,T400,1900,1318,T420,1901,1319,GAP,GAP,v2,v2,139520,75264,139648,75392
T400-T420,corner,T400,1901,1318,T420,1902,1319,GAP,GAP,v2,v2,139648,75264,139776,75392
T400-T420,corner,T400,1902,1318,T420,1903,1319,GAP,GAP,v2,v2,139776,75264,139904,75392
T400-T420,corner,T400,1903,1318,T420,1904,1319,GAP,GAP,v2,v2,139904,75264,140032,75392
T400-T420,corner,T400,1895,1319,T420,1896,1320,GAP,GAP,final,final,138880,75392,139008,75520
T400-T420,corner,T400,1896,1319,T420,1897,1320,GAP,GAP,final,v2,139008,75392,139136,75520
T400-T420,corner,T400,1897,1319,T420,1898,1320,GAP,GAP,v2,v2,139136,75392,139264,75520
T400-T420,corner,T400,1899,1318,T420,1898,1319,GAP,GAP,v2,v2,139392,75264,139264,75392
T400-T420,corner,T400,1900,1318,T420,1899,1319,GAP,GAP,v2,v2,139520,75264,139392,75392
T400-T420,corner,T400,1901,1318,T420,1900,1319,GAP,GAP,v2,v2,139648,75264,139520,75392
T400-T420,corner,T400,1902,1318,T420,1901,1319,GAP,GAP,v2,v2,139776,75264,139648,75392
T400-T420,corner,T400,1903,1318,T420,1902,1319,GAP,GAP,v2,v2,139904,75264,139776,75392
T400-T420,corner,T400,1904,1318,T420,1903,1319,GAP,GAP,v2,v2,140032,75264,139904,75392
T400-T420,corner,T400,1897,1319,T420,1896,1320,GAP,GAP,v2,final,139136,75392,139008,75520
T329-T355,edge,T355,1855,1136,T329,1856,1136,GAP,GAP,v2,v2,133760,51968,133888,51968
T329-T355,edge,T355,1857,1137,T329,1858,1137,GAP,GAP,v2,v2,134016,52096,134144,52096
T329-T355,edge,T355,1859,1138,T329,1860,1138,GAP,GAP,v2,v2,134272,52224,134400,52224
T329-T355,edge,T329,1854,1135,T355,1854,1136,GAP,GAP,v2,v2,133632,51840,133632,51968
T329-T355,edge,T329,1855,1135,T355,1855,1136,GAP,GAP,v2,v2,133760,51840,133760,51968
T329-T355,edge,T329,1856,1136,T355,1856,1137,GAP,GAP,v2,v2,133888,51968,133888,52096
T329-T355,edge,T329,1857,1136,T355,1857,1137,GAP,GAP,v2,v2,134016,51968,134016,52096
T329-T355,edge,T329,1858,1137,T355,1858,1138,GAP,GAP,v2,v2,134144,52096,134144,52224
T329-T355,edge,T329,1859,1137,T355,1859,1138,GAP,GAP,v2,v2,134272,52096,134272,52224
T329-T355,edge,T329,1860,1138,T355,1860,1139,GAP,GAP,v2,v2,134400,52224,134400,52352
T329-T355,edge,T329,1861,1138,T355,1861,1139,GAP,GAP,v2,v2,134528,52224,134528,52352
T329-T355,edge,T329,1862,1138,T355,1862,1139,GAP,GAP,v2,v2,134656,52224,134656,52352
T329-T355,edge,T329,1863,1138,T355,1863,1139,GAP,GAP,v2,v2,134784,52224,134784,52352
T329-T355,corner,T329,1854,1135,T355,1855,1136,GAP,GAP,v2,v2,133632,51840,133760,51968
T329-T355,corner,T329,1856,1136,T355,1857,1137,GAP,GAP,v2,v2,133888,51968,134016,52096
T329-T355,corner,T329,1858,1137,T355,1859,1138,GAP,GAP,v2,v2,134144,52096,134272,52224
T329-T355,corner,T329,1860,1138,T355,1861,1139,GAP,GAP,v2,v2,134400,52224,134528,52352
T329-T355,corner,T329,1861,1138,T355,1862,1139,GAP,GAP,v2,v2,134528,52224,134656,52352
T329-T355,corner,T329,1862,1138,T355,1863,1139,GAP,GAP,v2,v2,134656,52224,134784,52352
T329-T355,corner,T329,1863,1138,T355,1864,1139,GAP,GAP,v2,v2,134784,52224,134912,52352
T329-T355,corner,T329,1855,1135,T355,1854,1136,GAP,GAP,v2,v2,133760,51840,133632,51968
T329-T355,corner,T329,1856,1135,T355,1855,1136,GAP,GAP,v2,v2,133888,51840,133760,51968
T329-T355,corner,T329,1856,1136,T355,1855,1137,GAP,GAP,v2,v2,133888,51968,133760,52096
T329-T355,corner,T329,1857,1136,T355,1856,1137,GAP,GAP,v2,v2,134016,51968,133888,52096
T329-T355,corner,T329,1858,1136,T355,1857,1137,GAP,GAP,v2,v2,134144,51968,134016,52096
T329-T355,corner,T329,1858,1137,T355,1857,1138,GAP,GAP,v2,v2,134144,52096,134016,52224
T329-T355,corner,T329,1859,1137,T355,1858,1138,GAP,GAP,v2,v2,134272,52096,134144,52224
T329-T355,corner,T329,1860,1137,T355,1859,1138,GAP,GAP,v2,v2,134400,52096,134272,52224
T329-T355,corner,T329,1860,1138,T355,1859,1139,GAP,GAP,v2,v2,134400,52224,134272,52352
T329-T355,corner,T329,1861,1138,T355,1860,1139,GAP,GAP,v2,v2,134528,52224,134400,52352
T329-T355,corner,T329,1862,1138,T355,1861,1139,GAP,GAP,v2,v2,134656,52224,134528,52352
T329-T355,corner,T329,1863,1138,T355,1862,1139,GAP,GAP,v2,v2,134784,52224,134656,52352
T352-T356,edge,T352,1457,1158,T356,1458,1158,GAP,GAP,v2,v2,82816,54784,82944,54784
T352-T356,edge,T352,1457,1159,T356,1458,1159,GAP,GAP,v2,v2,82816,54912,82944,54912
T352-T356,edge,T352,1457,1160,T356,1458,1160,GAP,GAP,v2,v2,82816,55040,82944,55040
T352-T356,edge,T352,1458,1161,T356,1459,1161,GAP,GAP,v2,v2,82944,55168,83072,55168
T352-T356,edge,T352,1458,1163,T356,1459,1163,GAP,GAP,v2,v2,82944,55424,83072,55424
T352-T356,edge,T352,1459,1164,T356,1460,1164,GAP,GAP,v2,v2,83072,55552,83200,55552
T352-T356,edge,T356,1458,1160,T352,1458,1161,GAP,GAP,v2,v2,82944,55040,82944,55168
T352-T356,edge,T356,1459,1163,T352,1459,1164,GAP,GAP,v2,v2,83072,55424,83072,55552
T352-T356,corner,T352,1457,1158,T356,1458,1159,GAP,GAP,v2,v2,82816,54784,82944,54912
T352-T356,corner,T352,1457,1159,T356,1458,1160,GAP,GAP,v2,v2,82816,54912,82944,55040
T352-T356,corner,T356,1458,1158,T352,1457,1159,GAP,GAP,v2,v2,82944,54784,82816,54912
T352-T356,corner,T356,1458,1159,T352,1457,1160,GAP,GAP,v2,v2,82944,54912,82816,55040
T352-T356,corner,T356,1458,1160,T352,1457,1161,GAP,GAP,v2,v2,82944,55040,82816,55168
T352-T356,corner,T356,1459,1160,T352,1458,1161,GAP,GAP,v2,v2,83072,55040,82944,55168
T352-T356,corner,T356,1459,1163,T352,1458,1164,GAP,GAP,v2,v2,83072,55424,82944,55552
T352-T356,corner,T356,1460,1163,T352,1459,1164,GAP,GAP,v2,v2,83200,55424,83072,55552
T218-T220,edge,T218,1161,839,T220,1162,839,GAP,GAP,final,final,44928,13952,45056,13952
T218-T220,edge,T218,1160,840,T220,1161,840,GAP,GAP,v2,v2,44800,14080,44928,14080
T218-T220,edge,T218,1159,841,T220,1160,841,GAP,GAP,v2,v2,44672,14208,44800,14208
T218-T220,edge,T218,1159,842,T220,1160,842,GAP,GAP,v2,v2,44672,14336,44800,14336
T218-T220,edge,T218,1158,843,T220,1159,843,GAP,GAP,v2,v2,44544,14464,44672,14464
T218-T220,edge,T218,1158,844,T220,1159,844,GAP,GAP,v2,v2,44544,14592,44672,14592
T218-T220,edge,T218,1158,845,T220,1159,845,GAP,GAP,v2,v2,44544,14720,44672,14720
T218-T220,edge,T218,1158,846,T220,1159,846,GAP,GAP,v2,v2,44544,14848,44672,14848
T218-T220,edge,T218,1158,847,T220,1159,847,GAP,GAP,v2,v2,44544,14976,44672,14976
T218-T220,edge,T218,1158,848,T220,1159,848,GAP,GAP,final,final,44544,15104,44672,15104
T218-T220,edge,T218,1158,849,T220,1159,849,GAP,GAP,final,final,44544,15232,44672,15232
T218-T220,edge,T218,1161,839,T220,1161,840,GAP,GAP,final,v2,44928,13952,44928,14080
T218-T220,edge,T218,1160,840,T220,1160,841,GAP,GAP,v2,v2,44800,14080,44800,14208
T218-T220,edge,T218,1159,842,T220,1159,843,GAP,GAP,v2,v2,44672,14336,44672,14464
T218-T220,corner,T218,1161,838,T220,1162,839,GAP,GAP,final,final,44928,13824,45056,13952
T218-T220,corner,T218,1160,839,T220,1161,840,GAP,GAP,v2,v2,44800,13952,44928,14080
T218-T220,corner,T218,1161,839,T220,1162,840,GAP,GAP,final,v2,44928,13952,45056,14080
T218-T220,corner,T218,1159,840,T220,1160,841,GAP,GAP,v2,v2,44672,14080,44800,14208
T218-T220,corner,T218,1160,840,T220,1161,841,GAP,GAP,v2,v2,44800,14080,44928,14208
T218-T220,corner,T218,1159,841,T220,1160,842,GAP,GAP,v2,v2,44672,14208,44800,14336
T218-T220,corner,T218,1158,842,T220,1159,843,GAP,GAP,v2,v2,44544,14336,44672,14464
T218-T220,corner,T218,1159,842,T220,1160,843,GAP,GAP,v2,v2,44672,14336,44800,14464
T218-T220,corner,T218,1158,843,T220,1159,844,GAP,GAP,v2,v2,44544,14464,44672,14592
T218-T220,corner,T218,1158,844,T220,1159,845,GAP,GAP,v2,v2,44544,14592,44672,14720
T218-T220,corner,T218,1158,845,T220,1159,846,GAP,GAP,v2,v2,44544,14720,44672,14848
T218-T220,corner,T218,1158,846,T220,1159,847,GAP,GAP,v2,v2,44544,14848,44672,14976
T218-T220,corner,T218,1158,847,T220,1159,848,GAP,GAP,v2,final,44544,14976,44672,15104
T218-T220,corner,T218,1158,848,T220,1159,849,GAP,GAP,final,final,44544,15104,44672,15232
T218-T220,corner,T218,1158,849,T220,1159,850,GAP,GAP,final,final,44544,15232,44672,15360
T218-T220,corner,T220,1160,841,T218,1159,842,GAP,GAP,v2,v2,44800,14208,44672,14336
T218-T220,corner,T220,1159,843,T218,1158,844,GAP,GAP,v2,v2,44672,14464,44544,14592
T218-T220,corner,T220,1159,844,T218,1158,845,GAP,GAP,v2,v2,44672,14592,44544,14720
T218-T220,corner,T220,1159,845,T218,1158,846,GAP,GAP,v2,v2,44672,14720,44544,14848
T218-T220,corner,T220,1159,846,T218,1158,847,GAP,GAP,v2,v2,44672,14848,44544,14976
T218-T220,corner,T220,1159,847,T218,1158,848,GAP,GAP,v2,final,44672,14976,44544,15104
T218-T220,corner,T220,1159,848,T218,1158,849,GAP,GAP,final,final,44672,15104,44544,15232
