tile,cells,first_mask_x,first_mask_y,world_x,world_z,min_x,min_y,max_x,max_y,touches_edge
GAP,8631538,0,0,-103680,-93440,0,0,3199,3999,true
T001,7,2292,58,189696,-86016,2292,58,2297,59,false
T002,1,1297,61,62336,-85632,1297,61,1297,61,false
T003,1,1292,64,61696,-85248,1292,64,1292,64,false
T004,1,1317,68,64896,-84736,1317,68,1317,68,false
T005,1,1335,74,67200,-83968,1335,74,1335,74,false
T006,1,1334,75,67072,-83840,1334,75,1334,75,false
T007,1,1098,85,36864,-82560,1098,85,1098,85,false
T008,1,1099,86,36992,-82432,1099,86,1099,86,false
T009,1,1100,87,37120,-82304,1100,87,1100,87,false
T010,2,2421,99,206208,-80768,2421,99,2422,99,false
T011,1,2421,129,206208,-76928,2421,129,2421,129,false
T012,1,2440,152,208640,-73984,2440,152,2440,152,false
T013,7,752,184,-7424,-69888,752,184,753,187,false
T014,2,1709,190,115072,-69120,1709,190,1709,191,false
T015,2,1708,192,114944,-68864,1708,192,1708,193,false
T016,1,1681,211,111488,-66432,1681,211,1681,211,false
T017,1,1635,221,105600,-65152,1635,221,1635,221,false
T018,4,1650,224,107520,-64768,1650,224,1652,225,false
T019,1,1653,226,107904,-64512,1653,226,1653,226,false
T020,1,735,248,-9600,-61696,735,248,735,248,false
T021,1,732,249,-9984,-61568,732,249,732,249,false
T022,4,2008,264,153344,-59648,2007,264,2009,265,false
T023,1,2070,286,161280,-56832,2070,286,2070,286,false
T024,3733,760,329,-6400,-51328,730,329,823,395,false
T025,1,1002,373,24576,-45696,1002,373,1002,373,false
T026,1,1004,374,24832,-45568,1004,374,1004,374,false
T027,1,2672,388,238336,-43776,2672,388,2672,388,false
T028,1,2678,397,239104,-42624,2678,397,2678,397,false
T029,1,2699,420,241792,-39680,2699,420,2699,420,false
T030,2076,713,430,-12416,-38400,668,430,745,506,false
T034,6965,927,440,14976,-37120,723,440,958,520,false
GAP,681,708,450,-13056,-35840,667,450,713,488,false
T033,1793,667,453,-18304,-35456,582,453,686,496,false
T036,1771,705,467,-13440,-33664,672,467,723,521,false
T031,1,2751,467,248448,-33664,2751,467,2751,467,false
T032,1,2750,468,248320,-33536,2750,468,2750,468,false
T044,9673,2753,468,248704,-33536,2594,468,2818,568,false
T037,4968,902,472,11776,-33024,840,472,979,539,false
T060,14324,2384,474,201472,-32768,2127,474,2387,657,false
GAP,1,705,475,-13440,-32640,705,475,705,475,false
GAP,2,653,480,-20096,-32000,653,480,653,481,false
T035,368,666,480,-18432,-32000,627,480,672,509,false
T049,5506,2386,480,201728,-32000,2294,480,2389,611,false
T053,13936,2446,480,209408,-32000,2388,480,2607,622,false
GAP,1,709,482,-12928,-31744,709,482,709,482,false
GAP,2,664,483,-18688,-31616,664,483,665,483,false
GAP,5,644,484,-21248,-31488,644,484,645,486,false
GAP,1,712,485,-12544,-31360,712,485,712,485,false
T040,5656,959,485,19072,-31360,956,485,1069,568,false
GAP,2610,636,486,-22272,-31232,587,486,671,632,false
T041,3062,578,488,-29696,-30976,520,488,611,557,false
GAP,1,583,488,-29056,-30976,583,488,583,488,false
GAP,2,651,489,-20352,-30848,651,489,651,490,false
GAP,1,670,489,-17920,-30848,670,489,670,489,false
GAP,495,672,491,-17664,-30592,669,491,729,703,false
GAP,298,659,492,-19328,-30464,630,492,665,511,false
GAP,1,667,494,-18304,-30208,667,494,667,494,false
GAP,3,718,495,-11776,-30080,718,495,718,497,false
T050,6349,663,496,-18816,-29952,624,496,722,592,false
GAP,7,720,501,-11520,-29312,720,501,721,505,false
T043,3144,840,503,3840,-29056,711,503,844,544,false
T047,6521,370,504,-56320,-28928,262,504,411,568,false
GAP,1,628,505,-23296,-28800,628,505,628,505,false
T042,499,621,506,-24192,-28672,579,506,626,565,false
GAP,1,629,506,-23168,-28672,629,506,629,506,false
GAP,2,722,506,-11264,-28672,722,506,722,507,false
GAP,1,585,510,-28800,-28160,585,510,585,510,false
GAP,24,581,511,-29312,-28032,577,511,583,521,false
T046,2927,894,512,10752,-27904,847,512,930,564,false
GAP,1,635,513,-22400,-27776,635,513,635,513,false
GAP,1,582,514,-29184,-27648,582,514,582,514,false
GAP,1,583,515,-29056,-27520,583,515,583,515,false
GAP,1,585,516,-28800,-27392,585,516,585,516,false
GAP,1,717,516,-11904,-27392,717,516,717,516,false
GAP,1,716,517,-12032,-27264,716,517,716,517,false
T039,110,479,518,-42368,-27136,478,518,491,527,false
T051,2384,931,519,15488,-27008,927,519,1004,578,false
GAP,7,584,520,-28928,-26880,584,520,587,522,false
GAP,240,2332,520,194816,-26880,2232,520,2333,613,false
GAP,2,578,522,-29696,-26624,578,522,578,523,false
GAP,4,584,523,-28928,-26496,584,523,585,525,false
GAP,1,579,524,-29568,-26368,579,524,579,524,false
GAP,1,580,525,-29440,-26240,580,525,580,525,false
GAP,1,588,525,-28416,-26240,588,525,588,525,false
GAP,1,581,526,-29312,-26112,581,526,581,526,false
GAP,1,589,526,-28288,-26112,589,526,589,526,false
T059,5410,1722,526,116736,-26112,1698,526,1782,631,false
GAP,1,582,527,-29184,-25984,582,527,582,527,false
GAP,3,1066,528,32768,-25856,1066,528,1067,529,false
T057,4691,1070,529,33280,-25728,1016,529,1175,597,false
T083,7602,2287,531,189056,-25472,2202,531,2306,679,false
T058,3784,1696,532,113408,-25344,1649,532,1719,604,false
T065,17114,1800,534,126720,-25088,1777,534,1994,653,false
T052,2307,845,535,4480,-24960,761,535,862,570,false
T076,7001,584,536,-28928,-24832,460,536,597,665,false
T056,3229,1630,536,104960,-24832,1557,536,1657,585,false
GAP,6,601,538,-26752,-24576,599,538,601,540,false
T105,32109,2735,538,246400,-24576,2687,538,2894,765,false
T048,1,979,539,21632,-24448,979,539,979,539,false
T067,5222,726,543,-10752,-23936,712,543,799,654,false
T054,3660,1404,544,76032,-23808,1366,544,1585,581,false
GAP,1425,594,546,-27648,-23552,524,546,621,713,false
T055,318,1263,549,57984,-23168,1250,549,1272,575,false
T064,4656,909,550,12672,-23040,843,550,934,632,false
T077,16983,1992,550,151296,-23040,1972,550,2143,689,false
T062,4662,1324,552,65792,-22784,1292,552,1513,631,false
T072,2649,1273,561,59264,-21632,1256,561,1318,632,false
T094,28773,2686,561,240128,-21632,2404,561,2702,724,false
T061,872,1247,562,55936,-21504,1216,562,1256,594,false
T078,5537,935,563,16000,-21376,906,563,998,679,false
GAP,6,1485,564,86400,-21248,1485,564,1487,566,false
T070,408,610,565,-25600,-21120,608,565,629,618,false
T080,3542,800,565,-1280,-21120,800,565,867,655,false
T081,6109,1014,567,26112,-20864,1004,567,1195,656,false
GAP,1,1515,569,90240,-20608,1515,569,1515,569,false
T090,4195,785,570,-3200,-20480,754,570,816,706,false
T093,7741,1003,573,24704,-20096,963,573,1129,690,false
T066,1430,1513,574,89984,-19968,1484,574,1568,607,false
T063,473,1092,575,36096,-19840,1085,575,1121,598,false
T069,1979,1646,576,107008,-19712,1563,576,1653,608,false
T074,3780,1349,577,68992,-19584,1322,577,1429,630,false
T101,10316,671,578,-17792,-19456,615,578,721,739,false
GAP,9,1082,578,34816,-19456,1082,578,1086,579,false
T079,1540,1215,584,51840,-18688,1215,584,1267,641,false
T114,10107,2340,584,195840,-18688,2247,584,2358,751,false
T088,3371,1318,587,65024,-18304,1292,587,1411,645,false
T068,78,1194,588,49152,-18176,1191,588,1200,597,false
T082,2368,1483,592,86144,-17664,1471,592,1562,637,false
T085,2779,1713,595,115584,-17280,1652,595,1756,632,false
T075,231,1467,596,84096,-17152,1453,596,1472,612,false
T119,8677,596,597,-27392,-17024,526,597,618,740,false
T086,2068,1580,598,98560,-16896,1562,598,1653,631,false
T092,1235,1473,609,84864,-15488,1465,609,1518,651,false
T103,8718,1854,609,133632,-15488,1690,609,1881,701,false
T087,164,1455,611,82560,-15232,1447,611,1467,626,false
T084,4,1165,613,45440,-14976,1165,613,1166,614,false
GAP,1,1461,613,83328,-14976,1461,613,1461,613,false
GAP,1,1164,614,45312,-14848,1164,614,1164,614,false
GAP,8,1453,614,82304,-14848,1450,614,1453,617,false
T095,2053,1561,614,96128,-14848,1522,614,1604,652,false
GAP,1,1165,615,45440,-14720,1165,615,1165,615,false
T089,189,620,616,-24320,-14592,594,616,623,631,false
GAP,1,623,616,-23936,-14592,623,616,623,616,false
T116,6891,895,617,10880,-14464,843,617,947,724,false
GAP,1,623,618,-23936,-14336,623,618,623,618,false
T096,456,625,618,-23680,-14336,608,618,638,655,false
GAP,1,628,618,-23296,-14336,628,618,628,618,false
GAP,7,1449,618,81792,-14336,1448,618,1449,622,false
T156,31642,2387,618,201856,-14336,2353,618,2610,819,false
GAP,1,619,619,-24448,-14208,619,619,619,619,false
GAP,2,624,619,-23808,-14208,624,619,624,620,false
GAP,3,2391,619,202368,-14208,2391,619,2393,619,false
GAP,2,1489,620,86912,-14080,1489,620,1490,620,false
GAP,6,2394,620,202752,-14080,2394,620,2398,621,false
GAP,1,596,621,-27392,-13952,596,621,596,621,false
T091,176,1457,621,82816,-13952,1448,621,1466,634,false
T097,2588,1756,621,121088,-13952,1655,621,1756,659,false
GAP,1,599,622,-27008,-13824,599,622,599,622,false
GAP,5,622,622,-24064,-13824,620,622,623,623,false
GAP,671,2399,622,203392,-13824,2399,622,2797,759,false
GAP,1,594,624,-27648,-13568,594,624,594,624,false
GAP,1,596,624,-27392,-13568,596,624,596,624,false
GAP,318,616,624,-24832,-13568,598,624,622,645,false
GAP,1,1450,624,81920,-13568,1450,624,1450,624,false
GAP,52,779,625,-3968,-13440,748,625,779,637,false
GAP,7,593,626,-27776,-13312,592,626,593,630,false
GAP,1,595,626,-27520,-13312,595,626,595,626,false
T112,3213,777,627,-4224,-13184,710,627,778,711,false
T099,1940,1180,627,47360,-13184,1132,627,1205,671,false
T104,1409,1292,627,61696,-13184,1267,627,1301,692,false
GAP,2,595,628,-27520,-13056,595,628,595,629,false
GAP,1,1500,628,88320,-13056,1500,628,1500,628,false
T118,8155,1880,628,136960,-13056,1877,628,1994,729,false
T100,1385,1418,629,77824,-12928,1410,629,1465,668,false
T115,3091,1605,629,101760,-12928,1592,629,1659,711,false
GAP,7,1606,629,101888,-12928,1606,629,1612,629,false
GAP,1,596,630,-27392,-12800,596,630,596,630,false
GAP,324,818,630,1024,-12800,816,630,865,728,false
GAP,1,597,631,-27264,-12672,597,631,597,631,false
GAP,1,632,631,-22784,-12672,632,631,632,631,false
GAP,2,1506,631,89088,-12672,1506,631,1507,631,false
T098,859,1616,631,103168,-12672,1615,631,1656,655,false
GAP,11,634,632,-22528,-12544,634,632,638,635,false
T109,2830,819,632,1152,-12544,774,632,864,698,false
GAP,161,1147,632,43136,-12544,1087,632,1147,711,false
GAP,1,1509,632,89472,-12544,1509,632,1509,632,false
T110,1766,1240,633,55040,-12416,1236,633,1280,697,false
GAP,11,1510,633,89600,-12416,1510,633,1517,636,false
GAP,53,815,634,640,-12288,793,634,815,657,false
GAP,3,1518,637,90624,-11904,1518,637,1519,638,false
GAP,32,746,638,-8192,-11776,730,638,747,649,false
T117,6567,1520,638,90880,-11776,1474,638,1600,721,false
GAP,1946,638,639,-22016,-11648,607,639,645,715,false
T106,1611,1334,639,67072,-11648,1297,639,1353,681,false
T102,1589,1340,639,67840,-11648,1340,639,1421,675,false
GAP,1,1517,639,90496,-11648,1517,639,1517,639,false
T107,2642,2160,639,172800,-11648,2131,639,2201,689,false
GAP,2,1515,640,90240,-11520,1515,640,1516,640,false
T124,6933,2128,641,168704,-11392,1986,641,2142,737,false
GAP,2,609,646,-25728,-10752,609,646,609,647,false
GAP,1,1538,646,93184,-10752,1538,646,1538,646,false
T121,4442,472,647,-43264,-10624,462,647,534,734,false
GAP,5,606,647,-26112,-10624,606,647,606,651,false
GAP,1,1540,647,93440,-10624,1540,647,1540,647,false
T132,9695,962,648,19456,-10496,943,648,1050,763,false
GAP,1,1542,648,93696,-10496,1542,648,1542,648,false
GAP,1,1545,649,94080,-10368,1545,649,1545,649,false
GAP,3,1597,649,100736,-10368,1596,649,1597,650,false
GAP,3,1546,650,94208,-10240,1546,650,1548,650,false
T113,522,1468,651,84224,-10112,1466,651,1487,690,false
GAP,1,1551,651,94848,-10112,1551,651,1551,651,false
T123,4666,1151,652,43648,-9984,1096,652,1188,733,false
GAP,1,1554,652,95232,-9984,1554,652,1554,652,false
T108,141,636,654,-22272,-9728,634,654,644,674,false
GAP,362,1451,656,82048,-9472,1435,656,1457,677,false
T125,2581,1655,657,108160,-9344,1653,657,1699,745,false
GAP,2,792,658,-2304,-9216,792,658,792,659,false
T130,1638,1177,658,46976,-9216,1136,658,1205,735,false
GAP,999,1415,658,77440,-9216,1361,658,1425,682,false
T111,227,1427,659,78976,-9088,1419,659,1437,682,false
T163,14267,1849,660,132992,-8960,1763,660,1928,818,false
GAP,3,791,661,-2432,-8832,791,661,791,663,false
T122,1093,1302,663,62976,-8576,1293,663,1324,716,false
GAP,1,792,664,-2304,-8448,792,664,792,664,false
GAP,8,1427,664,78976,-8448,1427,664,1429,667,false
GAP,2,793,665,-2176,-8320,793,665,794,665,false
GAP,1,645,666,-21120,-8192,645,666,645,666,false
GAP,4,642,667,-21504,-8064,642,667,644,668,false
T136,3430,1078,667,34304,-8064,1043,667,1093,761,false
T120,305,1458,668,82944,-7936,1436,668,1472,686,false
GAP,1,1599,669,100992,-7808,1599,669,1599,669,false
GAP,37,1357,671,70016,-7552,1355,671,1359,680,false
GAP,1,1435,671,80000,-7552,1435,671,1435,671,false
GAP,1,1434,672,79872,-7424,1434,672,1434,672,false
T184,18005,2200,672,177920,-7424,2126,672,2322,831,false
GAP,17,1362,674,70656,-7168,1362,674,1365,679,false
T128,5194,1364,674,70912,-7168,1320,674,1484,719,false
GAP,2,1433,674,79744,-7168,1433,674,1433,675,false
GAP,1,1435,675,80000,-7040,1435,675,1435,675,false
T165,9270,1698,675,113664,-7040,1678,675,1804,787,false
GAP,4,1419,676,77952,-6912,1419,676,1421,677,false
GAP,17,1419,681,77952,-6272,1419,681,1423,685,false
GAP,1,1424,681,78592,-6272,1424,681,1424,681,false
GAP,1,1424,683,78592,-6016,1424,683,1424,683,false
GAP,1,1488,685,86784,-5760,1488,685,1488,685,false
T126,546,828,686,2304,-5632,811,686,843,709,false
T168,2957,708,687,-13056,-5504,641,687,725,780,false
T131,365,809,689,-128,-5248,797,689,821,717,false
T127,115,1220,690,52480,-5120,1214,690,1227,701,false
T197,5970,1292,690,61696,-5120,1283,690,1356,857,false
GAP,1,1592,690,100096,-5120,1592,690,1592,690,false
GAP,1,1590,692,99840,-4864,1590,692,1590,692,false
T174,5487,1273,693,59264,-4736,1222,693,1301,789,false
T162,5653,1591,693,99968,-4736,1572,693,1672,771,false
T129,106,84,694,-92928,-4608,81,694,93,703,false
T134,350,794,694,-2048,-4608,784,694,807,724,false
T142,565,1095,694,36480,-4608,1085,694,1109,731,false
T135,428,782,696,-3584,-4352,758,696,787,721,false
T153,3308,1542,696,93696,-4352,1504,696,1580,761,false
GAP,57,799,697,-1408,-4224,798,697,817,725,false
GAP,1,1616,697,103168,-4224,1616,697,1616,697,false
T172,9856,1985,697,150400,-4224,1923,697,2101,787,false
T133,261,1212,699,51456,-3968,1205,699,1236,710,false
T139,287,838,700,3584,-3840,822,700,842,727,false
T140,250,844,702,4352,-3584,836,702,852,722,false
GAP,1,1530,702,92160,-3584,1530,702,1530,702,false
GAP,1,1232,703,54016,-3456,1232,703,1232,703,false
T141,424,1203,704,50304,-3328,1171,704,1204,723,false
GAP,1,1528,704,91904,-3328,1528,704,1528,704,false
GAP,1,1639,704,106112,-3328,1639,704,1639,704,false
GAP,1,1527,705,91776,-3200,1527,705,1527,705,false
T161,929,523,706,-36736,-3072,499,706,532,757,false
GAP,1,1526,706,91648,-3072,1526,706,1526,706,false
T191,18007,2627,706,232576,-3072,2583,706,2817,864,false
T181,1972,726,707,-10752,-2944,685,707,734,782,false
T149,658,955,707,18560,-2944,947,707,974,738,false
T159,3052,1397,707,75136,-2944,1394,707,1474,761,false
GAP,1,517,708,-37504,-2816,517,708,517,708,false
T143,225,853,708,5504,-2816,853,708,872,729,false
T144,558,923,708,14464,-2816,901,708,942,728,false
GAP,6005,1200,708,49920,-2816,1144,708,1301,867,false
T176,1984,754,709,-7168,-2688,729,709,772,777,false
T148,374,787,709,-2944,-2688,769,709,800,730,false
T193,10521,1483,709,86144,-2688,1460,709,1630,834,false
T145,70,851,710,5248,-2560,851,710,858,727,false
GAP,1,1386,710,73728,-2560,1386,710,1386,710,false
T155,2088,1388,710,73984,-2560,1319,710,1398,745,false
T171,583,943,712,17024,-2304,935,712,956,754,false
T138,3,1472,713,84736,-2176,1472,713,1473,714,false
T146,109,819,714,1152,-2048,810,714,823,725,false
GAP,4,1472,714,84736,-2048,1472,714,1472,717,false
T147,47,1169,715,45952,-1920,1163,715,1171,723,false
T192,9228,2125,715,168320,-1920,1983,715,2163,809,false
GAP,580,1087,716,35456,-1792,936,716,1153,913,false
T164,716,898,717,11264,-1664,894,717,924,754,false
T180,750,763,719,-6016,-1408,761,719,783,772,false
T186,1845,890,720,10240,-1280,876,720,929,789,false
T150,68,808,721,-256,-1152,806,721,818,731,false
GAP,1,508,722,-38656,-1024,508,722,508,722,false
T152,136,850,723,5120,-896,837,723,852,733,false
T170,442,864,723,6912,-896,861,723,889,749,false
T188,4194,1177,723,46976,-896,1100,723,1198,809,false
T160,150,804,724,-768,-768,800,724,816,739,false
T167,224,834,725,3072,-640,823,725,838,745,false
GAP,31,853,726,5504,-512,850,726,854,746,false
T157,91,919,726,13952,-512,919,726,936,734,false
T185,2940,1085,726,35200,-512,1077,726,1154,803,false
T179,897,780,728,-3840,-256,777,728,805,769,false
T158,66,820,728,1280,-256,817,728,826,736,false
T166,117,861,729,6528,-128,853,729,864,740,false
T169,113,848,732,4864,256,838,732,851,742,false
T173,326,921,733,14208,384,920,733,936,756,false
T175,341,814,735,512,640,805,735,828,755,false
GAP,1,1578,738,98304,1024,1578,738,1578,738,false
GAP,16,846,740,4608,1280,841,740,849,744,false
T178,76,850,740,5120,1280,845,740,853,752,false
T177,61,854,741,5632,1408,854,741,861,750,false
T190,3524,1328,741,66304,1408,1328,741,1403,808,false
GAP,182,891,742,10368,1536,853,742,892,797,false
GAP,1,1395,742,74880,1536,1395,742,1395,742,false
GAP,1,690,743,-15360,1664,690,743,690,743,false
T182,200,839,743,3712,1664,831,743,849,758,false
T183,189,891,745,10368,1920,859,745,891,760,false
GAP,54,828,746,2304,2048,828,746,852,759,false
T198,4950,1674,746,110592,2048,1661,746,1776,831,false
T189,2650,825,748,1920,2304,776,748,867,797,false
T194,3529,1404,749,76032,2432,1395,749,1469,806,false
GAP,1,733,750,-9856,2560,733,750,733,750,false
GAP,1,1578,750,98304,2560,1578,750,1578,750,false
T200,6971,1080,753,34560,2944,920,753,1083,844,false
T196,1506,870,754,7680,3072,839,754,890,805,false
T187,1414,929,755,15232,3200,925,755,1008,780,false
T227,30315,2906,759,268288,3712,2717,759,2950,981,false
GAP,5683,664,762,-18688,4096,627,762,757,886,false
T206,7679,606,763,-26112,4224,522,763,645,865,false
T195,1052,1621,765,103808,4480,1620,765,1669,798,false
T222,28891,2583,766,226944,4608,2381,766,2683,930,false
GAP,1,688,770,-15616,5120,688,770,688,770,false
T202,2506,686,772,-15872,5376,662,772,723,833,false
T205,6981,773,772,-4736,5376,719,772,877,854,false
T201,4391,1820,772,129280,5376,1764,772,1875,845,false
T199,2526,1931,773,143488,5504,1897,773,1988,817,false
GAP,1,726,779,-10752,6272,726,779,726,779,false
T207,5267,1221,781,52608,6528,1204,781,1299,860,false
T203,880,893,783,10624,6784,868,783,906,824,false
T208,2371,1073,787,33664,7296,979,787,1077,855,false
T204,1206,919,788,13952,7424,901,788,941,828,false
T243,10283,1631,789,105088,7552,1598,789,1714,952,false
GAP,1,673,790,-17536,7680,673,790,673,790,false
T217,5906,1098,792,36864,7936,1003,792,1130,894,false
T210,3701,2326,793,194048,8064,2254,793,2349,853,false
GAP,2,2324,796,193792,8448,2324,796,2325,796,false
GAP,4,885,798,9600,8704,885,798,886,800,false
GAP,230,1669,800,109952,8960,1668,800,1785,847,false
T214,2748,2021,800,155008,8960,1984,800,2063,882,false
T213,3386,1974,801,148992,9088,1899,801,1992,864,false
T211,2039,1469,802,84352,9216,1417,802,1479,850,false
T242,14835,1484,802,86272,9216,1457,802,1608,951,false
GAP,9,880,804,8960,9472,878,804,881,807,false
GAP,19,1371,804,71808,9472,1371,804,1384,805,false
T224,14439,2089,804,163712,9472,2009,804,2201,903,false
T218,3093,1131,805,41088,9600,1090,805,1161,878,false
T212,2655,1364,805,70912,9600,1351,805,1440,850,false
GAP,6,1154,806,44032,9728,1154,806,1156,808,false
GAP,13,1356,806,69888,9728,1353,806,1361,808,false
GAP,22,1400,806,75520,9728,1395,806,1411,807,false
T209,1313,1752,807,120576,9856,1684,807,1774,835,false
T215,2607,1874,807,136192,9856,1823,807,1895,863,false
GAP,5,1420,810,78080,10240,1420,810,1421,812,false
T219,2538,2253,812,184704,10496,2196,812,2267,864,false
GAP,2,2254,812,184832,10496,2254,812,2255,812,false
T216,1079,1775,815,123520,10880,1771,815,1829,858,false
T228,8961,898,817,11264,11136,806,817,953,918,false
T225,1956,1897,820,139136,11520,1882,820,1925,893,false
T231,3037,1200,824,49920,12032,1185,824,1239,906,false
GAP,6,755,826,-7040,12288,755,826,757,828,false
T226,5234,1742,826,119296,12288,1681,826,1789,901,false
T245,10107,624,827,-23808,12416,579,827,738,946,false
T229,2270,978,829,21504,12672,944,829,998,895,false
GAP,1,2200,829,177920,12672,2200,829,2200,829,false
T230,4676,757,830,-6784,12800,709,830,807,894,false
GAP,22106,1892,830,138496,12800,1494,830,1970,1214,false
T269,35174,2710,830,243200,12800,2457,830,2824,1028,false
GAP,3,2724,830,244992,12800,2724,830,2725,831,false
GAP,2,1416,832,77568,13056,1416,832,1416,833,false
GAP,1,604,834,-26368,13312,604,834,604,834,false
T241,3250,1678,835,111104,13440,1652,835,1714,920,false
T244,4275,1923,837,142464,13696,1898,837,1989,928,false
T236,4044,2350,838,197120,13824,2259,838,2355,935,false
GAP,1,600,839,-26880,13952,600,839,600,839,false
T220,268,1162,839,45056,13952,1159,839,1184,855,false
T246,8835,1354,839,69632,13952,1305,839,1425,937,false
GAP,3,1187,840,48256,14080,1186,840,1187,841,false
T250,5589,1294,842,61952,14336,1256,842,1341,964,false
T238,3270,1441,842,80768,14336,1419,842,1483,922,false
T237,1733,1240,843,55040,14464,1232,843,1275,911,false
T235,3377,1521,845,91008,14720,1495,845,1567,903,false
T223,128,1184,846,47872,14848,1183,846,1196,861,false
T233,717,1175,847,46720,14976,1166,847,1196,886,false
GAP,7,1469,847,84352,14976,1469,847,1474,848,false
GAP,1,1160,848,44800,15104,1160,848,1160,848,false
GAP,12,1181,848,47488,15104,1181,848,1184,851,false
GAP,1,1478,849,85504,15232,1478,849,1478,849,false
GAP,1,1162,850,45056,15360,1162,850,1162,850,false
T232,204,1161,855,44928,16000,1147,855,1170,869,false
GAP,1,1167,855,45696,16000,1167,855,1167,855,false
T240,1782,1001,857,24448,16256,988,857,1047,897,false
GAP,60,1192,857,48896,16256,1192,857,1201,863,false
T254,7576,2266,857,186368,16256,2173,857,2280,983,false
GAP,1,580,858,-29440,16384,580,858,580,858,false
GAP,1,1187,862,48256,16896,1187,862,1187,862,false
GAP,1,1192,863,48896,17024,1192,863,1192,863,false
GAP,2,1190,864,48640,17152,1190,864,1190,865,false
GAP,1,1192,865,48896,17280,1192,865,1192,865,false
T239,368,1146,866,43008,17408,1108,866,1147,887,false
GAP,1,1150,868,43520,17664,1150,868,1150,868,false
GAP,1,1173,868,46464,17664,1173,868,1173,868,false
T256,13217,810,869,0,17792,732,869,927,973,false
GAP,1,1130,869,40960,17792,1130,869,1130,869,false
T249,2972,2348,869,196864,17792,2285,869,2371,926,false
T234,2,2354,869,197632,17792,2354,869,2354,870,false
T304,41480,2918,872,269824,18176,2739,872,2972,1172,false
T268,10471,986,879,22528,19072,896,879,1032,1007,false
T259,4012,1983,879,150144,19072,1959,879,2069,1000,false
T263,11648,2010,880,153600,19200,2008,880,2170,1001,false
T252,4542,1111,881,38528,19328,1008,881,1133,955,false
T247,323,1192,881,48896,19328,1173,881,1201,898,false
T248,464,1854,884,133632,19712,1840,884,1865,911,false
T255,2293,1742,891,119296,20608,1707,891,1778,964,false
T276,15325,2372,895,199936,21120,2270,895,2422,1050,false
T253,986,1200,897,49920,21376,1189,897,1258,928,false
T266,6318,1172,898,46336,21504,1140,898,1315,990,false
T251,2,2170,902,174080,22016,2170,902,2171,902,false
T280,9095,2172,902,174336,22016,2125,902,2253,1050,false
T262,2571,1904,905,140032,22400,1875,905,1957,957,false
GAP,1,1455,906,82560,22528,1455,906,1455,906,false
GAP,1,1454,907,82432,22656,1454,907,1454,907,false
GAP,1,1453,908,82304,22784,1453,908,1453,908,false
T265,2949,1454,908,82432,22784,1406,908,1475,967,false
GAP,1,1452,909,82176,22912,1452,909,1452,909,false
T261,1510,1957,913,146816,23424,1936,913,1999,961,false
GAP,206,933,914,15744,23552,860,914,935,1007,false
GAP,1,1438,916,80384,23808,1438,916,1438,916,false
T267,2817,1073,922,33664,24576,1039,922,1117,978,false
T270,3196,1331,922,66688,24576,1318,922,1406,974,false
T303,7739,2292,924,189696,24832,2237,924,2356,1108,false
GAP,9,2454,924,210432,24832,2454,924,2455,928,false
GAP,1,1414,926,77312,25088,1414,926,1414,926,false
T277,5010,1730,928,117760,25344,1692,928,1791,1031,false
T258,1,2453,931,210304,25728,2453,931,2453,931,false
T260,1,2456,932,210688,25856,2456,932,2456,932,false
T264,2,735,936,-9600,26368,735,936,735,937,false
T274,1585,736,937,-9472,26496,724,937,762,1004,false
T290,4066,1982,941,150016,27008,1874,941,1996,1060,false
T288,21638,1470,942,84480,27136,1470,942,1721,1098,false
T273,1597,1828,945,130304,27520,1811,945,1857,996,false
T278,1696,1990,948,151040,27904,1979,948,2033,1014,false
T289,7039,764,951,-5888,28288,764,951,873,1062,false
T279,2383,1039,951,29312,28288,1025,951,1085,1008,false
T272,809,1150,952,43520,28416,1150,952,1223,976,false
T282,5320,1937,955,144256,28800,1870,955,1969,1028,false
T283,1850,1154,960,44032,29440,1141,960,1190,1022,false
T285,8163,1399,960,75392,29440,1353,960,1477,1055,false
T275,298,1775,960,123520,29440,1769,960,1779,998,false
GAP,7,1987,963,150656,29824,1986,963,1987,966,false
T286,4915,1261,965,57728,30080,1224,965,1341,1039,false
T296,4255,1809,965,127872,30080,1776,965,1855,1076,false
T284,3097,891,966,10368,30208,856,966,935,1029,false
T281,1323,1318,969,65024,30592,1309,969,1368,1000,false
T298,6821,1478,969,85504,30592,1467,969,1593,1074,false
T292,1994,1858,973,134144,31104,1837,973,1872,1057,false
T287,2483,1209,975,51072,31360,1178,975,1231,1038,false
GAP,29,1075,977,33920,31616,1070,977,1075,983,false
T302,4867,2035,980,156800,32000,1933,980,2067,1075,false
T308,15815,2122,989,167936,33152,2014,989,2206,1113,false
T313,12416,935,990,16000,33280,850,990,989,1130,false
T306,4803,1006,992,25088,33536,981,992,1034,1109,false
GAP,45,1332,994,66816,33792,1330,994,1343,1009,false
T317,24971,2665,995,237440,33920,2508,995,2758,1188,false
T318,17826,2437,996,208256,34048,2328,996,2541,1136,false
T297,1709,1368,999,71424,34432,1328,999,1382,1042,false
GAP,1,2067,1002,160896,34816,2067,1002,2067,1002,false
T299,2969,1027,1006,27776,35328,1024,1006,1105,1056,false
T319,10953,1735,1006,118400,35328,1677,1006,1784,1142,false
GAP,7,1785,1009,124800,35712,1784,1009,1785,1012,false
GAP,92,1338,1010,67584,35840,1326,1010,1345,1049,false
T300,1284,1142,1011,42496,35968,1136,1011,1204,1046,false
T307,2785,1235,1012,54400,36096,1208,1012,1280,1109,false
GAP,6,1985,1018,150400,36864,1984,1018,1987,1019,false
T312,3436,1875,1020,136320,37120,1843,1020,1953,1091,false
GAP,1,857,1027,6016,38016,857,1027,857,1027,false
T301,99,1106,1027,37888,38016,1105,1027,1117,1036,false
GAP,1,2758,1027,249344,38016,2758,1027,2758,1027,false
T328,9781,1323,1029,65664,38272,1239,1029,1353,1171,false
T322,3748,1790,1030,125440,38400,1778,1030,1836,1133,false
T314,3201,1381,1031,73088,38528,1337,1031,1442,1101,false
T316,1685,2198,1037,177664,39296,2193,1037,2238,1091,false
T309,344,1144,1041,42752,39808,1139,1041,1158,1064,false
T305,293,1153,1041,43904,39808,1153,1041,1178,1057,false
T324,3231,1198,1041,49664,39808,1195,1041,1244,1142,false
T311,474,1136,1043,41728,40064,1108,1043,1139,1071,false
T325,3357,1188,1043,48384,40064,1142,1043,1205,1134,false
GAP,5,1143,1044,42624,40192,1142,1044,1143,1046,false
GAP,3152,1346,1050,68608,40960,1310,1050,1415,1129,false
T320,2392,1039,1052,29312,41216,1020,1052,1098,1103,false
T310,90,1100,1052,37120,41216,1092,1052,1108,1058,false
T326,7513,1462,1053,83456,41344,1409,1053,1534,1148,false
T349,16956,2014,1057,154112,41856,1971,1057,2102,1233,false
T315,199,1092,1059,36096,42112,1091,1059,1108,1074,false
GAP,2,1112,1059,38656,42112,1112,1059,1113,1059,false
T334,12688,1593,1060,100224,42240,1510,1060,1735,1157,false
T323,2032,1145,1063,42880,42624,1104,1063,1157,1116,false
T331,6137,1932,1070,143616,43520,1864,1070,1994,1153,false
T321,228,1100,1071,37120,43648,1093,1071,1105,1097,false
T344,10506,2330,1073,194560,43904,2256,1073,2469,1183,false
T393,65597,3002,1076,280576,44288,2791,1076,3099,1475,false
T329,2228,1838,1077,131584,44416,1832,1077,1902,1137,false
T330,2963,861,1078,6528,44544,840,1078,910,1144,false
GAP,1,1411,1085,76928,45440,1411,1085,1411,1085,false
T350,20653,2207,1085,178816,45440,2096,1085,2293,1222,false
T340,3130,1408,1087,76544,45696,1366,1087,1441,1161,false
T337,1704,1103,1096,37504,46848,1058,1096,1115,1147,false
T333,1313,1046,1097,30208,46976,990,1097,1066,1127,false
GAP,263,1241,1103,55168,47744,1176,1103,1305,1173,false
T342,1530,1205,1106,50560,48128,1159,1106,1222,1146,false
T332,58,1342,1108,68096,48384,1342,1108,1351,1114,false
T335,89,1126,1109,40448,48512,1126,1109,1136,1119,false
GAP,1,1106,1110,37888,48640,1106,1110,1106,1110,false
T401,61791,2737,1110,246656,48640,2518,1110,2829,1417,false
T360,11874,905,1113,12160,49024,837,1113,989,1329,false
T339,382,1352,1113,69376,49024,1339,1113,1361,1136,false
T338,581,1830,1113,130560,49024,1798,1113,1852,1135,false
GAP,5,1345,1114,68480,49152,1344,1114,1347,1115,false
T345,5673,990,1116,23040,49408,940,1116,1110,1175,false
T336,85,1372,1116,71936,49408,1369,1116,1379,1125,false
T361,10535,1972,1117,148736,49536,1882,1117,1989,1277,false
T373,20537,2538,1118,221184,49664,2409,1118,2578,1296,false
T343,111,1338,1124,67584,50432,1326,1124,1340,1135,false
T351,2541,1362,1128,70656,50944,1356,1128,1431,1189,false
GAP,4,1490,1130,87040,51200,1490,1130,1491,1132,false
GAP,1,1847,1130,132736,51200,1847,1130,1847,1130,false
GAP,4,1357,1131,70016,51328,1356,1131,1357,1133,false
GAP,4,1844,1131,132352,51328,1844,1131,1844,1134,false
GAP,16,1322,1132,65536,51456,1322,1132,1327,1135,false
GAP,5,1494,1132,87552,51456,1494,1132,1495,1134,false
T346,947,1483,1133,86144,51584,1461,1133,1504,1165,false
GAP,1,1340,1134,67840,51712,1340,1134,1340,1134,false
GAP,579,1355,1134,69760,51712,1353,1134,1455,1353,false
T355,4190,1845,1134,132480,51712,1811,1134,1904,1232,false
GAP,1,1341,1135,67968,51840,1341,1135,1341,1135,false
GAP,1,1853,1139,133504,52352,1853,1139,1853,1139,false
T353,2150,1353,1140,69504,52480,1305,1140,1387,1191,false
T362,5802,2452,1140,210176,52480,2334,1140,2469,1241,false
T348,696,1204,1141,50432,52608,1180,1141,1218,1170,false
T354,3345,1233,1141,54144,52608,1202,1141,1285,1209,false
T352,507,1445,1146,81280,53248,1431,1146,1458,1181,false
GAP,1294,1456,1146,82688,53248,1450,1146,1476,1231,false
T347,125,1172,1147,46336,53376,1170,1147,1183,1157,false
GAP,27,1441,1147,80768,53376,1433,1147,1441,1161,false
GAP,16,2624,1148,232192,53504,2620,1148,2625,1157,false
T364,7845,1775,1150,123520,53760,1650,1150,1850,1268,false
T356,482,1465,1154,83840,54272,1459,1154,1483,1218,false
T357,2843,1500,1159,88320,54912,1478,1159,1576,1217,false
GAP,2,1432,1162,79616,55296,1432,1162,1432,1163,false
GAP,118,1474,1162,84992,55296,1472,1162,1482,1174,false
T363,2084,1701,1162,114048,55296,1650,1162,1712,1232,false
T358,1003,1431,1165,79488,55680,1397,1165,1448,1211,false
GAP,1,1432,1165,79616,55680,1432,1165,1432,1165,false
T378,10158,1638,1166,105984,55808,1501,1166,1665,1274,false
T359,1167,1286,1170,60928,56320,1274,1170,1319,1213,false
T375,1066,1454,1180,82432,57600,1433,1180,1460,1244,false
GAP,38,1446,1182,81408,57856,1438,1182,1449,1201,false
T397,7113,1002,1184,24576,58112,884,1184,1040,1352,false
T390,20976,1050,1184,30720,58112,933,1184,1189,1345,false
GAP,80,1321,1184,65408,58112,1302,1184,1346,1201,false
T365,703,1323,1185,65664,58240,1319,1185,1346,1219,false
T369,1432,1551,1186,94848,58368,1507,1186,1556,1228,false
T366,383,1318,1188,65024,58624,1298,1188,1320,1215,false
T367,586,1347,1188,68736,58624,1338,1188,1364,1221,false
GAP,22,1349,1188,68992,58624,1349,1188,1362,1190,false
GAP,24,1366,1190,71168,58880,1366,1190,1383,1192,false
T371,544,1389,1190,74112,58880,1376,1190,1396,1234,false
T395,3442,1851,1190,133248,58880,1822,1190,1880,1325,false
T368,593,1365,1191,71040,59008,1358,1191,1383,1225,false
T376,897,1398,1193,75264,59264,1387,1193,1421,1239,false
T394,11043,2292,1193,189696,59264,2222,1193,2353,1323,false
T377,1512,1185,1198,48000,59904,1139,1198,1195,1246,false
GAP,1,1362,1198,70656,59904,1362,1198,1362,1198,false
GAP,1,1479,1201,85632,60288,1479,1201,1479,1201,false
GAP,5,1486,1201,86528,60288,1485,1201,1487,1202,false
GAP,4,1146,1202,43008,60416,1146,1202,1149,1202,false
GAP,1,1180,1202,47360,60416,1180,1202,1180,1202,false
GAP,1,1301,1202,62848,60416,1301,1202,1301,1202,false
T370,71,1423,1202,78464,60416,1423,1202,1431,1215,false
GAP,1,1176,1204,46848,60672,1176,1204,1176,1204,false
GAP,1,1174,1205,46592,60800,1174,1205,1174,1205,false
T372,133,1195,1205,49280,60800,1193,1205,1213,1219,false
T387,6138,1756,1207,121088,61056,1690,1207,1810,1292,false
T379,601,1423,1208,78464,61184,1407,1208,1434,1241,false
GAP,3,1138,1209,41984,61312,1138,1209,1138,1211,false
GAP,1,1145,1209,42880,61312,1145,1209,1145,1209,false
T382,1611,1782,1209,124416,61312,1782,1209,1864,1267,false
T396,15468,2104,1209,165632,61312,2075,1209,2235,1324,false
GAP,1,1146,1210,43008,61440,1146,1210,1146,1210,false
T374,4,1508,1213,89344,61824,1508,1213,1510,1214,false
GAP,897,1196,1214,49408,61952,1186,1214,1217,1252,false
T391,1657,1504,1214,88832,61952,1473,1214,1542,1289,false
GAP,1,1339,1215,67712,62080,1339,1215,1339,1215,false
GAP,2,1144,1216,42752,62208,1144,1216,1144,1217,false
T385,2833,1234,1216,54272,62208,1227,1216,1307,1272,false
GAP,2,1338,1216,67584,62208,1338,1216,1338,1217,false
GAP,13,1683,1216,111744,62208,1682,1216,1686,1219,false
GAP,6,1686,1216,112128,62208,1686,1216,1688,1218,false
T383,1253,1214,1218,51712,62464,1207,1218,1244,1270,false
GAP,1,1230,1219,53760,62592,1230,1219,1230,1219,false
GAP,18,1680,1221,111360,62848,1680,1221,1688,1222,false
T406,15430,1971,1221,148608,62848,1955,1221,2093,1385,false
T399,2832,1652,1222,107776,62976,1599,1222,1674,1303,false
GAP,1,1679,1224,111232,63232,1679,1224,1679,1224,false
GAP,462,1676,1225,110848,63360,1638,1225,1682,1247,false
GAP,1,1680,1225,111360,63360,1680,1225,1680,1225,false
GAP,1,1681,1226,111488,63488,1681,1226,1681,1226,false
GAP,5,1684,1226,111872,63488,1684,1226,1686,1227,false
T400,3259,1896,1226,139008,63488,1869,1226,1918,1319,false
GAP,1,1682,1227,111616,63616,1682,1227,1682,1227,false
GAP,1,1239,1228,54912,63744,1239,1228,1239,1228,false
GAP,1,1683,1228,111744,63744,1683,1228,1683,1228,false
T381,211,1470,1229,84480,63872,1455,1229,1474,1245,false
GAP,1,1684,1229,111872,63872,1684,1229,1684,1229,false
T432,46700,2411,1230,204928,64000,2308,1230,2561,1579,false
T380,3,1649,1232,107392,64256,1648,1232,1649,1233,false
GAP,10,1458,1233,82944,64384,1456,1233,1461,1235,false
GAP,76,1158,1237,44544,64896,1151,1237,1183,1265,false
T384,104,1428,1237,79104,64896,1423,1237,1434,1253,false
T386,89,1436,1238,80128,65024,1432,1238,1444,1249,false
T392,1433,1157,1239,44416,65152,1152,1239,1225,1281,false
GAP,1,1438,1239,80384,65152,1438,1239,1438,1239,false
T388,200,1412,1241,77056,65408,1405,1241,1424,1256,false
T402,2378,1453,1241,82304,65408,1425,1241,1467,1310,false
T413,5173,1330,1242,66560,65536,1258,1242,1351,1371,false
GAP,1,1188,1247,48384,66176,1188,1247,1188,1247,false
T403,4872,1810,1247,128000,66176,1740,1247,1846,1329,false
T411,2398,1321,1248,65408,66304,1257,1248,1322,1342,false
T389,115,1394,1248,74752,66304,1387,1248,1404,1258,false
GAP,4,1644,1249,106752,66432,1644,1249,1647,1249,false
T407,3697,1689,1251,112512,66688,1650,1251,1743,1336,false
T412,3066,1378,1252,72704,66816,1345,1252,1383,1373,false
T408,3002,1382,1253,73216,66944,1374,1253,1425,1345,false
T398,481,1424,1253,78592,66944,1399,1253,1425,1292,false
GAP,4,1406,1254,76288,67072,1405,1254,1407,1255,false
GAP,1,1413,1256,77184,67328,1413,1256,1413,1256,false
GAP,38,1402,1257,75776,67456,1395,1257,1411,1272,false
GAP,1,1392,1259,74496,67712,1392,1259,1392,1259,false
T409,2943,1918,1261,141824,67968,1908,1261,1964,1337,false
T423,5610,1594,1262,100352,68096,1488,1262,1616,1385,false
GAP,1,1222,1263,52736,68224,1222,1263,1222,1263,false
GAP,1,1223,1264,52864,68352,1223,1264,1223,1264,false
GAP,1,1269,1265,58752,68480,1269,1265,1269,1265,false
T404,2317,1263,1266,57984,68608,1191,1266,1294,1311,false
T414,3367,1849,1268,132992,68864,1725,1268,1864,1386,false
GAP,1,1258,1269,57344,68992,1258,1269,1258,1269,false
GAP,7,1283,1270,60544,69120,1283,1270,1287,1271,false
GAP,5,1287,1273,61056,69504,1286,1273,1287,1275,false
T405,1,2590,1286,227840,71168,2590,1286,2590,1286,false
T417,7373,1647,1289,107136,71552,1529,1289,1673,1377,false
T410,955,1190,1290,48640,71680,1183,1290,1226,1318,false
T418,1684,1227,1291,53376,71808,1210,1291,1266,1379,false
GAP,1,1247,1294,55936,72192,1247,1294,1247,1294,false
T429,17507,2325,1296,193920,72448,2201,1296,2353,1471,false
GAP,1,1254,1298,56832,72704,1254,1298,1254,1298,false
GAP,1,1255,1299,56960,72832,1255,1299,1255,1299,false
GAP,1,1256,1300,57088,72960,1256,1300,1256,1300,false
GAP,1,1257,1301,57216,73088,1257,1301,1257,1301,false
T416,1949,1237,1302,54656,73216,1196,1302,1252,1377,false
T419,1989,886,1306,9728,73728,791,1306,889,1367,false
T415,2287,1427,1307,78976,73856,1405,1307,1477,1357,false
T422,2725,1182,1310,47616,74240,1154,1310,1214,1408,false
GAP,1,1219,1310,52352,74240,1219,1310,1219,1310,false
GAP,5,1217,1311,52096,74368,1217,1311,1218,1314,false
GAP,2,1253,1311,56704,74368,1253,1311,1253,1312,false
T426,11837,2951,1311,274048,74368,2818,1311,3007,1421,false
GAP,78,2353,1312,197504,74496,2336,1312,2353,1359,false
GAP,6,865,1314,7040,74752,864,1314,865,1317,false
GAP,6,1202,1315,50176,74880,1202,1315,1207,1315,false
GAP,1,1259,1315,57472,74880,1259,1315,1259,1315,false
GAP,5,1209,1316,51072,75008,1209,1316,1212,1317,false
GAP,6,1894,1316,138752,75008,1894,1316,1896,1318,false
GAP,8,1219,1317,52352,75136,1216,1317,1220,1319,false
T428,15334,2148,1317,171264,75136,2060,1317,2228,1445,false
GAP,1,1197,1318,49536,75264,1197,1318,1197,1318,false
GAP,2,1213,1318,51584,75264,1213,1318,1214,1318,false
GAP,3,1257,1318,57216,75264,1257,1318,1257,1320,false
GAP,13,868,1319,7424,75392,868,1319,873,1321,false
GAP,4,1196,1319,49408,75392,1196,1319,1196,1322,false
GAP,1,2561,1319,224128,75392,2561,1319,2561,1319,false
T427,3417,1820,1320,129280,75520,1723,1320,1829,1410,false
T420,3539,1899,1320,139392,75520,1862,1320,1960,1377,false
GAP,11,1257,1324,57216,76032,1257,1324,1260,1331,false
GAP,8,837,1325,3456,76160,837,1325,841,1327,false
GAP,1,1197,1325,49536,76160,1197,1325,1197,1325,false
GAP,3,1824,1326,129792,76288,1824,1326,1824,1328,false
GAP,1,1200,1327,49920,76416,1200,1327,1200,1327,false
GAP,22,850,1328,5120,76544,848,1328,854,1332,false
GAP,1,857,1329,6016,76672,857,1329,857,1329,false
GAP,2,1237,1332,54656,77056,1237,1332,1238,1332,false
GAP,1,1382,1332,73216,77056,1382,1332,1382,1332,false
T421,576,1383,1332,73344,77056,1363,1332,1402,1367,false
GAP,1,1205,1333,50560,77184,1205,1333,1205,1333,false
GAP,1,1262,1333,57856,77184,1262,1333,1262,1333,false
GAP,1,1263,1335,57984,77440,1263,1335,1263,1335,false
GAP,1,1204,1336,50432,77568,1204,1336,1204,1336,false
GAP,1,1388,1336,73984,77568,1388,1336,1388,1336,false
GAP,1,1381,1337,73088,77696,1381,1337,1381,1337,false
GAP,1,1344,1338,68352,77824,1344,1338,1344,1338,false
GAP,3,1389,1338,74112,77824,1389,1338,1390,1339,false
GAP,1,1233,1340,54144,78080,1233,1340,1233,1340,false
GAP,1,1391,1340,74368,78080,1391,1340,1391,1340,false
T436,14460,1858,1340,134144,78080,1800,1340,1952,1490,false
T437,19090,1962,1340,147456,78080,1937,1340,2120,1509,false
GAP,2,1392,1341,74496,78208,1392,1341,1393,1341,false
GAP,1,1224,1342,52992,78336,1224,1342,1224,1342,false
GAP,1,1438,1345,80384,78720,1438,1345,1438,1345,false
GAP,1,1195,1346,49280,78848,1195,1346,1195,1346,false
GAP,1,1222,1346,52736,78848,1222,1346,1222,1346,false
GAP,2,1435,1346,80000,78848,1435,1346,1436,1346,false
T425,2551,1437,1346,80256,78848,1359,1346,1461,1394,false
GAP,1,1434,1347,79872,78976,1434,1347,1434,1347,false
GAP,2,1433,1348,79744,79104,1433,1348,1433,1349,false
GAP,4,1448,1349,81664,79232,1448,1349,1451,1349,false
GAP,1,1432,1351,79616,79488,1432,1351,1432,1351,false
GAP,7,1430,1352,79360,79616,1428,1352,1431,1355,false
GAP,243,1393,1354,74624,79872,1349,1354,1440,1396,false
GAP,11,1419,1354,77952,79872,1419,1354,1427,1356,false
T430,4224,1588,1355,99584,80000,1542,1355,1672,1405,false
GAP,2,1196,1356,49408,80128,1196,1356,1196,1357,false
T435,8425,1470,1356,84480,80128,1373,1356,1487,1482,false
GAP,1,1215,1359,51840,80512,1215,1359,1215,1359,false
GAP,1,1287,1359,61056,80512,1287,1359,1287,1359,false
T431,2610,1288,1359,61184,80512,1267,1359,1352,1420,false
GAP,3,1292,1359,61696,80512,1292,1359,1294,1359,false
GAP,1,1297,1360,62336,80640,1297,1360,1297,1360,false
GAP,23206,2335,1360,195200,80640,2246,1360,2767,1718,false
GAP,1,1274,1361,59392,80768,1274,1361,1274,1361,false
GAP,1,1272,1362,59136,80896,1272,1362,1272,1362,false
GAP,1,1271,1363,59008,81024,1271,1363,1271,1363,false
T433,3223,1705,1365,114560,81280,1656,1365,1745,1415,false
GAP,1,1201,1367,50048,81536,1201,1367,1201,1367,false
T440,11813,2818,1368,257024,81664,2703,1368,2852,1506,false
GAP,1,1443,1369,81024,81792,1443,1369,1443,1369,false
GAP,1,1441,1370,80768,81920,1441,1370,1441,1370,false
GAP,1,1344,1371,68352,82048,1344,1371,1344,1371,false
T441,15574,1356,1374,69888,82432,1268,1374,1389,1556,false
GAP,6,1203,1377,50304,82816,1203,1377,1207,1378,false
GAP,1,1350,1377,69120,82816,1350,1377,1350,1377,false
T423,1,1489,1379,86912,83072,1489,1379,1489,1379,false
T654,4271,1541,1380,93568,83200,1483,1380,1658,1425,false
T434,671,1248,1392,56064,84736,1222,1392,1254,1429,false
T439,5297,1809,1392,127872,84736,1729,1392,1828,1477,false
T438,8723,2942,1396,272896,85248,2840,1396,2986,1490,false
T446,19996,2197,1404,177536,86272,2113,1404,2335,1584,false
T442,26442,2607,1406,230016,86528,2370,1406,2722,1563,false
GAP,6,1573,1422,97664,88576,1573,1422,1575,1424,false
GAP,78,1578,1422,98304,88576,1573,1422,1583,1431,false
GAP,6,1581,1422,98688,88576,1581,1422,1583,1424,false
T444,16506,1488,1426,86784,89088,1386,1426,1608,1555,false
T445,11380,1722,1430,116736,89600,1674,1430,1808,1551,false
T443,4399,1612,1433,102656,89984,1536,1433,1619,1536,false
T461,29716,2985,1433,278400,89984,2837,1433,3027,1737,false
T448,11532,1615,1434,103040,90112,1584,1434,1686,1596,false
T449,13274,2853,1448,261504,91904,2739,1448,2909,1604,false
T447,10975,2110,1460,166400,93440,1801,1460,2145,1535,false
T451,7241,2698,1477,241664,95616,2627,1477,2748,1609,false
T450,2143,1534,1492,92672,97536,1519,1492,1586,1553,false
T476,73862,2662,1522,237056,101376,2532,1522,2873,1926,false
T465,12186,2746,1532,247808,102656,2730,1532,2882,1669,false
T454,1622,1516,1539,90368,103552,1510,1539,1587,1592,false
T468,24181,2235,1540,182400,103680,2196,1540,2382,1783,false
T462,9050,1390,1543,74240,104064,1382,1543,1480,1669,false
T455,2977,1511,1544,89728,104192,1474,1544,1558,1597,false
GAP,136,1546,1546,94208,104448,1546,1546,1588,1598,false
T457,1970,1268,1550,58624,104960,1216,1550,1281,1616,false
T464,5388,1296,1550,62208,104960,1243,1550,1322,1652,false
T452,2,1308,1550,63744,104960,1308,1550,1308,1551,false
T460,5983,1309,1551,63872,105088,1309,1551,1396,1641,false
T471,58175,2607,1551,230016,105088,2342,1551,2636,1878,false
T453,1,2566,1557,224768,105856,2566,1557,2566,1557,false
T463,2521,1655,1571,108160,107648,1568,1571,1657,1641,false
T466,4940,1579,1581,98432,108928,1471,1581,1586,1647,false
GAP,4,1607,1589,102016,109952,1607,1589,1610,1589,false
GAP,4,1614,1591,102912,110208,1614,1591,1616,1592,false
T467,6366,1215,1602,51840,111616,1078,1602,1248,1701,false
T469,8973,1366,1631,71168,115328,1233,1631,1406,1710,false
T470,2235,1234,1653,54272,118144,1172,1653,1268,1697,false
T472,999,1207,1689,50816,122752,1157,1689,1213,1722,false
T475,6392,1213,1691,51584,123008,1150,1691,1259,1785,false
GAP,35,1212,1692,51456,123136,1209,1692,1214,1714,false
T474,6999,1329,1702,66432,124416,1256,1702,1369,1787,false
T473,3266,1153,1708,43904,125184,1052,1708,1175,1769,false
GAP,83,1158,1733,44544,128384,1117,1733,1159,1752,false
GAP,24,1259,1742,57472,129536,1257,1742,1261,1755,false
T477,5023,1137,1746,41856,130048,1105,1746,1196,1838,false
GAP,111,1255,1752,56960,130816,1201,1752,1256,1780,false
T479,10522,1257,1752,57216,130816,1183,1752,1343,1864,false
T478,5405,1094,1756,36352,131328,1033,1756,1122,1858,false
GAP,11,1199,1776,49792,133888,1198,1776,1200,1783,false
T483,5786,1030,1783,28160,134784,934,1783,1066,1881,false
T480,1208,1642,1794,106496,136192,1638,1794,1695,1849,false
T481,867,1634,1797,105472,136576,1610,1797,1663,1838,false
GAP,4,1642,1799,106496,136832,1642,1799,1643,1801,false
T490,5661,2057,1807,159616,137856,2037,1807,2117,2002,false
T482,1778,1606,1814,101888,138752,1548,1814,1636,1861,false
T501,89700,2445,1819,209280,139392,2290,1819,2631,2249,false
T486,5578,1662,1820,109056,139520,1619,1820,1720,1935,false
T503,4932,1182,1821,47616,139648,1129,1821,1218,2018,false
T484,1843,1603,1825,101504,140160,1579,1825,1641,1872,false
T485,2903,1168,1827,45824,140416,1076,1827,1171,1886,false
T491,10836,1075,1849,33920,143232,1019,1849,1165,2002,false
T492,4857,1552,1853,94976,143744,1543,1853,1681,1982,false
T489,1921,1530,1865,92160,145280,1530,1865,1631,1952,false
GAP,10,1537,1868,93056,145664,1537,1868,1542,1869,false
T488,2543,921,1871,14208,146048,864,1871,955,1931,false
GAP,4,1578,1878,98304,146944,1578,1878,1579,1879,false
GAP,6,944,1884,17152,147712,944,1884,946,1886,false
T487,187,954,1887,18432,148096,945,1887,964,1903,false
T496,15482,1023,1890,27264,148480,870,1890,1070,2064,false
T513,23876,863,1907,6784,150656,696,1907,888,2286,false
T493,5629,1721,1917,116608,151936,1687,1917,1812,2029,false
T655,16760,1187,1945,48256,155520,1175,1945,1656,2136,false
T495,560,795,1956,-1920,156928,779,1956,810,1987,false
T497,1994,1682,1958,111616,157184,1659,1958,1719,2012,false
T498,4757,1075,1963,33920,157824,1004,1963,1144,2014,false
T512,14954,1164,1964,45312,157952,1153,1964,1390,2202,false
T494,2,802,1972,-1024,158976,802,1972,803,1972,false
GAP,1,1661,1984,108928,160512,1661,1984,1661,1984,false
GAP,783,1187,1985,48256,160640,1187,1985,1573,2137,false
T506,6617,1812,1986,128256,160768,1793,1986,1944,2079,false
T500,2217,1189,1988,48512,161024,1189,1988,1294,2034,false
T507,20477,996,1997,23808,162176,892,1997,1074,2151,false
T511,20334,1151,1998,43648,162304,1062,1998,1224,2193,false
T502,1814,1720,2000,116480,162560,1653,2000,1733,2050,false
T508,12103,2096,2001,164608,162688,1928,2001,2117,2203,false
T509,13763,1726,2024,117248,165632,1618,2024,1815,2142,false
T510,9983,1260,2026,57600,165888,1237,2026,1422,2160,false
T504,1,1795,2028,126080,166144,1795,2028,1795,2028,false
T505,1,1793,2030,125824,166400,1793,2030,1793,2030,false
GAP,2,1686,2032,112128,166656,1686,2032,1687,2032,false
GAP,226,1683,2033,111744,166784,1574,2033,1685,2123,false
T517,13081,869,2052,7552,169216,834,2052,922,2303,false
T516,19339,1616,2104,103168,175872,1556,2104,1752,2254,false
T524,10735,1815,2115,128640,177280,1675,2115,1844,2302,false
T523,16869,1222,2118,52736,177664,1142,2118,1317,2299,false
T514,10209,1424,2126,78592,178688,1349,2126,1560,2208,false
GAP,81,1406,2130,76288,179200,1371,2130,1415,2158,false
T515,5060,1792,2131,125696,179328,1727,2131,1816,2216,false
T525,10273,912,2142,13056,180736,894,2142,1018,2301,false
T519,18748,1016,2143,26368,180864,924,2143,1198,2250,false
T518,2840,1417,2166,77696,183808,1401,2166,1520,2219,false
T537,25747,1839,2184,131712,186112,1669,2184,1911,2410,false
T534,16491,1414,2192,77312,187136,1332,2192,1499,2329,false
GAP,151,1519,2196,90752,187648,1519,2196,1605,2225,false
T535,20608,1520,2197,90880,187776,1491,2197,1710,2347,false
T533,4757,1322,2201,65536,188288,1303,2201,1368,2333,false
T536,27114,962,2205,19456,188800,962,2205,1252,2425,false
GAP,4,1606,2226,101888,191488,1606,2226,1607,2227,false
GAP,4,1608,2228,102144,191744,1608,2228,1609,2229,false
GAP,269,1610,2230,102400,192000,1610,2230,1748,2291,false
T543,13598,802,2259,-1024,195712,728,2259,877,2515,false
T540,18222,1300,2265,62720,196480,1245,2265,1458,2446,false
T538,11938,849,2268,4992,196864,849,2268,1067,2380,false
T541,17412,1520,2292,90880,199936,1437,2292,1624,2447,false
T539,2270,1984,2312,150272,202496,1947,2312,2011,2370,false
T552,29682,1254,2313,56832,202624,1101,2313,1380,2607,false
T544,9667,1691,2317,112768,203136,1605,2317,1716,2447,false
T547,22597,885,2338,9600,205824,885,2338,1166,2500,false
T549,17542,1939,2340,144512,206080,1835,2340,2025,2561,false
GAP,3,916,2347,13568,206976,916,2347,917,2348,false
T542,327,893,2357,10624,208256,829,2357,899,2392,false
T548,7592,1853,2375,133504,210560,1704,2375,1871,2466,false
T550,22295,1475,2397,85120,213376,1342,2397,1620,2528,false
T551,5226,1867,2411,135296,215168,1790,2411,1872,2549,false
T553,23588,1141,2419,42368,216192,975,2419,1237,2567,false
T557,14924,1669,2431,109952,217728,1543,2431,1740,2647,false
T554,11450,1668,2447,109824,219776,1627,2447,1771,2574,false
T558,7641,879,2468,8832,222464,851,2468,941,2617,false
GAP,2390,1485,2484,86400,224512,1409,2484,1515,2525,false
T556,7812,1369,2494,71552,225792,1354,2494,1584,2583,false
T561,7285,1772,2508,123136,227584,1679,2508,1820,2645,false
GAP,22,1525,2513,91520,228224,1523,2513,1528,2517,false
GAP,43,1514,2518,90112,228864,1509,2518,1515,2526,false
GAP,524,1536,2522,92928,229376,1529,2522,1554,2549,false
GAP,9,1552,2522,94976,229376,1552,2522,1554,2525,false
T555,1,931,2523,15488,229504,931,2523,931,2523,false
T560,3452,931,2524,15488,229632,928,2524,1009,2606,false
T567,9649,1862,2530,134656,230400,1856,2530,1957,2771,false
T564,2400,1846,2535,132608,231040,1841,2535,1915,2672,false
GAP,38,1553,2540,95104,231680,1552,2540,1559,2545,false
T566,24646,1475,2544,85120,232192,1337,2544,1572,2692,false
T573,6527,1841,2544,131968,232192,1782,2544,1885,2748,false
T569,15489,1821,2545,129408,232320,1713,2545,1871,2740,false
GAP,214,1577,2560,98176,234240,1574,2560,1595,2573,false
T563,3755,1074,2564,33792,234752,1061,2564,1163,2633,false
T568,20030,1251,2565,56448,234880,1090,2565,1346,2709,false
T565,4127,1524,2568,91392,235264,1496,2568,1608,2664,false
T559,1,1683,2574,111744,236032,1683,2574,1683,2574,false
GAP,1,1099,2581,36992,236928,1099,2581,1099,2581,false
T562,103,1010,2586,25600,237568,1007,2586,1024,2592,false
GAP,4,1012,2587,25856,237696,1012,2587,1015,2587,false
T575,15627,1678,2593,111104,238464,1611,2593,1804,2768,false
T581,40261,1002,2598,24576,239104,815,2598,1049,2940,false
GAP,120,1580,2614,98560,241152,1580,2614,1619,2673,false
T574,3336,1038,2640,29184,244480,1027,2640,1089,2749,false
GAP,101,1115,2644,39040,244992,1114,2644,1125,2656,false
T577,4481,1102,2645,37376,245120,1080,2645,1173,2753,false
T580,12142,1343,2649,68224,245632,1281,2649,1392,2821,false
T576,3230,1610,2651,102400,245888,1567,2651,1627,2746,false
GAP,34,1100,2654,37120,246272,1100,2654,1107,2659,false
T570,1,1902,2664,139776,247552,1902,2664,1902,2664,false
T572,1,1879,2673,136832,248704,1879,2673,1879,2673,false
GAP,35,1620,2674,103680,248832,1620,2674,1630,2691,false
GAP,2441,1149,2680,43392,249600,1147,2680,1255,2769,false
T579,7575,1279,2681,60032,249728,1187,2681,1348,2786,false
T583,13529,1516,2682,90368,249856,1470,2682,1630,2851,false
T582,11943,1418,2683,77824,249984,1379,2683,1519,2817,false
GAP,4,1145,2684,42880,250112,1144,2684,1145,2686,false
T578,5056,1071,2687,33408,250496,1053,2687,1135,2776,false
T589,51564,1629,2691,104832,251008,1591,2691,1888,3004,false
T585,13690,1175,2714,46720,253952,1114,2714,1333,2862,false
GAP,5,1131,2730,41088,256000,1131,2730,1133,2732,false
T590,12769,1136,2745,41728,257920,964,2745,1155,2972,false
T586,9566,1030,2746,28160,258048,942,2746,1082,2866,false
T584,4338,1499,2748,88192,258304,1467,2748,1552,2818,false
T587,2440,1884,2769,137472,260992,1881,2769,1982,2884,false
GAP,75,1083,2774,34944,261632,1065,2774,1085,2815,false
GAP,9026,1219,2800,52352,264960,1201,2800,1276,3081,false
GAP,677,1282,2800,60416,264960,1272,2800,1322,2825,false
GAP,43,1490,2803,87040,265344,1490,2803,1499,2807,false
GAP,4,1464,2805,83712,265600,1464,2805,1467,2805,false
GAP,216,1459,2807,83072,265856,1446,2807,1467,2820,false
T588,5187,1485,2809,86400,266112,1453,2809,1592,2871,false
GAP,312,1537,2810,93056,266240,1532,2810,1553,2827,false
GAP,6,1439,2812,80512,266496,1439,2812,1441,2814,false
GAP,113,1421,2813,78208,266624,1413,2813,1427,2823,false
GAP,6,1425,2813,78720,266624,1425,2813,1427,2815,false
GAP,6,1436,2813,80128,266624,1436,2813,1438,2815,false
GAP,6,1519,2813,90752,266624,1519,2813,1521,2815,false
GAP,5,1413,2814,77184,266752,1413,2814,1414,2816,false
GAP,114,1515,2814,90240,266752,1508,2814,1521,2825,false
T591,19767,1369,2815,71552,266880,1257,2815,1480,2953,false
GAP,27,1062,2816,32256,267008,1049,2816,1064,2826,false
GAP,6,1439,2818,80512,267264,1439,2818,1441,2820,false
GAP,4,1555,2818,95360,267264,1555,2818,1556,2820,false
GAP,6,1436,2819,80128,267392,1436,2819,1438,2821,false
GAP,61,1048,2827,30464,268416,1016,2827,1048,2849,false
T592,10980,1114,2829,38912,268672,1080,2829,1248,2971,false
GAP,50,1325,2832,65920,269056,1324,2832,1333,2837,false
GAP,1,1451,2832,82048,269056,1451,2832,1451,2832,false
GAP,205,1461,2832,83328,269056,1461,2832,1480,2845,false
GAP,1,1452,2833,82176,269184,1452,2833,1452,2833,false
GAP,1,1451,2834,82048,269312,1451,2834,1451,2834,false
GAP,3,1456,2836,82688,269568,1455,2836,1456,2837,false
GAP,1,1480,2842,85760,270336,1480,2842,1480,2842,false
GAP,261,1015,2850,26240,271360,926,2850,1019,2971,false
T594,16414,949,2854,17792,271872,796,2854,1018,3037,false
T593,17746,1511,2863,89728,273024,1443,2863,1631,3009,false
GAP,33,1584,2865,99072,273280,1575,2865,1595,2869,false
GAP,18,1573,2870,97664,273920,1560,2870,1574,2872,false
GAP,2,1597,2870,100736,273920,1597,2870,1598,2870,false
T595,21128,1079,2876,34432,274688,977,2876,1249,3024,false
T598,10826,1269,2904,58752,278272,1227,2904,1342,3109,false
GAP,23,1442,2904,80896,278272,1441,2904,1445,2917,false
T597,10213,1440,2908,80640,278784,1424,2908,1581,3068,false
GAP,891,1465,2917,83840,279936,1286,2917,1610,3096,false
T596,11566,1422,2926,78336,281088,1287,2926,1456,3070,false
T604,23368,1714,2941,115712,283008,1508,2941,1808,3176,false
T605,20086,965,2954,19840,284672,788,2954,994,3176,false
GAP,1,1164,2974,45312,287232,1164,2974,1164,2974,false
GAP,18,1165,2975,45440,287360,1162,2975,1166,2987,false
T600,6815,1767,2977,122496,287616,1649,2977,1788,3122,false
GAP,14,1160,2988,44800,289024,1154,2988,1161,2993,false
T599,8042,1006,2992,25088,289536,926,2992,1104,3079,false
GAP,27,1153,2994,43904,289792,1147,2994,1153,3012,false
T602,7680,1455,2997,82560,290176,1362,2997,1504,3093,false
T603,5732,1105,3008,37760,291584,1075,3008,1171,3104,false
T606,6217,1202,3022,50176,293376,1134,3022,1208,3144,false
T601,1,1730,3040,117760,295680,1730,3040,1730,3040,false
GAP,350,1276,3041,59648,295808,1262,3041,1293,3058,false
T608,15118,1026,3055,27648,297600,875,3055,1078,3161,false
T609,12336,1364,3057,70912,297856,1313,3057,1435,3202,false
T610,7894,1341,3059,67968,298112,1249,3059,1351,3209,false
T612,15457,1209,3067,51072,299136,1135,3067,1282,3282,false
T607,6401,1478,3067,85504,299136,1418,3067,1540,3150,false
T611,9700,1074,3077,33792,300416,1044,3077,1176,3207,false
GAP,532,1244,3102,55552,303616,1236,3102,1264,3141,false
GAP,1,1248,3102,56064,303616,1248,3102,1248,3102,false
T618,17523,1694,3110,113152,304640,1548,3110,1707,3366,false
T615,11644,873,3123,8064,306304,805,3123,914,3321,false
T613,17406,1541,3129,93568,307072,1409,3129,1593,3294,false
GAP,5,1254,3140,56832,308480,1254,3140,1256,3141,false
T614,10444,1040,3149,29440,309632,996,3149,1116,3302,false
T616,16741,988,3157,22784,310656,873,3157,1026,3304,false
T620,14724,1406,3185,76288,314240,1383,3185,1559,3343,false
T617,6395,1343,3187,68224,314496,1297,3187,1409,3276,false
GAP,1,1278,3197,59904,315776,1278,3197,1278,3197,false
GAP,1,1277,3198,59776,315904,1277,3198,1277,3198,false
GAP,394,1281,3198,60288,315904,1277,3198,1307,3221,false
T621,11570,1116,3207,39168,317056,1029,3207,1152,3384,false
T619,6959,1282,3213,60416,317824,1207,3213,1305,3330,false
GAP,941,1215,3235,51840,320640,1198,3235,1234,3285,false
GAP,149,1262,3246,57856,322048,1261,3246,1272,3263,false
T623,5281,1153,3259,43904,323712,1117,3259,1208,3362,false
T622,8281,1336,3259,67328,323712,1296,3259,1415,3373,false
T624,13296,1004,3272,24832,325376,860,3272,1034,3393,false
GAP,151,1271,3280,59008,326400,1262,3280,1276,3299,false
T625,6401,1209,3290,51072,327680,1180,3290,1303,3380,false
GAP,157,1282,3308,60416,329984,1282,3308,1293,3327,false
T634,16962,829,3319,2432,331392,745,3319,918,3618,false
T626,10312,1428,3323,79104,331904,1332,3323,1490,3435,false
T627,6564,1116,3328,39168,332544,1062,3328,1196,3421,false
GAP,2,1292,3331,61696,332928,1292,3331,1293,3331,false
T633,22240,1512,3339,89856,333952,1328,3339,1558,3617,false
T628,7292,1294,3355,61952,336000,1157,3355,1297,3447,false
T629,11711,1330,3355,66560,336000,1240,3355,1449,3474,false
T630,11215,1035,3362,28800,336896,960,3362,1089,3516,false
T631,20654,869,3365,7552,337280,826,3365,984,3550,false
T632,8783,1112,3409,38656,342912,1054,3409,1162,3529,false
T635,17562,1236,3433,54528,345984,1188,3433,1353,3588,false
T640,11631,1163,3439,45184,346752,1090,3439,1201,3649,false
T639,13612,959,3464,19072,349952,906,3464,1064,3618,false
T642,3809,804,3468,-768,350464,787,3468,880,3600,false
T637,2137,1422,3489,78336,353152,1357,3489,1427,3584,false
T645,7400,1197,3519,49536,356992,1125,3519,1256,3665,false
T646,13196,1098,3524,36864,357632,995,3524,1136,3680,false
GAP,1,801,3530,-1152,358400,801,3530,801,3530,false
T644,5666,1582,3531,98816,358528,1523,3531,1626,3621,false
T636,5,799,3532,-1408,358656,799,3532,801,3533,false
T638,8,799,3533,-1408,358784,798,3533,800,3536,false
T641,4,1540,3544,93440,360192,1540,3544,1541,3545,false
T643,1,1547,3554,94336,361472,1547,3554,1547,3554,false
T648,16123,1334,3560,67072,362240,1159,3560,1383,3709,false
T647,11252,893,3571,10624,363648,817,3571,1040,3694,false
T649,13077,1160,3640,44800,372480,942,3640,1174,3829,false
GAP,19,1125,3722,40320,382976,1121,3722,1127,3726,false
T650,1,965,3725,19840,383360,965,3725,965,3725,false
T651,1,1121,3726,39808,383488,1121,3726,1121,3726,false
T652,1,1120,3727,39680,383616,1120,3727,1120,3727,false
T653,2,1126,3740,40448,385280,1126,3740,1126,3741,false
