tile,cells,components_4,largest_component,single_pixel_components_4,edge_cells,first_mask_x,first_mask_y
GAP,8732066,425,8631538,181,14396,0,0
T001,7,1,7,0,0,2292,58
T002,1,1,1,1,0,1297,61
T003,1,1,1,1,0,1292,64
T004,1,1,1,1,0,1317,68
T005,1,1,1,1,0,1335,74
T006,1,1,1,1,0,1334,75
T007,1,1,1,1,0,1098,85
T008,1,1,1,1,0,1099,86
T009,1,1,1,1,0,1100,87
T010,2,1,2,0,0,2421,99
T011,1,1,1,1,0,2421,129
T012,1,1,1,1,0,2440,152
T013,7,1,7,0,0,752,184
T014,2,1,2,0,0,1709,190
T015,2,1,2,0,0,1708,192
T016,1,1,1,1,0,1681,211
T017,1,1,1,1,0,1635,221
T018,4,1,4,0,0,1650,224
T019,1,1,1,1,0,1653,226
T020,1,1,1,1,0,735,248
T021,1,1,1,1,0,732,249
T022,4,1,4,0,0,2008,264
T023,1,1,1,1,0,2070,286
T024,3733,1,3733,0,0,760,329
T025,1,1,1,1,0,1002,373
T026,1,1,1,1,0,1004,374
T027,1,1,1,1,0,2672,388
T028,1,1,1,1,0,2678,397
T029,1,1,1,1,0,2699,420
T030,2076,1,2076,0,0,713,430
T031,1,1,1,1,0,2751,467
T032,1,1,1,1,0,2750,468
T033,1793,1,1793,0,0,667,453
T034,6965,1,6965,0,0,927,440
T035,368,1,368,0,0,666,480
T036,1771,1,1771,0,0,705,467
T037,4968,1,4968,0,0,902,472
T039,110,1,110,0,0,479,518
T040,5656,1,5656,0,0,959,485
T041,3062,1,3062,0,0,578,488
T042,499,1,499,0,0,621,506
T043,3144,1,3144,0,0,840,503
T044,9673,1,9673,0,0,2753,468
T046,2927,1,2927,0,0,894,512
T047,6521,1,6521,0,0,370,504
T048,1,1,1,1,0,979,539
T049,5506,1,5506,0,0,2386,480
T050,6349,1,6349,0,0,663,496
T051,2384,1,2384,0,0,931,519
T052,2307,1,2307,0,0,845,535
T053,13936,1,13936,0,0,2446,480
T054,3660,1,3660,0,0,1404,544
T055,318,1,318,0,0,1263,549
T056,3229,1,3229,0,0,1630,536
T057,4691,1,4691,0,0,1070,529
T058,3784,1,3784,0,0,1696,532
T059,5410,1,5410,0,0,1722,526
T060,14324,1,14324,0,0,2384,474
T061,872,1,872,0,0,1247,562
T062,4662,1,4662,0,0,1324,552
T063,473,1,473,0,0,1092,575
T064,4656,1,4656,0,0,909,550
T065,17114,1,17114,0,0,1800,534
T066,1430,1,1430,0,0,1513,574
T067,5222,1,5222,0,0,726,543
T068,78,1,78,0,0,1194,588
T069,1979,1,1979,0,0,1646,576
T070,408,1,408,0,0,610,565
T072,2649,1,2649,0,0,1273,561
T074,3780,1,3780,0,0,1349,577
T075,231,1,231,0,0,1467,596
T076,7001,1,7001,0,0,584,536
T077,16983,1,16983,0,0,1992,550
T078,5537,1,5537,0,0,935,563
T079,1540,1,1540,0,0,1215,584
T080,3542,1,3542,0,0,800,565
T081,6109,1,6109,0,0,1014,567
T082,2368,1,2368,0,0,1483,592
T083,7602,1,7602,0,0,2287,531
T084,4,1,4,0,0,1165,613
T085,2779,1,2779,0,0,1713,595
T086,2068,1,2068,0,0,1580,598
T087,164,1,164,0,0,1455,611
T088,3371,1,3371,0,0,1318,587
T089,189,1,189,0,0,620,616
T090,4195,1,4195,0,0,785,570
T091,176,1,176,0,0,1457,621
T092,1235,1,1235,0,0,1473,609
T093,7741,1,7741,0,0,1003,573
T094,28773,1,28773,0,0,2686,561
T095,2053,1,2053,0,0,1561,614
T096,456,1,456,0,0,625,618
T097,2588,1,2588,0,0,1756,621
T098,859,1,859,0,0,1616,631
T099,1940,1,1940,0,0,1180,627
T100,1385,1,1385,0,0,1418,629
T101,10316,1,10316,0,0,671,578
T102,1589,1,1589,0,0,1340,639
T103,8718,1,8718,0,0,1854,609
T104,1409,1,1409,0,0,1292,627
T105,32109,1,32109,0,0,2735,538
T106,1611,1,1611,0,0,1334,639
T107,2642,1,2642,0,0,2160,639
T108,141,1,141,0,0,636,654
T109,2830,1,2830,0,0,819,632
T110,1766,1,1766,0,0,1240,633
T111,227,1,227,0,0,1427,659
T112,3213,1,3213,0,0,777,627
T113,522,1,522,0,0,1468,651
T114,10107,1,10107,0,0,2340,584
T115,3091,1,3091,0,0,1605,629
T116,6891,1,6891,0,0,895,617
T117,6567,1,6567,0,0,1520,638
T118,8155,1,8155,0,0,1880,628
T119,8677,1,8677,0,0,596,597
T120,305,1,305,0,0,1458,668
T121,4442,1,4442,0,0,472,647
T122,1093,1,1093,0,0,1302,663
T123,4666,1,4666,0,0,1151,652
T124,6933,1,6933,0,0,2128,641
T125,2581,1,2581,0,0,1655,657
T126,546,1,546,0,0,828,686
T127,115,1,115,0,0,1220,690
T128,5194,1,5194,0,0,1364,674
T129,106,1,106,0,0,84,694
T130,1638,1,1638,0,0,1177,658
T131,365,1,365,0,0,809,689
T132,9695,1,9695,0,0,962,648
T133,261,1,261,0,0,1212,699
T134,350,1,350,0,0,794,694
T135,428,1,428,0,0,782,696
T136,3430,1,3430,0,0,1078,667
T138,3,1,3,0,0,1472,713
T139,287,1,287,0,0,838,700
T140,250,1,250,0,0,844,702
T141,424,1,424,0,0,1203,704
T142,565,1,565,0,0,1095,694
T143,225,1,225,0,0,853,708
T144,558,1,558,0,0,923,708
T145,70,1,70,0,0,851,710
T146,109,1,109,0,0,819,714
T147,47,1,47,0,0,1169,715
T148,374,1,374,0,0,787,709
T149,658,1,658,0,0,955,707
T150,68,1,68,0,0,808,721
T152,136,1,136,0,0,850,723
T153,3308,1,3308,0,0,1542,696
T155,2088,1,2088,0,0,1388,710
T156,31642,1,31642,0,0,2387,618
T157,91,1,91,0,0,919,726
T158,66,1,66,0,0,820,728
T159,3052,1,3052,0,0,1397,707
T160,150,1,150,0,0,804,724
T161,929,1,929,0,0,523,706
T162,5653,1,5653,0,0,1591,693
T163,14267,1,14267,0,0,1849,660
T164,716,1,716,0,0,898,717
T165,9270,1,9270,0,0,1698,675
T166,117,1,117,0,0,861,729
T167,224,1,224,0,0,834,725
T168,2957,1,2957,0,0,708,687
T169,113,1,113,0,0,848,732
T170,442,1,442,0,0,864,723
T171,583,1,583,0,0,943,712
T172,9856,1,9856,0,0,1985,697
T173,326,1,326,0,0,921,733
T174,5487,1,5487,0,0,1273,693
T175,341,1,341,0,0,814,735
T176,1984,1,1984,0,0,754,709
T177,61,1,61,0,0,854,741
T178,76,1,76,0,0,850,740
T179,897,1,897,0,0,780,728
T180,750,1,750,0,0,763,719
T181,1972,1,1972,0,0,726,707
T182,200,1,200,0,0,839,743
T183,189,1,189,0,0,891,745
T184,18005,1,18005,0,0,2200,672
T185,2940,1,2940,0,0,1085,726
T186,1845,1,1845,0,0,890,720
T187,1414,1,1414,0,0,929,755
T188,4194,1,4194,0,0,1177,723
T189,2650,1,2650,0,0,825,748
T190,3524,1,3524,0,0,1328,741
T191,18007,1,18007,0,0,2627,706
T192,9228,1,9228,0,0,2125,715
T193,10521,1,10521,0,0,1483,709
T194,3529,1,3529,0,0,1404,749
T195,1052,1,1052,0,0,1621,765
T196,1506,1,1506,0,0,870,754
T197,5970,1,5970,0,0,1292,690
T198,4950,1,4950,0,0,1674,746
T199,2526,1,2526,0,0,1931,773
T200,6971,1,6971,0,0,1080,753
T201,4391,1,4391,0,0,1820,772
T202,2506,1,2506,0,0,686,772
T203,880,1,880,0,0,893,783
T204,1206,1,1206,0,0,919,788
T205,6981,1,6981,0,0,773,772
T206,7679,1,7679,0,0,606,763
T207,5267,1,5267,0,0,1221,781
T208,2371,1,2371,0,0,1073,787
T209,1313,1,1313,0,0,1752,807
T210,3701,1,3701,0,0,2326,793
T211,2039,1,2039,0,0,1469,802
T212,2655,1,2655,0,0,1364,805
T213,3386,1,3386,0,0,1974,801
T214,2748,1,2748,0,0,2021,800
T215,2607,1,2607,0,0,1874,807
T216,1079,1,1079,0,0,1775,815
T217,5906,1,5906,0,0,1098,792
T218,3093,1,3093,0,0,1131,805
T219,2538,1,2538,0,0,2253,812
T220,268,1,268,0,0,1162,839
T222,28891,1,28891,0,0,2583,766
T223,128,1,128,0,0,1184,846
T224,14439,1,14439,0,0,2089,804
T225,1956,1,1956,0,0,1897,820
T226,5234,1,5234,0,0,1742,826
T227,30315,1,30315,0,0,2906,759
T228,8961,1,8961,0,0,898,817
T229,2270,1,2270,0,0,978,829
T230,4676,1,4676,0,0,757,830
T231,3037,1,3037,0,0,1200,824
T232,204,1,204,0,0,1161,855
T233,717,1,717,0,0,1175,847
T234,2,1,2,0,0,2354,869
T235,3377,1,3377,0,0,1521,845
T236,4044,1,4044,0,0,2350,838
T237,1733,1,1733,0,0,1240,843
T238,3270,1,3270,0,0,1441,842
T239,368,1,368,0,0,1146,866
T240,1782,1,1782,0,0,1001,857
T241,3250,1,3250,0,0,1678,835
T242,14835,1,14835,0,0,1484,802
T243,10283,1,10283,0,0,1631,789
T244,4275,1,4275,0,0,1923,837
T245,10107,1,10107,0,0,624,827
T246,8835,1,8835,0,0,1354,839
T247,323,1,323,0,0,1192,881
T248,464,1,464,0,0,1854,884
T249,2972,1,2972,0,0,2348,869
T250,5589,1,5589,0,0,1294,842
T251,2,1,2,0,0,2170,902
T252,4542,1,4542,0,0,1111,881
T253,986,1,986,0,0,1200,897
T254,7576,1,7576,0,0,2266,857
T255,2293,1,2293,0,0,1742,891
T256,13217,1,13217,0,0,810,869
T258,1,1,1,1,0,2453,931
T259,4012,1,4012,0,0,1983,879
T260,1,1,1,1,0,2456,932
T261,1510,1,1510,0,0,1957,913
T262,2571,1,2571,0,0,1904,905
T263,11648,1,11648,0,0,2010,880
T264,2,1,2,0,0,735,936
T265,2949,1,2949,0,0,1454,908
T266,6318,1,6318,0,0,1172,898
T267,2817,1,2817,0,0,1073,922
T268,10471,1,10471,0,0,986,879
T269,35174,1,35174,0,0,2710,830
T270,3196,1,3196,0,0,1331,922
T272,809,1,809,0,0,1150,952
T273,1597,1,1597,0,0,1828,945
T274,1585,1,1585,0,0,736,937
T275,298,1,298,0,0,1775,960
T276,15325,1,15325,0,0,2372,895
T277,5010,1,5010,0,0,1730,928
T278,1696,1,1696,0,0,1990,948
T279,2383,1,2383,0,0,1039,951
T280,9095,1,9095,0,0,2172,902
T281,1323,1,1323,0,0,1318,969
T282,5320,1,5320,0,0,1937,955
T283,1850,1,1850,0,0,1154,960
T284,3097,1,3097,0,0,891,966
T285,8163,1,8163,0,0,1399,960
T286,4915,1,4915,0,0,1261,965
T287,2483,1,2483,0,0,1209,975
T288,21638,1,21638,0,0,1470,942
T289,7039,1,7039,0,0,764,951
T290,4066,1,4066,0,0,1982,941
T292,1994,1,1994,0,0,1858,973
T296,4255,1,4255,0,0,1809,965
T297,1709,1,1709,0,0,1368,999
T298,6821,1,6821,0,0,1478,969
T299,2969,1,2969,0,0,1027,1006
T300,1284,1,1284,0,0,1142,1011
T301,99,1,99,0,0,1106,1027
T302,4867,1,4867,0,0,2035,980
T303,7739,1,7739,0,0,2292,924
T304,41480,1,41480,0,0,2918,872
T305,293,1,293,0,0,1153,1041
T306,4803,1,4803,0,0,1006,992
T307,2785,1,2785,0,0,1235,1012
T308,15815,1,15815,0,0,2122,989
T309,344,1,344,0,0,1144,1041
T310,90,1,90,0,0,1100,1052
T311,474,1,474,0,0,1136,1043
T312,3436,1,3436,0,0,1875,1020
T313,12416,1,12416,0,0,935,990
T314,3201,1,3201,0,0,1381,1031
T315,199,1,199,0,0,1092,1059
T316,1685,1,1685,0,0,2198,1037
T317,24971,1,24971,0,0,2665,995
T318,17826,1,17826,0,0,2437,996
T319,10953,1,10953,0,0,1735,1006
T320,2392,1,2392,0,0,1039,1052
T321,228,1,228,0,0,1100,1071
T322,3748,1,3748,0,0,1790,1030
T323,2032,1,2032,0,0,1145,1063
T324,3231,1,3231,0,0,1198,1041
T325,3357,1,3357,0,0,1188,1043
T326,7513,1,7513,0,0,1462,1053
T328,9781,1,9781,0,0,1323,1029
T329,2228,1,2228,0,0,1838,1077
T330,2963,1,2963,0,0,861,1078
T331,6137,1,6137,0,0,1932,1070
T332,58,1,58,0,0,1342,1108
T333,1313,1,1313,0,0,1046,1097
T334,12688,1,12688,0,0,1593,1060
T335,89,1,89,0,0,1126,1109
T336,85,1,85,0,0,1372,1116
T337,1704,1,1704,0,0,1103,1096
T338,581,1,581,0,0,1830,1113
T339,382,1,382,0,0,1352,1113
T340,3130,1,3130,0,0,1408,1087
T342,1530,1,1530,0,0,1205,1106
T343,111,1,111,0,0,1338,1124
T344,10506,1,10506,0,0,2330,1073
T345,5673,1,5673,0,0,990,1116
T346,947,1,947,0,0,1483,1133
T347,125,1,125,0,0,1172,1147
T348,696,1,696,0,0,1204,1141
T349,16956,1,16956,0,0,2014,1057
T350,20653,1,20653,0,0,2207,1085
T351,2541,1,2541,0,0,1362,1128
T352,507,1,507,0,0,1445,1146
T353,2150,1,2150,0,0,1353,1140
T354,3345,1,3345,0,0,1233,1141
T355,4190,1,4190,0,0,1845,1134
T356,482,1,482,0,0,1465,1154
T357,2843,1,2843,0,0,1500,1159
T358,1003,1,1003,0,0,1431,1165
T359,1167,1,1167,0,0,1286,1170
T360,11874,1,11874,0,0,905,1113
T361,10535,1,10535,0,0,1972,1117
T362,5802,1,5802,0,0,2452,1140
T363,2084,1,2084,0,0,1701,1162
T364,7845,1,7845,0,0,1775,1150
T365,703,1,703,0,0,1323,1185
T366,383,1,383,0,0,1318,1188
T367,586,1,586,0,0,1347,1188
T368,593,1,593,0,0,1365,1191
T369,1432,1,1432,0,0,1551,1186
T370,71,1,71,0,0,1423,1202
T371,544,1,544,0,0,1389,1190
T372,133,1,133,0,0,1195,1205
T373,20537,1,20537,0,0,2538,1118
T374,4,1,4,0,0,1508,1213
T375,1066,1,1066,0,0,1454,1180
T376,897,1,897,0,0,1398,1193
T377,1512,1,1512,0,0,1185,1198
T378,10158,1,10158,0,0,1638,1166
T379,601,1,601,0,0,1423,1208
T380,3,1,3,0,0,1649,1232
T381,211,1,211,0,0,1470,1229
T382,1611,1,1611,0,0,1782,1209
T383,1253,1,1253,0,0,1214,1218
T384,104,1,104,0,0,1428,1237
T385,2833,1,2833,0,0,1234,1216
T386,89,1,89,0,0,1436,1238
T387,6138,1,6138,0,0,1756,1207
T388,200,1,200,0,0,1412,1241
T389,115,1,115,0,0,1394,1248
T390,20976,1,20976,0,0,1050,1184
T391,1657,1,1657,0,0,1504,1214
T392,1433,1,1433,0,0,1157,1239
T393,65597,1,65597,0,0,3002,1076
T394,11043,1,11043,0,0,2292,1193
T395,3442,1,3442,0,0,1851,1190
T396,15468,1,15468,0,0,2104,1209
T397,7113,1,7113,0,0,1002,1184
T398,481,1,481,0,0,1424,1253
T399,2832,1,2832,0,0,1652,1222
T400,3259,1,3259,0,0,1896,1226
T401,61791,1,61791,0,0,2737,1110
T402,2378,1,2378,0,0,1453,1241
T403,4872,1,4872,0,0,1810,1247
T404,2317,1,2317,0,0,1263,1266
T405,1,1,1,1,0,2590,1286
T406,15430,1,15430,0,0,1971,1221
T407,3697,1,3697,0,0,1689,1251
T408,3002,1,3002,0,0,1382,1253
T409,2943,1,2943,0,0,1918,1261
T410,955,1,955,0,0,1190,1290
T411,2398,1,2398,0,0,1321,1248
T412,3066,1,3066,0,0,1378,1252
T413,5173,1,5173,0,0,1330,1242
T414,3367,1,3367,0,0,1849,1268
T415,2287,1,2287,0,0,1427,1307
T416,1949,1,1949,0,0,1237,1302
T417,7373,1,7373,0,0,1647,1289
T418,1684,1,1684,0,0,1227,1291
T419,1989,1,1989,0,0,886,1306
T420,3539,1,3539,0,0,1899,1320
T421,576,1,576,0,0,1383,1332
T422,2725,1,2725,0,0,1182,1310
T423,5611,2,5610,1,0,1594,1262
T425,2551,1,2551,0,0,1437,1346
T426,11837,1,11837,0,0,2951,1311
T427,3417,1,3417,0,0,1820,1320
T428,15334,1,15334,0,0,2148,1317
T429,17507,1,17507,0,0,2325,1296
T430,4224,1,4224,0,0,1588,1355
T431,2610,1,2610,0,0,1288,1359
T432,46700,1,46700,0,0,2411,1230
T433,3223,1,3223,0,0,1705,1365
T434,671,1,671,0,0,1248,1392
T435,8425,1,8425,0,0,1470,1356
T436,14460,1,14460,0,0,1858,1340
T437,19090,1,19090,0,0,1962,1340
T438,8723,1,8723,0,0,2942,1396
T439,5297,1,5297,0,0,1809,1392
T440,11813,1,11813,0,0,2818,1368
T441,15574,1,15574,0,0,1356,1374
T442,26442,1,26442,0,0,2607,1406
T443,4399,1,4399,0,0,1612,1433
T444,16506,1,16506,0,0,1488,1426
T445,11380,1,11380,0,0,1722,1430
T446,19996,1,19996,0,0,2197,1404
T447,10975,1,10975,0,0,2110,1460
T448,11532,1,11532,0,0,1615,1434
T449,13274,1,13274,0,0,2853,1448
T450,2143,1,2143,0,0,1534,1492
T451,7241,1,7241,0,0,2698,1477
T452,2,1,2,0,0,1308,1550
T453,1,1,1,1,0,2566,1557
T454,1622,1,1622,0,0,1516,1539
T455,2977,1,2977,0,0,1511,1544
T457,1970,1,1970,0,0,1268,1550
T460,5983,1,5983,0,0,1309,1551
T461,29716,1,29716,0,0,2985,1433
T462,9050,1,9050,0,0,1390,1543
T463,2521,1,2521,0,0,1655,1571
T464,5388,1,5388,0,0,1296,1550
T465,12186,1,12186,0,0,2746,1532
T466,4940,1,4940,0,0,1579,1581
T467,6366,1,6366,0,0,1215,1602
T468,24181,1,24181,0,0,2235,1540
T469,8973,1,8973,0,0,1366,1631
T470,2235,1,2235,0,0,1234,1653
T471,58175,1,58175,0,0,2607,1551
T472,999,1,999,0,0,1207,1689
T473,3266,1,3266,0,0,1153,1708
T474,6999,1,6999,0,0,1329,1702
T475,6392,1,6392,0,0,1213,1691
T476,73862,1,73862,0,0,2662,1522
T477,5023,1,5023,0,0,1137,1746
T478,5405,1,5405,0,0,1094,1756
T479,10522,1,10522,0,0,1257,1752
T480,1208,1,1208,0,0,1642,1794
T481,867,1,867,0,0,1634,1797
T482,1778,1,1778,0,0,1606,1814
T483,5786,1,5786,0,0,1030,1783
T484,1843,1,1843,0,0,1603,1825
T485,2903,1,2903,0,0,1168,1827
T486,5578,1,5578,0,0,1662,1820
T487,187,1,187,0,0,954,1887
T488,2543,1,2543,0,0,921,1871
T489,1921,1,1921,0,0,1530,1865
T490,5661,1,5661,0,0,2057,1807
T491,10836,1,10836,0,0,1075,1849
T492,4857,1,4857,0,0,1552,1853
T493,5629,1,5629,0,0,1721,1917
T494,2,1,2,0,0,802,1972
T495,560,1,560,0,0,795,1956
T496,15482,1,15482,0,0,1023,1890
T497,1994,1,1994,0,0,1682,1958
T498,4757,1,4757,0,0,1075,1963
T500,2217,1,2217,0,0,1189,1988
T501,89700,1,89700,0,0,2445,1819
T502,1814,1,1814,0,0,1720,2000
T503,4932,1,4932,0,0,1182,1821
T504,1,1,1,1,0,1795,2028
T505,1,1,1,1,0,1793,2030
T506,6617,1,6617,0,0,1812,1986
T507,20477,1,20477,0,0,996,1997
T508,12103,1,12103,0,0,2096,2001
T509,13763,1,13763,0,0,1726,2024
T510,9983,1,9983,0,0,1260,2026
T511,20334,1,20334,0,0,1151,1998
T512,14954,1,14954,0,0,1164,1964
T513,23876,1,23876,0,0,863,1907
T514,10209,1,10209,0,0,1424,2126
T515,5060,1,5060,0,0,1792,2131
T516,19339,1,19339,0,0,1616,2104
T517,13081,1,13081,0,0,869,2052
T518,2840,1,2840,0,0,1417,2166
T519,18748,1,18748,0,0,1016,2143
T523,16869,1,16869,0,0,1222,2118
T524,10735,1,10735,0,0,1815,2115
T525,10273,1,10273,0,0,912,2142
T533,4757,1,4757,0,0,1322,2201
T534,16491,1,16491,0,0,1414,2192
T535,20608,1,20608,0,0,1520,2197
T536,27114,1,27114,0,0,962,2205
T537,25747,1,25747,0,0,1839,2184
T538,11938,1,11938,0,0,849,2268
T539,2270,1,2270,0,0,1984,2312
T540,18222,1,18222,0,0,1300,2265
T541,17412,1,17412,0,0,1520,2292
T542,327,1,327,0,0,893,2357
T543,13598,1,13598,0,0,802,2259
T544,9667,1,9667,0,0,1691,2317
T547,22597,1,22597,0,0,885,2338
T548,7592,1,7592,0,0,1853,2375
T549,17542,1,17542,0,0,1939,2340
T550,22295,1,22295,0,0,1475,2397
T551,5226,1,5226,0,0,1867,2411
T552,29682,1,29682,0,0,1254,2313
T553,23588,1,23588,0,0,1141,2419
T554,11450,1,11450,0,0,1668,2447
T555,1,1,1,1,0,931,2523
T556,7812,1,7812,0,0,1369,2494
T557,14924,1,14924,0,0,1669,2431
T558,7641,1,7641,0,0,879,2468
T559,1,1,1,1,0,1683,2574
T560,3452,1,3452,0,0,931,2524
T561,7285,1,7285,0,0,1772,2508
T562,103,1,103,0,0,1010,2586
T563,3755,1,3755,0,0,1074,2564
T564,2400,1,2400,0,0,1846,2535
T565,4127,1,4127,0,0,1524,2568
T566,24646,1,24646,0,0,1475,2544
T567,9649,1,9649,0,0,1862,2530
T568,20030,1,20030,0,0,1251,2565
T569,15489,1,15489,0,0,1821,2545
T570,1,1,1,1,0,1902,2664
T572,1,1,1,1,0,1879,2673
T573,6527,1,6527,0,0,1841,2544
T574,3336,1,3336,0,0,1038,2640
T575,15627,1,15627,0,0,1678,2593
T576,3230,1,3230,0,0,1610,2651
T577,4481,1,4481,0,0,1102,2645
T578,5056,1,5056,0,0,1071,2687
T579,7575,1,7575,0,0,1279,2681
T580,12142,1,12142,0,0,1343,2649
T581,40261,1,40261,0,0,1002,2598
T582,11943,1,11943,0,0,1418,2683
T583,13529,1,13529,0,0,1516,2682
T584,4338,1,4338,0,0,1499,2748
T585,13690,1,13690,0,0,1175,2714
T586,9566,1,9566,0,0,1030,2746
T587,2440,1,2440,0,0,1884,2769
T588,5187,1,5187,0,0,1485,2809
T589,51564,1,51564,0,0,1629,2691
T590,12769,1,12769,0,0,1136,2745
T591,19767,1,19767,0,0,1369,2815
T592,10980,1,10980,0,0,1114,2829
T593,17746,1,17746,0,0,1511,2863
T594,16414,1,16414,0,0,949,2854
T595,21128,1,21128,0,0,1079,2876
T596,11566,1,11566,0,0,1422,2926
T597,10213,1,10213,0,0,1440,2908
T598,10826,1,10826,0,0,1269,2904
T599,8042,1,8042,0,0,1006,2992
T600,6815,1,6815,0,0,1767,2977
T601,1,1,1,1,0,1730,3040
T602,7680,1,7680,0,0,1455,2997
T603,5732,1,5732,0,0,1105,3008
T604,23368,1,23368,0,0,1714,2941
T605,20086,1,20086,0,0,965,2954
T606,6217,1,6217,0,0,1202,3022
T607,6401,1,6401,0,0,1478,3067
T608,15118,1,15118,0,0,1026,3055
T609,12336,1,12336,0,0,1364,3057
T610,7894,1,7894,0,0,1341,3059
T611,9700,1,9700,0,0,1074,3077
T612,15457,1,15457,0,0,1209,3067
T613,17406,1,17406,0,0,1541,3129
T614,10444,1,10444,0,0,1040,3149
T615,11644,1,11644,0,0,873,3123
T616,16741,1,16741,0,0,988,3157
T617,6395,1,6395,0,0,1343,3187
T618,17523,1,17523,0,0,1694,3110
T619,6959,1,6959,0,0,1282,3213
T620,14724,1,14724,0,0,1406,3185
T621,11570,1,11570,0,0,1116,3207
T622,8281,1,8281,0,0,1336,3259
T623,5281,1,5281,0,0,1153,3259
T624,13296,1,13296,0,0,1004,3272
T625,6401,1,6401,0,0,1209,3290
T626,10312,1,10312,0,0,1428,3323
T627,6564,1,6564,0,0,1116,3328
T628,7292,1,7292,0,0,1294,3355
T629,11711,1,11711,0,0,1330,3355
T630,11215,1,11215,0,0,1035,3362
T631,20654,1,20654,0,0,869,3365
T632,8783,1,8783,0,0,1112,3409
T633,22240,1,22240,0,0,1512,3339
T634,16962,1,16962,0,0,829,3319
T635,17562,1,17562,0,0,1236,3433
T636,5,1,5,0,0,799,3532
T637,2137,1,2137,0,0,1422,3489
T638,8,1,8,0,0,799,3533
T639,13612,1,13612,0,0,959,3464
T640,11631,1,11631,0,0,1163,3439
T641,4,1,4,0,0,1540,3544
T642,3809,1,3809,0,0,804,3468
T643,1,1,1,1,0,1547,3554
T644,5666,1,5666,0,0,1582,3531
T645,7400,1,7400,0,0,1197,3519
T646,13196,1,13196,0,0,1098,3524
T647,11252,1,11252,0,0,893,3571
T648,16123,1,16123,0,0,1334,3560
T649,13077,1,13077,0,0,1160,3640
T650,1,1,1,1,0,965,3725
T651,1,1,1,1,0,1121,3726
T652,1,1,1,1,0,1120,3727
T653,2,1,2,0,0,1126,3740
T654,4271,1,4271,0,0,1541,1380
T655,16760,1,16760,0,0,1187,1945
