row,waypoint_number,default_waypoint_name,waypoint_id_suggestion,level,map_region,current_ruling_faction,current_ruling_player,default_factions_present,capital_faction,default_ruler_player,new_waypoint_name,conquest_achieved
2,228,Cape of Forochel,cape_of_forochel,1,FORODWAITH,ANGMAR,,ANGMAR,,,,
3,117,Carn Dûm,carn_d_m,2,ANGMAR (MOUNTIANS),ANGMAR,,ANGMAR,,,,
4,269,Dáin's Halls,d_in_s_halls,1,GREY_MOUNTAINS,ANGMAR,Neutral Zone,"ANGMAR, GUNDABAD",,,,
5,199,Scatha's Lair,scatha_s_lair,1,GREY_MOUNTAINS,ANGMAR,Neutral Zone,"ANGMAR, GUNDABAD",,,,
6,254,South Forochel,south_forochel,1,FORODWAITH,ANGMAR,,ANGMAR,,,,
7,8,Withered Heath,withered_heath,1,FORODWAITH,ANGMAR,Neutral Zone,ANGMAR,,,,
8,1,Arvedui's Mines,arvedui_s_mines,2,BLUE_MOUNTAINS,BLUE_MOUNTAINS,,BLUE_MOUNTAINS,,,,
9,177,Belegost,belegost,2,BLUE_MOUNTAINS,BLUE_MOUNTAINS,,BLUE_MOUNTAINS,,,,
10,281,Mount Dolmed,mount_dolmed,2,BLUE_MOUNTAINS,BLUE_MOUNTAINS,,BLUE_MOUNTAINS,,,,
11,39,Mount Rerir,mount_rerir,2,BLUE_MOUNTAINS,BLUE_MOUNTAINS,,BLUE_MOUNTAINS,,,,
12,209,Nogrod,nogrod,2,BLUE_MOUNTAINS,BLUE_MOUNTAINS,,BLUE_MOUNTAINS,,,,
13,122,Thorin's Halls,thorin_s_halls,2,BLUE_MOUNTAINS,BLUE_MOUNTAINS,,BLUE_MOUNTAINS,,,,
14,239,Thráin's Halls,thr_in_s_halls,2,BLUE_MOUNTAINS,BLUE_MOUNTAINS,Neutral Zone,BLUE_MOUNTAINS,,,,
15,103,Archet,archet,2,BREE_LAND,BREE,,BREE,,,,
16,123,Bree,bree,3,BREE_LAND,BREE,,BREE,,,,
17,59,Combe,combe,2,BREE_LAND,BREE,,BREE,,,,
18,79,Forsaken Inn,forsaken_inn,2,BREE_LAND,BREE,Neutral Zone,BREE,,,,
19,172,Staddle,staddle,2,BREE_LAND,BREE,,BREE,,,,
20,71,Bardhaven,bardhaven,2,DALE,DALE,Neutral Zone,DALE,,,,
21,208,Dale,dale,3,DALE,DALE,Neutral Zone,DALE,,,,
22,106,Great Dalish Crossroads,great_dalish_crossroads,2,DALE,DALE,Neutral Zone,DALE,,,,
23,26,Long Lake,long_lake,2,DALE,DALE,Neutral Zone,DALE,,,,
24,118,Redwater Ford,redwater_ford,2,DALE,DALE,Neutral Zone,DALE,,,,
25,206,Running Ford,running_ford,2,DALE,DALE,Neutral Zone,DALE,,,,
26,220,Dol Guldur (Captial),dol_guldur_captial,3,MIRKWOOD (DOL_GULDUR),DOL_GULDUR,Neutral Zone,DOL_GULDUR,,TheEpicRat,,
27,89,East Bight,east_bight,1,EAST_BIGHT,DOL_GULDUR,Neutral Zone,"DOL_GULDUR, GUNDABAD, MORDOR",,TheEpicRat,,
28,120,Mountains of Mirkwood,mountains_of_mirkwood,1,MIRKWOOD (MOUNTIANS),DOL_GULDUR,Neutral Zone,DOL_GULDUR,,TheEpicRat,,
29,16,Rhosgobel,rhosgobel,2,MIRKWOOD,DOL_GULDUR,Neutral Zone,DOL_GULDUR,,TheEpicRat,,
30,158,Amon Gwîn,amon_gw_n,2,DORWINION,DORWINION,Neutral Zone,DORWINION,,,,
31,3,Dorwinion Crossroads,dorwinion_crossroads,1,WILDERLAND,DORWINION,Neutral Zone,"GUNDABAD, MORDOR, DOL_GULDUR",,Neutral Zone,should this be DG?,
32,189,Golden Ford,golden_ford,2,DORWINION,DORWINION,Neutral Zone,DORWINION,,,,
33,129,Mirulond,mirulond,2,DORWINION,DORWINION,Neutral Zone,DORWINION,,,,
34,6,Vintner Court,vintner_court,2,DORWINION,DORWINION,Neutral Zone,DORWINION,,,,
35,162,Annúminas,ann_minas,1,ERIADOR (DOWNS),DUNEDAIN,_Dayne_,"DUNEDAIN, GUNDABAD",,Neutral Zone,,
36,253,Fornost,fornost,1,ERIADOR,DUNEDAIN,_Dayne_,"DUNEDAIN, GUNDABAD",,Neutral Zone,,
37,69,Last Bridge,last_bridge,1,LONE_LANDS,DUNEDAIN,_Dayne_,"DUNEDAIN, GUNDABAD, ANGMAR (RHUDAUR)",,_Dayne_,,
38,33,Old Elven Way,old_elven_way,1,LONE_LANDS,DUNEDAIN,_Dayne_,"DUNEDAIN, GUNDABAD, ANGMAR (RHUDAUR)",,_Dayne_,,
39,52,Weathertop,weathertop,2,LONE_LANDS,DUNEDAIN,_Dayne_,"DUNEDAIN, GUNDABAD, ANGMAR (RHUDAUR)",,_Dayne_,,
40,63,Corsair's Landing,corsair_s_landing,2,WEST_MARCH,DUNLAND,,"DUNLAND, ISENGARD",,,,
41,43,Duneard,duneard,3,DUNLAND,DUNLAND,Neutral Zone,"DUNLAND, ISENGARD",,,,
42,163,Dwarrowvale,dwarrowvale,3,DUNLAND,DUNLAND,Neutral Zone,"DUNLAND, ISENGARD",,,,
43,48,Firwold,firwold,3,DUNLAND,DUNLAND,Neutral Zone,"DUNLAND, ISENGARD",,,,
44,29,Fords of Isen,fords_of_isen,3,DUNLAND,DUNLAND,,"DUNLAND, ISENGARD",,,,
45,131,Freca's Hold,freca_s_hold,2,WEST_MARCH,DUNLAND,Neutral Zone,"DUNLAND, ISENGARD",,,,
46,279,Lond Daer,lond_daer,2,ENEDWAITH,DUNLAND,,DUNLAND,,,,
47,229,Mouths of Isen,mouths_of_isen,2,ENEDWAITH,DUNLAND,,DUNLAND,,,,
48,78,Old South Road,old_south_road,2,ENEDWAITH,DUNLAND,,DUNLAND,,,,
49,167,Wulfburg,wulfburg,3,DUNLAND,DUNLAND,Neutral Zone,"DUNLAND, ISENGARD",,,,
50,214,East Peak,east_peak,2,IRON_HILLS,DURINS_FOLK,Cardeh,DURINS_FOLK,,Cardeh,,
51,45,Erebor,erebor,3,DALE (EREBOR),DURINS_FOLK,Cardeh,DURINS_FOLK,,Cardeh,,
52,40,West Peak,west_peak,2,IRON_HILLS,DURINS_FOLK,Cardeh,DURINS_FOLK,,Cardeh,,
53,139,Derndingle,derndingle,2,FANGORN,FANGORN,Neutral Zone,FANGORN,,,,
54,61,Treebeard's Hill,treebeard_s_hill,1,FANGORN,FANGORN,Neutral Zone,FANGORN,,,,
55,198,Wellinghall,wellinghall,1,FANGORN,FANGORN,Neutral Zone,FANGORN,,,,
56,136,Amon Dîn,amon_d_n,1,GONDOR (ANÓRIEN),GONDOR,Killstreak7634,"GONDOR (ARNÓRIEN), MORDOR","If mulitple kinds of troops spawn, we probably need to insert another row with the same info, just the different faction.",Killstreak7634,,
57,95,Cair Andros,cair_andros,1,GONDOR (ANÓRIEN),GONDOR,Killstreak7634,"GONDOR (ARNÓRIEN), MORDOR",,Killstreak7634,,
58,194,Calembel,calembel,2,LAMEDON,GONDOR,Killstreak7634,GONDOR (LAMEDON),,Killstreak7634,,
59,259,Calenhad,calenhad,1,GONDOR (ANÓRIEN),GONDOR,Killstreak7634,"GONDOR (ARNÓRIEN), MORDOR",,Killstreak7634,,
60,276,Crossings of Erui,crossings_of_erui,2,LOSSARNACH,GONDOR,Killstreak7634,GONDOR (LOSSARNACH),,,,
61,256,Crossings of Poros,crossings_of_poros,2,ITHILIEN,GONDOR,Killstreak7634,"GONDOR (ITHILIEN), MORDOR",,Killstreak7634,,
62,262,Crossroads of the Fallen King,crossroads_of_the_fallen_king,2,ITHILIEN,GONDOR,Killstreak7634,"GONDOR (ITHILIEN), MORDOR",,Killstreak7634,,
63,142,Dol Amroth,dol_amroth,2,DOR_EN_ERNIL,GONDOR,Killstreak7634,"GONDOR (DOL_AMROTH), MORDOR",,Killstreak7634,,
64,66,East Osgiliath,east_osgiliath,2,ITHILIEN,GONDOR,Killstreak7634,"GONDOR (ITHILIEN), MORDOR",,Killstreak7634,,
65,100,Edhellond,edhellond,2,DOR_EN_ERNIL,GONDOR,Killstreak7634,"GONDOR (DOL_AMROTH), MORDOR",,Killstreak7634,,
66,244,Eilenach,eilenach,1,GONDOR (ANÓRIEN),GONDOR,Killstreak7634,"GONDOR (ARNÓRIEN), MORDOR",,Killstreak7634,,
67,251,Emyn Arnen,emyn_arnen,2,ITHILIEN (HILLS),GONDOR,Killstreak7634,"GONDOR (ITHILIEN), MORDOR",,Killstreak7634,,
68,170,Erech,erech,2,BLACKROOT_VALE,GONDOR,Killstreak7634,GONDOR (BLACKROOT_VALE),,Killstreak7634,,
69,133,Erelas,erelas,1,GONDOR (ANÓRIEN),GONDOR,Killstreak7634,"GONDOR (ARNÓRIEN), MORDOR",,Killstreak7634,,
70,5,Ethir Anduin,ethir_anduin,1,LEBENNIN,GONDOR,Killstreak7634,GONDOR (LEBENNIN),,Killstreak7634,,
71,222,Ethring,ethring,2,LAMEDON,GONDOR,Killstreak7634,GONDOR (LAMEDON),,Killstreak7634,,
72,218,Halifirien,halifirien,1,GONDOR (ANÓRIEN),GONDOR,Killstreak7634,"GONDOR (ARNÓRIEN), MORDOR",,Killstreak7634,,
73,20,Henneth Annûn,henneth_ann_n,2,ITHILIEN,GONDOR,Killstreak7634,"GONDOR (ITHILIEN), MORDOR",,Killstreak7634,,
74,156,Imloth Melui,imloth_melui,2,LOSSARNACH,GONDOR,Killstreak7634,GONDOR (LOSSARNACH),,,,
75,9,Linhir,linhir,2,LEBENNIN,GONDOR,Killstreak7634,GONDOR (LEBENNIN),,Killstreak7634,,
76,84,Min-Rimmon,min_rimmon,1,GONDOR (ANÓRIEN),GONDOR,Killstreak7634,"GONDOR (ARNÓRIEN), MORDOR",,Killstreak7634,,
77,245,Minas Tirith (Captial),minas_tirith_captial,3,GONDOR (PERENNOR_FIELDS),GONDOR,Killstreak7634,GONDOR (ARNÓRIEN),,Killstreak7634,,
78,268,Nardol,nardol,1,GONDOR (ANÓRIEN),GONDOR,Killstreak7634,"GONDOR (ARNÓRIEN), MORDOR",,Killstreak7634,,
79,7,North Ithilien,north_ithilien,2,ITHILIEN,GONDOR,Killstreak7634,"GONDOR (ITHILIEN), MORDOR",,M3atyman,,
80,37,Pelargir,pelargir,2,LEBENNIN,GONDOR,Killstreak7634,GONDOR (LEBENNIN),,Killstreak7634,,
81,258,Pinnath Gelin,pinnath_gelin,2,PINNATH_GELIN,GONDOR,Killstreak7634,GONDOR (PINNATH_GELIN),,Killstreak7634,,
82,24,Ras Morthil,ras_morthil,1,WHITE_MOUNTAINS,GONDOR,Killstreak7634,GONDOR (ARNÓRIEN),,Killstreak7634,,
83,46,Tarlang's Neck,tarlang_s_neck,1,WHITE_MOUNTAINS,GONDOR,Killstreak7634,GONDOR (ARNÓRIEN),,Killstreak7634,,
84,25,Tarnost,tarnost,2,DOR_EN_ERNIL,GONDOR,Killstreak7634,"GONDOR (DOL_AMROTH), MORDOR",,Killstreak7634,,
85,113,West Osgiliath,west_osgiliath,1,GONDOR (ANÓRIEN),GONDOR,Killstreak7634,"GONDOR (ARNÓRIEN), MORDOR",,Killstreak7634,,
86,271,Eagles' Eyrie,eagles_eyrie,1,MISTY_MOUNTAINS,GUNDABAD,Neutral Zone,GUNDABAD,,,,
87,270,Goblin Town,goblin_town,2,MISTY_MOUNTAINS,GUNDABAD,Neutral Zone,GUNDABAD,,,,
88,128,High Pass,high_pass,2,MISTY_MOUNTAINS,GUNDABAD,Neutral Zone,GUNDABAD,,,,
89,227,Mount Caradhras,mount_caradhras,1,MISTY_MOUNTAINS,GUNDABAD,Neutral Zone,GUNDABAD,,,,
90,109,Mount Celebdil,mount_celebdil,1,MISTY_MOUNTAINS,GUNDABAD,Neutral Zone,GUNDABAD,,,,
91,137,Mount Fanuidhol,mount_fanuidhol,1,MISTY_MOUNTAINS,GUNDABAD,Neutral Zone,GUNDABAD,,,,
92,28,Mount Gram,mount_gram,2,MISTY_MOUNTAINS,GUNDABAD,Neutral Zone,GUNDABAD,,,,
93,77,Mount Gundabad,mount_gundabad,2,MISTY_MOUNTAINS,GUNDABAD,Neutral Zone,GUNDABAD,,,,
94,183,Mount Methedras,mount_methedras,1,MISTY_MOUNTAINS,GUNDABAD,,GUNDABAD,,,,
95,240,Ost-in-Edhil,ost_in_edhil,1,EREGION,GUNDABAD,Neutral Zone,GUNDABAD,,,,
96,213,River Gate,river_gate,1,WILDERLAND,GUNDABAD,Neutral Zone,GUNDABAD,,Neutral Zone,Should this be WR??,
97,159,West Gate,west_gate,1,EREGION,GUNDABAD,Neutral Zone,GUNDABAD,,,,
98,207,Durfalas,durfalas,3,PERTOROGWAITH,HALF_TROLL,,HALF_TROLL,,,,
99,96,Hardorogost,hardorogost,3,PERTOROGWAITH,HALF_TROLL,Neutral Zone,HALF_TROLL,,,Delfim Enduruil,
100,237,Kimen Kâh,kimen_k_h,1,PERTOROGWAITH_FOREST,HALF_TROLL,,HALF_TROLL,,,,
101,91,Sereghir,sereghir,3,PERTOROGWAITH,HALF_TROLL,Neutral Zone,HALF_TROLL,,,,
102,121,Tol Torog,tol_torog,3,PERTOROGWAITH,HALF_TROLL,Neutral Zone,HALF_TROLL,,,Delfim Nunduil,
103,72,Ain an-Ahâr,ain_an_ah_r,2,SOUTHRON_COASTS,HARAD,Bweezly,NEAR_HARAD (COAST_SOUTHRONS),NOTES:,Bweezly,,
104,90,Ajtiaz an-Ahâr,ajtiaz_an_ah_r,2,SOUTHRON_COASTS,HARAD,Bweezly,NEAR_HARAD (COAST_SOUTHRONS),,Bweezly,,
105,187,An-batîna,an_bat_na,2,HARNEDOR,HARAD,Bweezly,NEAR_HARAD (HARNENNOR),,Bweezly,,
106,241,Anât an-Khôrumor,an_t_an_kh_rumor,3,UMBAR,HARAD,Bweezly,NEAR_HARAD (UMBAR),,Bweezly,,
107,204,Anât an-Phôinûr,an_t_an_ph_in_r,2,SOUTHRON_COASTS,HARAD,Bweezly,NEAR_HARAD (COAST_SOUTHRONS),,Bweezly,,
108,130,Arminazûl,arminaz_l,3,GULF_HARAD,HARAD,Bweezly,NEAR_HARAD (GULFINGS),,Bweezly,,
109,215,Ayûkaph-amâm,ay_kaph_am_m,1,HARAD_DESERT (HALF),HARAD,Bweezly,NEAR_HARAD (HARAD_NOMADS),,Bweezly,,
110,92,Bakrîzad,bakr_zad,3,GULF_HARAD,HARAD,Bweezly,NEAR_HARAD (GULFINGS),,Bweezly,,
111,217,Bêlkadar,b_lkadar,2,HARNEDOR,HARAD,Bweezly,NEAR_HARAD (HARNENNOR),,Bweezly,,
112,11,Bridge of Harlanhir,bridge_of_harlanhir,3,GULF_HARAD,HARAD,Bweezly,NEAR_HARAD (GULFINGS),,Bweezly,,
113,116,Cedar-woods,cedar_woods,2,SOUTHRON_COASTS,HARAD,Bweezly,NEAR_HARAD (COAST_SOUTHRONS),,Bweezly,,
114,176,Crossings of Harnen,crossings_of_harnen,1,HARONDOR,HARAD,Bweezly,NEAR_HARAD (HARNENNOR),,Bweezly,,
115,82,Crossings of Lithnen,crossings_of_lithnen,2,HARNEDOR,HARAD,Bweezly,NEAR_HARAD (HARNENNOR),,Bweezly,,
116,35,Emerald Lakes,emerald_lakes,1,FAR_HARAD_JUNGLE,TAURETHRIM,Neutral Zone,TAURETHRIM,,,,
117,165,Ephalôn,ephal_n,3,GULF_HARAD,HARAD,Bweezly,NEAR_HARAD (GULFINGS),,Bweezly,,
118,12,Gardens of Barûphel,gardens_of_bar_phel,2,SOUTHRON_COASTS,HARAD,Bweezly,NEAR_HARAD (COAST_SOUTHRONS),,Bweezly,,
119,196,Gate of Umbar,gate_of_umbar,3,UMBAR,HARAD,Bweezly,NEAR_HARAD (UMBAR),,Bweezly,,
120,13,Gâth-azrazâin,g_th_azraz_in,2,SOUTHRON_COASTS,HARAD,Bweezly,NEAR_HARAD (COAST_SOUTHRONS),,Bweezly,,
121,175,Ijdi-ilel,ijdi_ilel,1,HARAD_DESERT (HALF),HARAD,Bweezly,NEAR_HARAD (HARAD_NOMADS),,Bweezly,,
122,185,Izêm-ulzuz,iz_m_ulzuz,1,HARAD_DESERT (HALF),HARAD,Bweezly,NEAR_HARAD (HARAD_NOMADS),,Bweezly,,
123,173,Khôpakadar,kh_pakadar,3,GULF_HARAD,HARAD,Bweezly,NEAR_HARAD (GULFINGS),,Bweezly,,
124,230,Lîpha-tûn,l_pha_t_n,2,SOUTHRON_COASTS,HARAD,Bweezly,NEAR_HARAD (COAST_SOUTHRONS),,Bweezly,,
125,184,Ninzadîn,ninzad_n,2,HARNEDOR,HARAD,Bweezly,NEAR_HARAD (HARNENNOR),,Bweezly,,
126,233,Nurêmin,nur_min,2,SOUTHRON_COASTS,HARAD,Bweezly,NEAR_HARAD (COAST_SOUTHRONS),,Bweezly,,
127,85,Tawînen,taw_nen,2,SOUTHRON_COASTS,HARAD,Bweezly,NEAR_HARAD (COAST_SOUTHRONS),,Bweezly,,
128,179,Tolfalas,tolfalas,2,TOLFALAS,HARAD,Bweezly,NEAR_HARAD (COAST_SOUTHRONS),,Bweezly,,
129,186,Topaz Bay,topaz_bay,2,GULF_HARAD,HARAD,Bweezly,NEAR_HARAD (GULFINGS),,Bweezly,,
130,10,Ugrî-zadîn,ugr_zad_n,2,HARNEDOR,HARAD,Bweezly,NEAR_HARAD (HARNENNOR),,Bweezly,,
131,153,Umbar,umbar,3,UMBAR,HARAD,Bweezly,NEAR_HARAD (UMBAR),,Bweezly,,
132,249,Yaphurushi,yaphurushi,3,GULF_HARAD,HARAD,Bweezly,NEAR_HARAD (GULFINGS),,Bweezly,,
133,65,Amon Ereb,amon_ereb,3,LINDON,HIGH_ELVES,AlcoholicCat,HIGH_ELF (LINDON),,AlcoholicCat,,
134,195,Elostirion,elostirion,3,LINDON,HIGH_ELVES,AlcoholicCat,HIGH_ELF (LINDON),,AlcoholicCat,,
135,14,Ford of Bruinen,ford_of_bruinen,3,RIVENDELL_VALE,HIGH_ELVES,AlcoholicCat,HIGH_ELF (RIVENDELL),,AlcoholicCat,,
136,211,Forlindon,forlindon,3,LINDON,HIGH_ELVES,AlcoholicCat,HIGH_ELF (LINDON),,AlcoholicCat,,
137,226,Forlond,forlond,3,LINDON,HIGH_ELVES,AlcoholicCat,HIGH_ELF (LINDON),,AlcoholicCat,,
138,157,Harlindon,harlindon,3,LINDON,HIGH_ELVES,AlcoholicCat,HIGH_ELF (LINDON),,AlcoholicCat,,
139,161,Harlond,harlond,3,LINDON,HIGH_ELVES,AlcoholicCat,HIGH_ELF (LINDON),,AlcoholicCat,,
140,81,North Mithlond,north_mithlond,3,LINDON,HIGH_ELVES,AlcoholicCat,HIGH_ELF (LINDON),,AlcoholicCat,,
141,210,Rivendell,rivendell,3,RIVENDELL_VALE,HIGH_ELVES,AlcoholicCat,HIGH_ELF (RIVENDELL),,AlcoholicCat,,
142,266,South Mithlond,south_mithlond,3,LINDON,HIGH_ELVES,AlcoholicCat,HIGH_ELF (LINDON),,AlcoholicCat,,
143,62,Brandywine Bridge,brandywine_bridge,3,SHIRE,HOBBIT,,HOBBIT,,,,
144,105,Brockenborings,brockenborings,3,SHIRE,HOBBIT,,HOBBIT,,,,
145,284,Bucklebury,bucklebury,3,SHIRE,HOBBIT,,HOBBIT,,,,
146,267,Bywater,bywater,3,SHIRE,HOBBIT,,HOBBIT,,,,
147,17,Deephallow,deephallow,3,SHIRE,HOBBIT,,HOBBIT,,,,
148,232,Frogmorton,frogmorton,3,SHIRE,HOBBIT,,HOBBIT,,,,
149,98,Greenholm,greenholm,3,SHIRE,HOBBIT,,HOBBIT,,,,
150,119,Hay Gate,hay_gate,3,SHIRE,HOBBIT,,HOBBIT,,,,
151,124,Haysend,haysend,3,SHIRE,HOBBIT,,HOBBIT,,,,
152,47,Hobbiton,hobbiton,3,SHIRE,HOBBIT,,HOBBIT,,,,
153,277,Little Delving,little_delving,3,SHIRE,HOBBIT,,HOBBIT,,,,
154,86,Longbottom,longbottom,3,SHIRE,HOBBIT,,HOBBIT,,,,
155,104,Michel Delving,michel_delving,3,SHIRE,HOBBIT,,HOBBIT,,,,
156,205,Needlehole,needlehole,2,SHIRE (MOORS),HOBBIT,,HOBBIT,,,,
157,191,Nobottle,nobottle,2,SHIRE (MOORS),HOBBIT,,HOBBIT,,,,
158,155,Oatbarton,oatbarton,2,SHIRE (MOORS),HOBBIT,,HOBBIT,,,,
159,243,Overhill,overhill,3,SHIRE,HOBBIT,,HOBBIT,,,,
160,160,Sarn Ford,sarn_ford,3,SHIRE,HOBBIT,,HOBBIT,,,,
161,248,Scary,scary,3,SHIRE,HOBBIT,,HOBBIT,,,,
162,263,Stock,stock,3,SHIRE,HOBBIT,,HOBBIT,,,,
163,87,Tighfield,tighfield,3,SHIRE,HOBBIT,,HOBBIT,,,,
164,41,Tuckborough,tuckborough,3,SHIRE,HOBBIT,,HOBBIT,,,,
165,182,Waymeet,waymeet,3,SHIRE,HOBBIT,Neutral Zone,HOBBIT,,,,
166,252,Whitfurrows,whitfurrows,3,SHIRE,HOBBIT,,HOBBIT,,,,
167,171,Willowbottom,willowbottom,3,SHIRE,HOBBIT,,HOBBIT,,,,
168,97,Isengard,isengard,3,NAN_CURUNIR,ISENGARD,Lil_Hashy,ISENGARD,,Lil_Hashy,,
169,278,Orthanc (Capital),orthanc_capital,3,NAN_CURUNIR,ISENGARD,Lil_Hashy,ISENGARD,,Lil_Hashy,,
170,225,Sapper's Grove,sapper_s_grove,2,FANGORN_WASTELAND,ISENGARD,Lil_Hashy,ISENGARD,,Lil_Hashy,,
171,111,Shagrat's Tomb,shagrat_s_tomb,3,URUK_HIGHLANDS,ISENGARD,Lil_Hashy,ISENGARD,,Lil_Hashy,,
172,203,Uruk Highlands,uruk_highlands,3,URUK_HIGHLANDS,ISENGARD,Lil_Hashy,ISENGARD,,Lil_Hashy,,
173,197,Caras Galadhon,caras_galadhon,3,LOTHLORIEN,LOTHLORIEN,Groove_Sloth,LOTHLORIEN,,Groove_Sloth,,
174,188,Cerin Amroth,cerin_amroth,3,LOTHLORIEN,LOTHLORIEN,Groove_Sloth,LOTHLORIEN,,Groove_Sloth,,
175,107,Dimrill Dale,dimrill_dale,1,VALES_OF_ANDUIN (HILLS),LOTHLORIEN,Groove_Sloth,"LOTHLORIEN, GUNDABAD",,Groove_Sloth,,
176,42,Field of Celebrant,field_of_celebrant,1,VALES_OF_ANDUIN (CELEBRANT),LOTHLORIEN,Groove_Sloth,"LOTHLORIEN, GUNDABAD",,Groove_Sloth,,
177,141,House of Nimrodel,house_of_nimrodel,3,LOTHLORIEN,LOTHLORIEN,Groove_Sloth,LOTHLORIEN,,Groove_Sloth,,
178,219,Amon Angren,amon_angren,3,MORDOR,MORDOR,M3atyman,MORDOR,"We need to adjust the ""FACTION"" column to correspond to what troops spawn there.",M3atyman,,
179,148,Amon Hen,amon_hen,1,EMYN_MUIL,MORDOR,M3atyman,MORDOR,,M3atyman,,
180,212,Amon Lhaw,amon_lhaw,1,EMYN_MUIL,MORDOR,M3atyman,MORDOR,,M3atyman,,
181,36,Argonath,argonath,1,EMYN_MUIL,MORDOR,M3atyman,MORDOR,,M3atyman,,
182,32,Barad-dûr,barad_d_r,3,MORDOR (GORGOROTH),MORDOR,M3atyman,MORDOR,,M3atyman,,
183,272,Black Gate,black_gate,3,DAGORLAD,MORDOR,M3atyman,MORDOR,,M3atyman,,
184,216,Carach Angren,carach_angren,3,MORDOR,MORDOR,M3atyman,MORDOR,,M3atyman,,
185,174,Cirith Ungol,cirith_ungol,3,MORDOR (MOUNTIANS),MORDOR,M3atyman,MORDOR,,M3atyman,,
186,102,Dunurnen,dunurnen,2,NURN,MORDOR,M3atyman,MORDOR,,M3atyman,,
187,30,Durthang,durthang,3,MORDOR (MOUNTIANS),MORDOR,M3atyman,MORDOR,,M3atyman,,
188,143,Eastern Guard,eastern_guard,3,MORDOR (EASTERN_DESOLATION),MORDOR,M3atyman,MORDOR,,M3atyman,,
189,180,Fornurnen,fornurnen,2,NURN,MORDOR,M3atyman,MORDOR,,M3atyman,,
190,126,Harnurnen,harnurnen,2,NURN,MORDOR,M3atyman,MORDOR,,M3atyman,,
191,44,Minas Morgul (Capital),minas_morgul_capital,3,MORDOR (MORGUL_VALE),MORDOR,M3atyman,MORDOR (MINUS_MORGUL),,M3atyman,,
192,54,Mornost,mornost,3,MORDOR (MOUNTIANS),MORDOR,M3atyman,MORDOR,,M3atyman,,
193,75,Mount Doom,mount_doom,3,MORDOR (GORGOROTH),MORDOR,M3atyman,MORDOR,,M3atyman,,
194,22,Narroth,narroth,3,MORDOR (MOUNTIANS),MORDOR,M3atyman,MORDOR,,M3atyman,,
195,152,Rhunurnen,rhunurnen,2,NURN,MORDOR,M3atyman,MORDOR,,M3atyman,,
196,70,Seregost,seregost,3,MORDOR,MORDOR,M3atyman,MORDOR,,M3atyman,,
197,49,Thorband,thorband,2,NURN,MORDOR,M3atyman,MORDOR,,M3atyman,,
198,264,Vale of the Fell Beasts,vale_of_the_fell_beasts,3,MORDOR,MORDOR,M3atyman,MORDOR,,M3atyman,,
199,23,Valley of Spiders,valley_of_spiders,3,NAN_UNGOL,MORDOR,M3atyman,MORDOR (NAN_UNGOL),,M3atyman,,
200,4,Valley of Udûn,valley_of_ud_n,3,MORDOR (UDÛN),MORDOR,M3atyman,MORDOR,,M3atyman,,
201,34,Bridge of Haraduin,bridge_of_haraduin,1,FAR_HARAD (GRASSLANDS),MORWAITH,,MORWAITH,,,,
202,221,Deep Harad,deep_harad,1,FAR_HARAD (GRASSLANDS),MORWAITH,,MORWAITH,,,,
203,255,Hill of the Sun,hill_of_the_sun,1,FAR_HARAD (GRASSLANDS),MORWAITH,,MORWAITH,,,,
204,132,Hunters' Haunt,hunters_haunt,1,FAR_HARAD (GRASSLANDS),MORWAITH,,MORWAITH,,,,
205,190,Nan Harnagorath,nan_harnagorath,1,FAR_HARAD (GRASSLANDS),MORWAITH,Neutral Zone,MORWAITH,,,,
206,151,Nin Haecharad,nin_haecharad,1,FAR_HARAD (GRASSLANDS),MORWAITH,,MORWAITH,,,,
207,231,Town of Bones,town_of_bones,1,FAR_HARAD (GRASSLANDS),MORWAITH,,MORWAITH,,,,
208,168,Upper Floodplains,upper_floodplains,1,FAR_HARAD (GRASSLANDS),MORWAITH,,MORWAITH,,,,
209,53,Balcharas,balcharas,1,RHUN,NONE,Neutral Zone,UNALIGNED,,Neutral Zone,,
210,115,Baraz-tûm,baraz_t_m,1,RED_MOUNTAINS,NONE,Neutral Zone,UNALIGNED,,Neutral Zone,,
211,58,Beorn's Hall,beorn_s_hall,1,VALES_OF_ANDUIN,NONE,Neutral Zone,"LOTHLORIEN, GUNDABAD",,Neutral Zone,,
212,192,Carrock,carrock,1,VALES_OF_ANDUIN,NONE,Neutral Zone,"LOTHLORIEN, GUNDABAD",,Neutral Zone,,
213,67,Chunha,chunha,1,FAR_HARAD (SWAMPLAND),NONE,Neutral Zone,UNALIGNED,,Neutral Zone,,
214,73,Crossroads of Anduin,crossroads_of_anduin,1,VALES_OF_ANDUIN,NONE,Neutral Zone,"LOTHLORIEN, GUNDABAD",,Neutral Zone,,
215,234,East Rhovanion Gate,east_rhovanion_gate,1,VALES_OF_ANDUIN,NONE,Neutral Zone,"LOTHLORIEN, GUNDABAD",,Neutral Zone,,
216,257,Eryn Vorn,eryn_vorn,1,ERIADOR,NONE,Neutral Zone,"GUNDABAD, DUNEDAIN",,Neutral Zone,,
217,68,Ethir Haraduin,ethir_haraduin,1,FAR_HARAD (MANGROVE),NONE,Neutral Zone,UNALIGNED,,Neutral Zone,,
218,60,Forest Gate,forest_gate,1,VALES_OF_ANDUIN,NONE,Neutral Zone,"LOTHLORIEN, GUNDABAD",,Neutral Zone,,
219,134,Framsburg,framsburg,1,VALES_OF_ANDUIN,NONE,Neutral Zone,"LOTHLORIEN, GUNDABAD",,Neutral Zone,,
220,125,Gladden Confluence,gladden_confluence,1,VALES_OF_ANDUIN (GLADDEN_FIELDS),NONE,Neutral Zone,"LOTHLORIEN, GUNDABAD",,Neutral Zone,,
221,64,Greenway Crossroads,greenway_crossroads,1,ERIADOR,NONE,Neutral Zone,"DUNEDAIN, GUNDABAD",,Neutral Zone,,
222,76,Himling,himling,1,OCEAN,NONE,Neutral Zone,UNALIGNED,,Neutral Zone,,
223,110,Horn of Harad,horn_of_harad,1,FAR_HARAD (BUSHLAND),NONE,Neutral Zone,UNALIGNED,,Neutral Zone,,
224,200,Khandwater Ford,khandwater_ford,1,LOSTLADEN,NONE,Neutral Zone,UNALIGNED,,,,
225,146,Meneltarma,meneltarma,1,MENELTARMA,NONE,Neutral Zone,UNALIGNED,,Neutral Zone,,
226,274,Mount Athras,mount_athras,1,HARAD_MOUNTAINS,NONE,Neutral Zone,UNALIGNED,,Neutral Zone,,
227,150,Mount Belegwaeras,mount_belegwaeras,1,HARAD_MOUNTAINS,NONE,Neutral Zone,UNALIGNED,,Neutral Zone,,
228,135,Mount Laegras,mount_laegras,1,HARAD_MOUNTAINS,NONE,Neutral Zone,UNALIGNED,,Neutral Zone,,
229,235,North Downs,north_downs,1,ERIADOR (DOWNS),NONE,Neutral Zone,"DUNEDAIN, GUNDABAD",,Neutral Zone,,
230,57,North Khand Road,north_khand_road,1,RHUN,NONE,Neutral Zone,UNALIGNED,,Neutral Zone,,
231,147,North Undeep,north_undeep,1,BROWN_LANDS,NONE,Neutral Zone,UNALIGNED,,Neutral Zone,,
232,74,Old Ford,old_ford,1,VALES_OF_ANDUIN,NONE,Neutral Zone,"LOTHLORIEN, GUNDABAD",,Neutral Zone,,
233,127,Old Rhovanion,old_rhovanion,1,WILDERLAND,NONE,Neutral Zone,"GUNDABAD, MORDOR, DOL_GULDUR",,Neutral Zone,,
234,51,Rauros,rauros,1,VALES_OF_ANDUIN,NONE,Neutral Zone,"LOTHLORIEN, GUNDABAD",,Neutral Zone,,
235,223,Redway,redway,1,RHUN,NONE,Neutral Zone,UNALIGNED,,Neutral Zone,,
236,114,South Downs,south_downs,1,ERIADOR (DOWNS),NONE,Neutral Zone,"DUNEDAIN, GUNDABAD",,_Dayne_,,
237,145,South Eriador (C),south_eriador_c,1,ERIADOR,NONE,,GUNDABAD,,,,
238,56,South Undeep,south_undeep,1,BROWN_LANDS,NONE,Neutral Zone,UNALIGNED,,Neutral Zone,,
239,250,Taurelondë,taurelond,1,FAR_HARAD (GRASSLANDS),NONE,Neutral Zone,UNALIGNED,,Neutral Zone,,
240,144,Tharbad,tharbad,1,ERIADOR,NONE,Neutral Zone,"DUNEDAIN, GUNDABAD",,Neutral Zone,,
241,38,The Pits,the_pits,1,ANGMAR,NONE,Neutral Zone,"UNALIGNED, ANGMAR",,Neutral Zone,,
242,166,Tol Fuin,tol_fuin,1,OCEAN,NONE,Neutral Zone,UNALIGNED,,Neutral Zone,,
243,15,Tol Hîth,tol_h_th,1,FAR_HARAD (BUSHLAND),NONE,Neutral Zone,UNALIGNED,,Neutral Zone,,
244,242,Tol Morwen,tol_morwen,1,OCEAN,NONE,Neutral Zone,UNALIGNED,,Neutral Zone,,
245,282,Trollshaws,trollshaws,1,TROLLSHAWS,NONE,Neutral Zone,"DUNEDAIN, GUNDABAD, ANGMAR",,_Dayne_,,
246,178,Withywindle Valley,withywindle_valley,1,OLD_FOREST,NONE,Neutral Zone,OLD_FOREST,,Neutral Zone,,
247,112,Ashen Ford,ashen_ford,3,RHÚDEL (STEPPE),RHÚDEL,Afrobro13,RHÚDEL,,Afrobro13,,
248,265,Atalak,atalak,2,RHÚDEL,RHÚDEL,Afrobro13,RHÚDEL,,Afrobro13,,
249,202,Bazylan,bazylan,2,RHÚDEL,RHÚDEL,Afrobro13,RHÚDEL,,Afrobro13,,
250,260,Belrhuk,belrhuk,2,RHÚDEL,RHÚDEL,Afrobro13,RHÚDEL,,Afrobro13,,
251,247,Ford of Forunen,ford_of_forunen,3,RHÚDEL (STEPPE),RHÚDEL,Afrobro13,RHÚDEL,,Afrobro13,,
252,149,Karanoda,karanoda,2,RHÚDEL,RHÚDEL,Afrobro13,RHÚDEL,,Afrobro13,,
253,94,Karslan,karslan,2,RHÚDEL,RHÚDEL,Afrobro13,RHÚDEL,,Afrobro13,,
254,275,Khamûl's Tower,kham_l_s_tower,2,ERYN_GARAN,RHÚDEL,Afrobro13,RHÚDEL,,Afrobro13,,
255,108,Munbelik (Capital),munbelik_capital,3,RHÚDEL,RHÚDEL,Afrobro13,RHÚDEL,,,,
256,88,Northern Marches,northern_marches,1,RHÚDEL (STEPPE),RHÚDEL,Afrobro13,RHÚDEL,,Afrobro13,,
257,27,Pass of Rhúdel,pass_of_rh_del,2,RHÚDEL,RHÚDEL,Afrobro13,RHÚDEL,,Afrobro13,,
258,55,Rhúnost,rh_nost,2,RHÚDEL,RHÚDEL,Afrobro13,RHÚDEL,,Afrobro13,,
259,99,Southern Marches,southern_marches,1,RHÚDEL (STEPPE),RHÚDEL,Afrobro13,RHÚDEL,,Afrobro13,,
260,2,Taragal,taragal,3,RHÚDEL,RHÚDEL,Afrobro13,RHÚDEL,,Afrobro13,,
261,280,Aldburg,aldburg,2,ROHAN (EASTFOLD),ROHAN,NomadicJack9,ROHAN,Leave the Faction Locked Column alone,NomadicJack9,,
262,18,Deeping-coomb,deeping_coomb,2,ROHAN (WESTFOLD),ROHAN,NomadicJack9,ROHAN,,NomadicJack9,,
263,169,Dunharrow,dunharrow,1,WHITE_MOUNTAINS,ROHAN,NomadicJack9,GONDOR (ARNÓRIEN),,Killstreak7634,,
264,246,Eastmark,eastmark,2,ROHAN (EASTEMNET),ROHAN,NomadicJack9,ROHAN,,NomadicJack9,,
265,140,Edoras (Capital),edoras_capital,3,ROHAN (EASTFOLD),ROHAN,NomadicJack9,ROHAN,,NomadicJack9,,
266,181,Entwade,entwade,2,ROHAN (WESTEMNET),ROHAN,NomadicJack9,ROHAN,,NomadicJack9,,
267,31,Grimslade,grimslade,2,ROHAN (WESTFOLD),ROHAN,NomadicJack9,ROHAN,,NomadicJack9,,
268,193,Helm's Deep,helm_s_deep,3,ROHAN (WESTFOLD),ROHAN,NomadicJack9,ROHAN,,NomadicJack9,,
269,283,Mering Stream,mering_stream,2,ROHAN (EASTEMNET),ROHAN,NomadicJack9,ROHAN,,NomadicJack9,,
270,19,Woldhall,woldhall,1,THE_WOLD,ROHAN,NomadicJack9,ROHAN,,NomadicJack9,,
271,164,Aktun Kâh,aktun_k_h,1,FAR_HARAD_JUNGLE,TAURETHRIM,,TAURETHRIM,,,,
272,261,Lakin Pâh,lakin_p_h,1,FAR_HARAD_JUNGLE,TAURETHRIM,,TAURETHRIM,,,,
273,201,Mûmakâh,m_mak_h,1,FAR_HARAD_JUNGLE,TAURETHRIM,,TAURETHRIM,,,,
274,154,Nohoch Kâh,nohoch_k_h,1,FAR_HARAD_JUNGLE,TAURETHRIM,,TAURETHRIM,,,,
275,80,Otoch Kâh,otoch_k_h,1,FAR_HARAD_JUNGLE,TAURETHRIM,,TAURETHRIM,,,,
276,138,Pishan Kâh,pishan_k_h,1,FAR_HARAD_JUNGLE,TAURETHRIM,,TAURETHRIM,,,,
277,101,Shaman Pâh,shaman_p_h,1,FAR_HARAD_JUNGLE,TAURETHRIM,,TAURETHRIM,,,,
278,93,Tûnich Kâh,t_nich_k_h,1,FAR_HARAD_JUNGLE,TAURETHRIM,,TAURETHRIM,,,,
279,238,Ya'ash Kâh,ya_ash_k_h,1,FAR_HARAD_JUNGLE,TAURETHRIM,Neutral Zone,TAURETHRIM,,,,
280,21,Dal Minthruil (Capital),dal_minthruil_capital,3,WOODLAND_REALM,WOOD_ELF,rock_giant,WOOD_ELF,,rock_giant,,
281,83,Ellythir,ellythir,2,WOODLAND_REALM,WOOD_ELF,rock_giant,WOOD_ELF,,rock_giant,,
282,224,Enchanted River,enchanted_river,1,MIRKWOOD (NORTHERN),WOOD_ELF,rock_giant,WOOD_ELF,,rock_giant,Enchanted River,
283,50,Enduil's Gate,enduil_s_gate,2,WOODLAND_REALM,WOOD_ELF,rock_giant,WOOD_ELF,,rock_giant,,
284,273,Thranduil's Halls,thranduil_s_halls,3,WOODLAND_REALM,WOOD_ELF,rock_giant,WOOD_ELF,,rock_giant,,
