faction_id,source,entry_index,weight
hobbit,HOBBIT_SHIRRIFF,0,5
hobbit,HOBBIT_SHIRRIFF,1,3
bree,BREE_CAPTAIN,0,5
bree,BREE_CAPTAIN,1,3
dunedain,RANGER_NORTH_CAPTAIN,0,5
dunedain,RANGER_NORTH_CAPTAIN,1,3
bluemountains,BLUE_DWARF_COMMANDER,0,5
bluemountains,BLUE_DWARF_COMMANDER,1,3
highelves,HIGH_ELF_LORD,0,5
highelves,HIGH_ELF_LORD,1,3
gundabad,GUNDABAD_ORC_MERCENARY_CAPTAIN,0,5
gundabad,GUNDABAD_ORC_MERCENARY_CAPTAIN,1,3
angmar,ANGMAR_ORC_MERCENARY_CAPTAIN,0,5
angmar,ANGMAR_ORC_MERCENARY_CAPTAIN,1,3
woodelf,WOOD_ELF_CAPTAIN,0,5
woodelf,WOOD_ELF_CAPTAIN,1,3
dolguldur,DOL_GULDUR_CAPTAIN,0,5
dolguldur,DOL_GULDUR_CAPTAIN,1,3
dale,DALE_CAPTAIN,0,5
dale,DALE_CAPTAIN,1,3
durinsfolk,DWARF_COMMANDER,0,5
durinsfolk,DWARF_COMMANDER,1,3
lothlorien,ELF_LORD,0,5
lothlorien,ELF_LORD,1,3
dunland,DUNLENDING_WARLORD,0,5
dunland,DUNLENDING_WARLORD,1,3
isengard,URUK_HAI_MERCENARY_CAPTAIN,0,5
isengard,URUK_HAI_MERCENARY_CAPTAIN,1,3
fangorn,ENT,0,5
rohan,ROHIRRIM_MARSHAL,2,5
rohan,ROHIRRIM_MARSHAL,3,3
gondor,GONDORIAN_CAPTAIN,0,5
gondor,GONDORIAN_CAPTAIN,1,3
mordor,MORDOR_ORC_MERCENARY_CAPTAIN,0,5
mordor,MORDOR_ORC_MERCENARY_CAPTAIN,1,3
dorwinion,DORWINION_CAPTAIN,0,5
dorwinion,DORWINION_CAPTAIN,1,3
rhudel,EASTERLING_WARLORD,0,5
rhudel,EASTERLING_WARLORD,1,3
harad,NEAR_HARADRIM_WARLORD,0,5
harad,NEAR_HARADRIM_WARLORD,1,3
morwaith,MOREDAIN_CHIEFTAIN,0,5
morwaith,MOREDAIN_CHIEFTAIN,1,3
taurethrim,TAUREDAIN_CHIEFTAIN,0,5
taurethrim,TAUREDAIN_CHIEFTAIN,1,3
halftroll,HALF_TROLL_WARLORD,0,5
halftroll,HALF_TROLL_WARLORD,1,3
